,标题,总价格,单价,地段,小区名,房屋户型,所在楼层,建筑面积,户型结构,套内面积,建筑类型,房屋朝向,建筑结构,装修情况,梯户比例,配备电梯,楼层高度,挂牌时间,交易权属,上次交易,房屋用途,房屋年限,产权所属,抵押信息,房本备件,核心卖点,小区介绍,税费解析,周边配套,适宜人群,交通出行,别墅类型,售房详情,户型介绍,权属抵押,装修描述
0,段好，交通方便，出门公交、地铁。旁边菜场、公园。,110万,11663,经开区遥观镇,新城和昱,3室2厅0厨1卫,低楼层 (共17层),94.32㎡,平层,暂无数据,暂无数据,南,未知结构,毛坯,暂无数据,暂无数据,暂无数据,2022-04-06,商品房,2020-02-29,普通住宅,暂无数据,共有,无抵押,已上传房本照片,地段好，交通方便，出门公交、旁边菜场、公园旁,小区地理位置佳，绿化多，居民素质高 配套：有健身器材，小型篮球场，可供小区居民使用 车位：停车位充足，建有地上停车场和地下车库 保安：小区内24小时保安巡逻,"税费分析 1、契税：首套房，90平米以下成交价的1％，90平米以上成交价的1.5％, 二套房90平以上成交价的2%，三套3% 2、增值税：产证满2年免收增值税，未满2年征收5.6％ 3、个税：产证满五年而且是一套住房，免收个税，未满5年成交价的1%",配套齐全，与祥龙绿地公园一路之隔，人文环境好， 楼下儿童游乐场，健身器材， 菜市场，公园，公交站等配套齐全,,,,,,,
1,此小区配套齐全有菜场，生活、交通便利,105万,5950,经开区遥观镇,宋剑湖家园,6室1厅1厨2卫,高楼层 (共5层),176.48㎡,复式,暂无数据,板楼,南,钢混结构,简装,暂无数据,暂无数据,暂无数据,2023-09-11,商品房,暂无数据,普通住宅,暂无数据,共有,无抵押,未上传房本照片,该房源配套齐全，有菜场小区内停车方便,,一、契税1）如果是首套房，且住宅面积不大于90㎡的，契税缴纳比例1%；住宅面积大于90㎡，契税缴纳为1.5%。2）如果是二套房，且住宅面积不大于90㎡，契税为1%；大于90㎡，契税为2%。3）三套一律按3%缴纳契税,,该房源配套齐全，有菜场小区内停车方便有，邻里关系融洽安好，适合上班族,根据高德地图显示有62路319路69路230路公交车站，道路宽敞适合有车出行人士。,,,,,
2,临津花园 80.22-平2房 生活方便,85万,10596,经开区遥观镇,临津花园,2室1厅1厨1卫,高楼层 (共33层),80.22㎡,平层,暂无数据,板塔结合,南,钢混结构,精装,四梯四户,有,暂无数据,2022-10-13,商品房,2020-04-16,普通住宅,暂无数据,共有,无抵押,已上传房本照片,此小区配套齐全有菜场，新城物业品质有保障,,"1）如果是首套房，且住宅面积不大于90㎡的，契税缴纳比例1%；住宅面积大于90㎡，契税缴纳为1.5%。

2）如果是二套房，且住宅面积不大于90㎡，契税为1%；大于90㎡，契税为2%。

3）三套一律按3%缴纳契税。",,该房源配套齐全，有菜场小区内停车方便有新能源充电桩。邻里关系融洽治安好，适合上班族。,根据高德地图显示有62路319路69路230路公交车站，道路宽敞适合有车出行人士。,,,,,
3,临津花园80平2房，生活方便。,85万,10479,经开区遥观镇,临津花园,2室1厅1厨1卫,高楼层 (共27层),81.12㎡,平层,61.35㎡,暂无数据,南,未知结构,简装,暂无数据,暂无数据,暂无数据,2023-07-20,商品房,2020-04-03,普通住宅,暂无数据,共有,无抵押,已上传房本照片,此小区配套齐全有菜场，新城物业品质有保障。,,"一、契税

1）如果是首套房，且住宅面积不大于90㎡的，契税缴纳比例1%；住宅面积大于90㎡，契税缴纳为1.5%。

2）如果是二套房，且住宅面积不大于90㎡，契税为1%；大于90㎡，契税为2%。

3）三套一律按3%缴纳契税。",,该房源配套齐全，有菜场小区内停车方便有新能源充电桩。邻里关系融洽治安好，适合上班族。,根据高德地图显示有62路319路69路230路公交车站，道路宽敞适合有车出行人士。,,,,,
4,临津花园 80平2房 生活方便,82万,10222,经开区遥观镇,临津花园,2室1厅1厨1卫,中楼层 (共33层),80.22㎡,平层,暂无数据,暂无数据,南,未知结构,毛坯,暂无数据,暂无数据,暂无数据,2022-10-13,商品房,2020-07-13,普通住宅,暂无数据,共有,有抵押,已上传房本照片,此小区配套齐全有菜场，新城物业品质有保障。,,"一、契税

1）如果是首套房，且住宅面积不大于90㎡的，契税缴纳比例1%；住宅面积大于90㎡，契税缴纳为1.5%。

2）如果是二套房，且住宅面积不大于90㎡，契税为1%；大于90㎡，契税为2%。

3）三套一律按3%缴纳契税。",,该房源配套齐全，有菜场小区内停车方便有新能源充电桩。邻里关系融洽治安好，适合上班族。,根据高德地图显示有62路319路69路230路公交车站，道路宽敞适合有车出行人士。,,,,,
5,观景苑大平方住宅精装房。。。。。,199万,9618,经开区遥观镇,观景苑,5室1厅1厨2卫,低楼层 (共3层),206.91㎡,,暂无数据,,南,未知结构,精装,,,暂无数据,2023-09-04,商品房,2023-09-04,别墅,未满两年,共有,无抵押,已上传房本照片,小区生活实施齐全，商场，菜市场，银行等。 2：小区内有健.....,,契税：A首套 90平以下1% B首套 90平以上1.5% C二套90平以下1% D二套90平以上2% E三套都是3% 增值税：满两年免征 不满2年权 额征收5.3% 个人所得税：不满5年或不唯一征1%,,,,暂无数据,业主现在卖房改善换房，房子已经跟我看好，故诚心出售， 随时可以看房，业主随时可以签约，价格可商谈,户型周正，格局分布合理，空间感好，通透性强，居住舒适； 楼层佳，朝向南北，视野开阔，采光透亮,,
6,临津花园 120平3房 生活方便,122.2万,10184,经开区遥观镇,临津花园,3室2厅1厨2卫,中楼层 (共27层),120㎡,平层,暂无数据,暂无数据,南,未知结构,简装,暂无数据,暂无数据,暂无数据,2022-10-20,商品房,暂无数据,普通住宅,暂无数据,非共有,无抵押,未上传房本照片,此小区配套齐全有菜场，新城物业品质有保障,,"一、契税

1）如果是首套房，且住宅面积不大于90㎡的，契税缴纳比例1%；住宅面积大于90㎡，契税缴纳为1.5%。

2）如果是二套房，且住宅面积不大于90㎡，契税为1%；大于90㎡，契税为2%。

3）三套一律按3%缴纳契税。",,该房源配套齐全，有菜场小区内停车方便有新能源充电桩。邻里关系融洽治安好，适合上班族。,根据高德地图显示有62路319路69路230路公交车站，道路宽敞适合有车出行人士。,,,,,
7,此小区配套齐全有菜场，物业品质有保障,120万,13484,经开区遥观镇,昱湖上观,3室2厅1厨1卫,低楼层 (共11层),89㎡,平层,暂无数据,暂无数据,南,未知结构,毛坯,暂无数据,暂无数据,暂无数据,2023-07-25,商品房,暂无数据,普通住宅,暂无数据,非共有,无抵押,未上传房本照片,此小区配套齐全有菜场，物业品质有保障,小区生活设施齐，商场、菜市场、银行等，交通便捷； 2、小区内有健身器材，小型篮球场，可供小区居民使用； 3、小区内停车位充足，建有地上停车场和地下车库； 4、小区内24小时保安巡逻,此房税费解析：契税：首套 90平以下1% 二套90平以下1% 三套都是3% 增值税：满两年免征 个人所得税：满5年却不是唯一住房征1% 房主自荐(业主对房源的描述),,,,,,户型周正，格局分布合理，空间感好，通透性强，居住舒适 2.楼层佳，南北朝向，视野开阔，采光通透 3.小区环境优美，绿化覆盖面积多，干净整洁，内有健身器材和小型娱乐设施。物业服务态度好,,
8,此小区配套齐全有菜场，新城物业品质有保障。,70万,8727,经开区遥观镇,临津花园,2室1厅1厨1卫,低楼层 (共33层),80.22㎡,平层,暂无数据,板塔结合,南,钢混结构,毛坯,四梯四户,有,暂无数据,2022-12-15,商品房,2022-06-14,普通住宅,未满两年,非共有,无抵押,已上传房本照片,此小区配套齐全有菜场，新城物业品质有保障。,,一、契税 1）如果是首套房，且住宅面积不大于90㎡的，契税缴纳比例1%；住宅面积大于90㎡，契税缴纳为1.5%。 2）如果是二套房，且住宅面积不大于90㎡，契税为1%；大于90㎡，契税为2%。 3）三套一律按3%缴纳契税。,,该房源配套齐全，有菜场小区内停车方便有新能源充电桩，邻里关系融洽安好，适合上班族。,根据高德地图显示有62路319路69路230路公交车站，道路宽敞适合有车出行人士。,,,,,
9,昱湖上观128平4房，生活方便。,175万,13672,经开区遥观镇,昱湖上观,4室2厅1厨2卫,中楼层 (共13层),128㎡,平层,暂无数据,暂无数据,南,未知结构,毛坯,暂无数据,暂无数据,暂无数据,2023-05-13,商品房,暂无数据,普通住宅,暂无数据,非共有,无抵押,未上传房本照片,此小区配套齐全有菜场，物业品质有保障。,,"一、契税

1）如果是首套房，且住宅面积不大于90㎡的，契税缴纳比例1%；住宅面积大于90㎡，契税缴纳为1.5%。

2）如果是二套房，且住宅面积不大于90㎡，契税为1%；大于90㎡，契税为2%。

3）三套一律按3%缴纳契税。",,该房源配套齐全，有菜场小区内停车方便有新能源充电桩。邻里关系融洽治安好，适合上班族。,有城市环保自行车、多方向的公交车，很多主路，咱们出行都很便利,,,,,
10,精装修，客厅挑高 楼层好，仙湖公园旁。,160万,12031,经开区遥观镇,观澜云庭,3室2厅1厨2卫,低楼层 (共11层),133㎡,平层,暂无数据,板楼,南,钢混结构,精装,两梯两户,有,暂无数据,2021-07-24,商品房,暂无数据,普通住宅,暂无数据,共有,无抵押,未上传房本照片,精装修，客厅挑高 楼层好，仙湖公园旁。,1：小区生活实施齐全，商场，菜市场，银行等。 2：小区内有健身器材，小型篮球场，可供小区居民使用。 3：小区停车位充足，建有地面临时停车位以及底下停车位。 4：小区内24小时保安巡逻,契税：A首套 90平以下1% B首套 90平以上1.5% C二套90平以下1% D二套90平以上2% E三套都是3% 增值税：满两年免征 不满2年权.额征收5.6% 个人所得税：不满5年征1%,,,,,,房子是70年产权的住宅，户型方正，带阳台，每个功能间都是有窗户的，采光充足。楼层也是中高层，没有遮挡。,,
11,戚墅堰商住中心 3室2厅 南,135万,10378,经开区遥观镇,戚墅堰商住中心,3室2厅1厨2卫,高楼层 (共6层),130.09㎡,平层,暂无数据,板楼,南,钢混结构,精装,暂无数据,暂无数据,暂无数据,2021-08-06,商品房,暂无数据,普通住宅,暂无数据,共有,有抵押 17万元 工商银行 业主自还,未上传房本照片,,,,,,,,,,,
12,观景苑 4室2厅 南,300万,13101,经开区遥观镇,观景苑,4室2厅1厨2卫,低楼层 (共2层),229㎡,,暂无数据,,南,未知结构,简装,,,暂无数据,2023-08-07,商品房,暂无数据,别墅,暂无数据,共有,无抵押,未上传房本照片,,,,,,,暂无数据,,,,
13,丰乐花苑 阳光房出售 楼层佳 视野开阔 阳光沐浴,118万,6782,经开区遥观镇,丰乐花苑,5室2厅1厨2卫,高楼层 (共6层),174㎡,复式,暂无数据,板楼,南,钢混结构,简装,暂无数据,暂无数据,暂无数据,2020-09-21,商品房,暂无数据,普通住宅,暂无数据,共有,无抵押,未上传房本照片,此房格局通透，户型佳，视野开阔，看房方便，证件齐，诚心出售,1.户型周正，格局分布合理，空间感好，通透性强，居住舒适 2.楼层佳，南北朝向，视野开阔，采光通透 3.小区环境优美，绿化覆盖面积多，干净整洁，内有健身器材和小型娱乐设施。物业服务态度好。,"1、契税：首套房，90平米以下成交价的1％，90平米以上成交价的1.5％, 二套房90平以上成交价的2%,2、增值税：产证满2年免收增值税，未满2年征收5.3％； 3、个税：产证满五年而且是唯 一套住房，免收个税，未满5年成交价的1%",,,,,,,此房产权清晰，房源真实，业主诚心出售，看房方便，过户全程陪同,
14,临津花园 121平3房· 生活方便,130万,10744,经开区遥观镇,临津花园,3室2厅1厨1卫,中楼层 (共33层),121㎡,平层,暂无数据,暂无数据,南,未知结构,毛坯,暂无数据,暂无数据,暂无数据,2022-10-13,商品房,暂无数据,普通住宅,暂无数据,非共有,无抵押,未上传房本照片,此小区配套齐全有菜场，新城物业品质有保障。,,"一、契税

1）如果是首套房，且住宅面积不大于90㎡的，契税缴纳比例1%；住宅面积大于90㎡，契税缴纳为1.5%。

2）如果是二套房，且住宅面积不大于90㎡，契税为1%；大于90㎡，契税为2%。

3）三套一律按3%缴纳契税。",,该房源配套齐全，有菜场小区内停车方便有新能源充电桩。邻里关系融洽治安好，适合上班族。,根据高德地图显示有62路319路69路230路公交车站，道路宽敞适合有车出行人士。,,,,,
15,临津花园 120平3房 生活方便,118万,9712,经开区遥观镇,临津花园,3室2厅1厨2卫,高楼层 (共27层),121.5㎡,平层,暂无数据,暂无数据,南,未知结构,毛坯,暂无数据,暂无数据,暂无数据,2022-10-20,商品房,暂无数据,普通住宅,暂无数据,非共有,无抵押,未上传房本照片,此小区配套齐全有菜场，新城物业品质有保障,,"一、契税

1）如果是首套房，且住宅面积不大于90㎡的，契税缴纳比例1%；住宅面积大于90㎡，契税缴纳为1.5%。

2）如果是二套房，且住宅面积不大于90㎡，契税为1%；大于90㎡，契税为2%。

3）三套一律按3%缴纳契税。",,该房源配套齐全，有菜场小区内停车方便有新能源充电桩。邻里关系融洽治安好，适合上班族。,根据高德地图显示有62路319路69路230路公交车站，道路宽敞适合有车出行人士。,,,,,
16,临津花园 121平3房 生活方便,150万,12397,经开区遥观镇,临津花园,3室2厅1厨2卫,低楼层 (共27层),121㎡,平层,暂无数据,暂无数据,南,未知结构,精装,暂无数据,暂无数据,暂无数据,2022-10-13,商品房,暂无数据,普通住宅,暂无数据,非共有,无抵押,未上传房本照片,此小区配套齐全有菜场，新城物业品质有保障。,,"一、契税

1）如果是首套房，且住宅面积不大于90㎡的，契税缴纳比例1%；住宅面积大于90㎡，契税缴纳为1.5%。

2）如果是二套房，且住宅面积不大于90㎡，契税为1%；大于90㎡，契税为2%。

3）三套一律按3%缴纳契税。",,该房源配套齐全，有菜场小区内停车方便有新能源充电桩。邻里关系融洽治安好，适合上班族。,根据高德地图显示有62路319路69路230路公交车站，道路宽敞适合有车出行人士。,,,,,
17,临津花园120平3房，生活方便！,149万,12114,经开区遥观镇,临津花园,3室2厅1厨2卫,中楼层 (共27层),123㎡,平层,暂无数据,暂无数据,南,钢混结构,精装,四梯四户,有,暂无数据,2022-12-04,商品房,暂无数据,普通住宅,暂无数据,非共有,无抵押,未上传房本照片,此小区配套齐全有菜场，新城物业品质有保障,,"一、契税

1）如果是首套房，且住宅面积不大于90㎡的，契税缴纳比例1%；住宅面积大于90㎡，契税缴纳为1.5%。

2）如果是二套房，且住宅面积不大于90㎡，契税为1%；大于90㎡，契税为2%。

3）三套一律按3%缴纳契税。",,该房源配套齐全，有菜场小区内停车方便有新能源充电桩。邻里关系融洽治安好，适合上班族,根据高德地图显示有62路319路69路230路公交车站，道路宽敞适合有车出行人士。,,,,,
18,遥光宸园92平3房，生活方便。,118万,12831,经开区遥观镇,遥光辰苑,3室2厅1厨1卫,低楼层 (共27层),91.97㎡,平层,暂无数据,暂无数据,南,未知结构,毛坯,暂无数据,暂无数据,暂无数据,2023-07-23,商品房,2022-04-15,普通住宅,未满两年,非共有,无抵押,已上传房本照片,使用面积很多 ，房东诚心出售，价格从优,,"一、契税

1）如果是首套房，且住宅面积不大于90㎡的，契税缴纳比例1%；住宅面积大于90㎡，契税缴纳为1.5%。

2）如果是二套房，且住宅面积不大于90㎡，契税为1%；大于90㎡，契税为2%。

3）三套一律按3%缴纳契税。",,该房源配套齐全，有菜场小区内停车方便有新能源充电桩。邻里关系融洽治安好，适合上班族。,根据高德地图显示有62路319路69路230路公交车站，道路宽敞适合有车出行人士。,,,,,
19,~~临津花园80平2房，生活方便。,85万,10625,经开区遥观镇,临津花园,2室1厅1厨1卫,低楼层 (共27层),80㎡,平层,暂无数据,暂无数据,南,未知结构,精装,暂无数据,暂无数据,暂无数据,2023-07-25,商品房,暂无数据,普通住宅,暂无数据,非共有,无抵押,未上传房本照片,使用面积很多 ，房东诚心出售，价格从优,,"一、契税

1）如果是首套房，且住宅面积不大于90㎡的，契税缴纳比例1%；住宅面积大于90㎡，契税缴纳为1.5%。

2）如果是二套房，且住宅面积不大于90㎡，契税为1%；大于90㎡，契税为2%。

3）三套一律按3%缴纳契税。",,该房源配套齐全，有菜场小区内停车方便有新能源充电桩。邻里关系融洽治安好，适合上班族。,根据高德地图显示有62路319路69路230路公交车站，道路宽敞适合有车出行人士。,,,,,
20,临津花园120平3房，生活方便。,110万,9167,经开区遥观镇,临津花园,3室2厅1厨2卫,高楼层 (共27层),120㎡,平层,暂无数据,板塔结合,南,混合结构,毛坯,暂无数据,无,暂无数据,2022-10-13,商品房,暂无数据,普通住宅,暂无数据,非共有,无抵押,未上传房本照片,此小区配套齐全有菜场，新城物业品质有保障。,,"一、契税

1）如果是首套房，且住宅面积不大于90㎡的，契税缴纳比例1%；住宅面积大于90㎡，契税缴纳为1.5%。

2）如果是二套房，且住宅面积不大于90㎡，契税为1%；大于90㎡，契税为2%。

3）三套一律按3%缴纳契税。",,该房源配套齐全，有菜场小区内停车方便有新能源充电桩，邻里关系融洽安好，适合上班族。,根据高德地图显示有62路319路69路230路公交车站，道路宽敞适合有车出行人士。,,,,,
21,临津花园80平2房，生活方便。,75万,9350,经开区遥观镇,临津花园,2室1厅1厨1卫,高楼层 (共33层),80.22㎡,平层,暂无数据,板塔结合,南,钢混结构,毛坯,四梯四户,有,暂无数据,2023-02-04,商品房,2023-01-03,普通住宅,未满两年,共有,无抵押,已上传房本照片,此小区配套齐全有菜场，新城物业品质有保障,,"一、契税

1）如果是首套房，且住宅面积不大于90㎡的，契税缴纳比例1%；住宅面积大于90㎡，契税缴纳为1.5%。

2）如果是二套房，且住宅面积不大于90㎡，契税为1%；大于90㎡，契税为2%。

3）三套一律按3%缴纳契税。",,该房源配套齐全，有菜场小区内停车方便有新能源充电桩。邻里关系融洽治安好，适合上班族,根据高德地图显示有62路319路69路230路公交车站，道路宽敞适合有车出行人士。,,,,,
22,房子采光通透柔和， 布局合理，空间很大。,145万,12577,经开区遥观镇,遥光辰苑,3室2厅1厨1卫,中楼层 (共27层),115.29㎡,平层,暂无数据,板楼,南,未知结构,毛坯,暂无数据,暂无数据,暂无数据,2023-07-14,商品房,2023-07-15,普通住宅,未满两年,共有,有抵押,已上传房本照片,小区环境优美，低密度社区，让人充分享受生活的美和惬意的生活。,,1）如果是首套房，且住宅面积不大于90㎡的，契税缴纳比例1%；住宅面积大于90㎡，契税缴纳为1.5%。 2）如果是二套房，且住宅面积不大于90㎡，契税为1%；大于90㎡，契税为2%。 3）三套一律按3%缴纳契税。,,既能是小哥哥小姐姐的婚房，也是家庭和睦其乐融融的港湾，宜居也宜家。,可以有公交69路，230路，62路等路线站台，地方还有共享单车。,,,,,
23,临津花园80平2房，生活方便。,85万,10625,经开区遥观镇,临津花园,2室1厅1厨1卫,低楼层 (共32层),80㎡,平层,暂无数据,暂无数据,南,未知结构,简装,暂无数据,暂无数据,暂无数据,2022-10-13,商品房,暂无数据,普通住宅,暂无数据,非共有,无抵押,未上传房本照片,此小区配套齐全有菜场，新城物业品质有保障。,,"一、契税

1）如果是首套房，且住宅面积不大于90㎡的，契税缴纳比例1%；住宅面积大于90㎡，契税缴纳为1.5%。

2）如果是二套房，且住宅面积不大于90㎡，契税为1%；大于90㎡，契税为2%。

3）三套一律按3%缴纳契税。",,该房源配套齐全，有菜场小区内停车方便有新能源充电桩，邻里关系融洽安好，适合上班族。,根据高德地图显示有62路319路69路230路公交车站，道路宽敞适合有车出行人士。,,,,,
24,户型方正，空间感好，通透性好，居住舒适。楼层佳,42万,7044,经开区遥观镇,站北新村,2室1厅1厨1卫,低楼层 (共4层),59.63㎡,平层,暂无数据,板楼,北 南,钢混结构,精装,暂无数据,暂无数据,暂无数据,2023-10-13,商品房,2023-03-28,普通住宅,未满两年,共有,无抵押,已上传房本照片,户型方正，空间感好，通透性好，居住舒适。楼层佳,,90平以下首套二套1%，三套及以上3%90平以上首套1.5%，二套2%，三套及以上3%2：个税：全额的1%，满五年套住宅免征3：税：不满两年5.3%，满两年免征此房满五年，没有增值税，只有个人所得税和契税,,,有城市环保自行车、多方向的公交车，很多主路，咱们出行都很便利 房主自荐(业主对房源的描述),,,,此房产权清晰，房源真实，业主诚心出售，看房方便，过户全程陪同,
25,戚厂工房南区 2室1厅 南,35万,7029,经开区遥观镇,戚厂工房南区,2室1厅1厨1卫,高楼层 (共6层),49.8㎡,平层,暂无数据,板楼,南,钢混结构,简装,暂无数据,暂无数据,暂无数据,2023-04-14,商品房,暂无数据,普通住宅,暂无数据,共有,无抵押,未上传房本照片,,,,,,,,,,,
26,房子简单装修 看房方便 个人产权产权清晰无贷款,48万,7485,经开区遥观镇,戚厂工房南区,2室1厅1厨1卫,中楼层 (共6层),64.13㎡,平层,暂无数据,板楼,南,钢混结构,简装,暂无数据,暂无数据,暂无数据,2024-03-08,商品房,2024-03-08,普通住宅,未满两年,共有,无抵押,已上传房本照片,房子简单装修 看房方便 个人产权产权清晰无贷款,,,,,,,售房原因：业主原来在房子里居住，现在更换居住地，所以诚售 无贷款、产权清晰，个人产权，买房手续简单省心,工房南区房龄还行，装修是简单装修。这套房子在2楼，老人居住上下也方便得,贷款抵押：房子无贷款无抵押 产权清晰 个人房产 无任何纠纷隐患。,
27,得房率高房子品质高使用面积很多房东诚心出售价格从优,170万,8485,经开区遥观镇,福鑫园,4室2厅1厨2卫,高楼层 (共8层),200.36㎡,复式,暂无数据,板楼,南 北,钢混结构,精装,暂无数据,暂无数据,暂无数据,2024-03-07,商品房,2016-07-08,普通住宅,满五年,共有,无抵押,已上传房本照片,得房率高，房子品质高，使用面积很多 ，房东诚心出售，价格从优,此小区配套齐全有菜场，物业品质有保障，安保24小时在岗！小区内有运动设施！,一、契税 1）如果是首套房，且住宅面积不大于90㎡的，契税缴纳比例1%；住宅面积大于90㎡，契税缴纳为1.5%。 2）如果是二套房，且住宅面积不大于90㎡，契税为1%；大于90㎡，契税为2%。 3）三套一律按3%缴纳契税。,,该房源配套齐全，有菜场小区内停车方便有新能源充电桩。邻里关系融洽治安好，适合上班族。,有城市环保自行车、多方向的公交车，很多主路，咱们出行都很便利 房主自荐(业主对房源的描述),,,,,
28,使用面积很多 ，房东诚心出售，价格从优,113万,15529,经开区遥观镇,昱湖上观,2室1厅1厨1卫,低楼层 (共13层),72.77㎡,平层,暂无数据,暂无数据,南,未知结构,精装,暂无数据,暂无数据,暂无数据,2024-01-10,商品房,2023-07-03,普通住宅,未满两年,共有,无抵押,已上传房本照片,使用面积很多 ，房东诚心出售，价格从优,,一、契税 1）如果是首套房，且住宅面积不大于90㎡的，契税缴纳比例1%；住宅面积大于90㎡，契税缴纳为1.5%。 2）如果是二套房，且住宅面积不大于90㎡，契税为1%；大于90㎡，契税为2%。 3）三套一律按3%缴纳契税。,,该房源配套齐全，有菜场小区内停车方便有新能源充电桩。邻里关系融洽治安好，适合上班族。,根据高德地图显示有62路319路69路230路公交车站，道路宽敞适合有车出行人士。,,,,,
29,临津花园两房，户型方正，采光好，房东诚心出售,75万,9282,经开区遥观镇,临津花园,2室1厅1厨1卫,高楼层 (共32层),80.81㎡,平层,暂无数据,暂无数据,南,未知结构,毛坯,暂无数据,暂无数据,暂无数据,2024-01-31,商品房,2022-06-15,普通住宅,未满两年,非共有,无抵押,已上传房本照片,临津花园两房，户型方正，采光好，房东诚心出售,,一、契税 1）如果是首套房，且住宅面积不大于90㎡的，契税缴纳比例1%；住宅面积大于90㎡，契税缴纳为1.5%。 2）如果是二套房，且住宅面积不大于90㎡，契税为1%；大于90㎡，契税为2%。 3）三套一律按3%缴纳契税。,,该房源配套齐全，有菜场小区内停车方便有新能源充电桩。邻里关系融洽治安好，适合上班族,根据高德地图显示有62路319路69路230路公交车站，道路宽敞适合有车出行人士。,,,,,
30,：采光充足，无遮挡，视野开阔，户型周正,130万,10801,经开区遥观镇,临津花园,3室2厅1厨2卫,高楼层 (共27层),120.37㎡,暂无数据,暂无数据,暂无数据,南,未知结构,精装,暂无数据,暂无数据,暂无数据,2023-10-30,商品房,2020-04-03,普通住宅,暂无数据,非共有,无抵押,已上传房本照片,"：
格局好，采光充足，无遮挡，视野开阔，户型周正",小区生活实施齐全，商场，菜市场，银行等。2:小区内有健身器材，可供小区居民使用。3:小区停车位充足，建有地面临时停车位,契税:A:首套 90平米以下1%B:首套90平米以上1.5%C;二套90平米以下1%D:二套90平米以上2%E:三套3%2.满2年免征，不满2年全额征收5.35%3.个人 :不满5年征1%满5年且房东名下唯一住房可免,,,,,,户型周正，格局分布合理，空间感好，通透性强，居住舒适: 2、楼层佳，朝向南北，视野开阔，采光透亮:3、小区环境优美，绿化面积覆盖高，干净整洁，内有健身器材和娱乐广场，物业服务态度好,,
31,此小区配套齐全有菜场，新城物业品质有保障,115万,9020,经开区遥观镇,新城和昱,3室2厅1厨2卫,中楼层 (共17层),127.5㎡,暂无数据,暂无数据,暂无数据,南,未知结构,毛坯,暂无数据,暂无数据,暂无数据,2023-09-26,商品房,2020-07-01,普通住宅,暂无数据,非共有,无抵押,已上传房本照片,此小区配套齐全有菜场，新城物业品质有保障,,一、契税 1）如果是首套房，且住宅面积不大于90㎡的，契税缴纳比例1%；住宅面积大于90㎡，契税缴纳为1.5%。 2）如果是二套房，且住宅面积不大于90㎡，契税为1%；大于90㎡，契税为2%。 3）三套一律按3%缴纳契税。,,该房源配套齐全，有菜场小区内停车方便有新能源充电桩。邻里关系融洽治安好，适合上班族,,,房东整合资金，随时到场签约，钥匙房子物业，随时可以看房，房东愿意出一个点中介费,,,
32,得园联排别墅，生活方便！！！！！,448万,18386,经开区遥观镇,常州得园,4室2厅1厨5卫,低楼层 (共3层),243.67㎡,暂无数据,暂无数据,暂无数据,南,钢混结构,毛坯,暂无数据,暂无数据,暂无数据,2023-07-24,商品房,2021-05-12,普通住宅,暂无数据,共有,无抵押,已上传房本照片,得园 别墅 使用面积很多 ，房东诚心出售，价格从优,,"一、契税

1）如果是首套房，且住宅面积不大于90㎡的，契税缴纳比例1%；住宅面积大于90㎡，契税缴纳为1.5%。

2）如果是二套房，且住宅面积不大于90㎡，契税为1%；大于90㎡，契税为2%。

3）三套一律按3%缴纳契税。",,该房源配套齐全，有菜场小区内停车方便有新能源充电桩。邻里关系融洽治安好，适合改善族。,根据高德地图显示有62路319路69路230路公交车站，道路宽敞适合有车出行人士。,,,,,
33,~~临津花园122平3房，生活方便。,110万,8990,经开区遥观镇,临津花园,3室2厅1厨2卫,中楼层 (共33层),122.37㎡,暂无数据,暂无数据,暂无数据,南,未知结构,毛坯,暂无数据,暂无数据,暂无数据,2023-08-08,商品房,2020-03-19,普通住宅,暂无数据,共有,无抵押,已上传房本照片,得房率高，房子品质高，房东诚心出售，价格从优,,"一、契税

1）如果是首套房，且住宅面积不大于90㎡的，契税缴纳比例1%；住宅面积大于90㎡，契税缴纳为1.5%。

2）如果是二套房，且住宅面积不大于90㎡，契税为1%；大于90㎡，契税为2%。

3）三套一律按3%缴纳契税。",,该房源配套齐全，有菜场小区内停车方便有新能源充电桩。邻里关系融洽治安好，适合上班族。,有城市环保自行车、多方向的公交车，很多主路，咱们出行都很便利,,,,,
34,此房地理位置好，生活出行都很方便,149万,11622,经开区遥观镇,新城和昱,4室2厅1厨2卫,高楼层 (共18层),128.21㎡,暂无数据,暂无数据,暂无数据,南 北,未知结构,毛坯,暂无数据,暂无数据,暂无数据,2023-01-28,商品房,2020-04-14,普通住宅,暂无数据,非共有,有抵押,已上传房本照片,此房地理位置好，生活出行都很方便,,"首套房90平米以下成交价1%，90平米以上成交价1.5%，二套房90平米以下1%，以上2%,三套房不论大小均为3%。增值税分析：产证满2年免收增值税，未满两年征收5.3%;个税：产证满五年而且是唯一住房，免收个税，未满5年成交价的1%",小区环境优美，绿化较好，带有休闲设施。交通便利，道路宽阔，出行方便。生活便利，能较好地满足日常的生活需求,,,,业主诚心出售，证件齐全，欢迎看房，随时恭候，如看中房子，可以跟房东商量,,,
35,临津花园1200平3房，生活方便。,115万,9486,经开区遥观镇,临津花园,3室2厅1厨2卫,高楼层 (共27层),121.24㎡,暂无数据,暂无数据,板塔结合,南,混合结构,毛坯,暂无数据,无,暂无数据,2023-02-18,商品房,2020-03-20,普通住宅,暂无数据,非共有,无抵押,已上传房本照片,此小区配套齐全有菜场，新城物业品质有保障。,,"一、契税

1）如果是首套房，且住宅面积不大于90㎡的，契税缴纳比例1%；住宅面积大于90㎡，契税缴纳为1.5%。

2）如果是二套房，且住宅面积不大于90㎡，契税为1%；大于90㎡，契税为2%。

3）三套一律按3%缴纳契税。",,该房源配套齐全，有菜场小区内停车方便有新能源充电桩。邻里关系融洽治安好，适合上班族。,根据高德地图显示有62路319路69路230路公交车站，道路宽敞适合有车出行人士。,,,,,
36,联排大别野，你梦想中的家园！！！！！！！,600万,20333,经开区遥观镇,常州得园,5室3厅1厨3卫,低楼层 (共3层),295.09㎡,,283.14㎡,,南,钢混结构,毛坯,,,暂无数据,2023-10-01,商品房,2021-06-23,别墅,暂无数据,共有,无抵押,已上传房本照片,落地式别墅 视野开阔 采光漂亮,,,,适合养老 生活舒适 适合上班族 倾向于家庭为单位的房子，成功人士的选择！！！！,根据高德地图显示有62路319路69路230路公交车站，道路宽敞适合有车出行人士。,暂无数据,,,房东全款购房，无抵押情况，产权明晰，放心购房！！！！！！！！！！！！,
37,得园 243.67平5房 生活方便,448万,18385,经开区遥观镇,常州得园,5室2厅1厨3卫,低楼层 (共3层),243.68㎡,,暂无数据,,南,未知结构,毛坯,,,暂无数据,2022-10-13,商品房,2021-05-12,别墅,暂无数据,共有,有抵押 100万元 中国农业银行 业主自还,已上传房本照片,此小区配套齐全有菜场，物业品质有保障。,,"一、契税

1）如果是首套房，且住宅面积不大于90㎡的，契税缴纳比例1%；住宅面积大于90㎡，契税缴纳为1.5%。

2）如果是二套房，且住宅面积不大于90㎡，契税为1%；大于90㎡，契税为2%。

3）三套一律按3%缴纳契税。",,该房源配套齐全，有菜场小区内停车方便。邻里关系融洽治安好，适合改善型的客户,根据高德地图显示有62路319路69路230路公交车站，道路宽敞适合有车出行人,暂无数据,,,,
38,得房率高，房子品质高，房东诚心出售,98万,7548,经开区遥观镇,宋剑湖家园,4室2厅1厨2卫,中楼层 (共5层),129.84㎡,暂无数据,暂无数据,暂无数据,南,未知结构,简装,暂无数据,暂无数据,暂无数据,2023-05-26,商品房,2020-11-18,普通住宅,暂无数据,非共有,有抵押,已上传房本照片,得房率高，房子品质高，使用面积很多 ，房东诚心出售，价格从优,此小区配套齐全有菜场，物业品质有保障，安保24小时在岗！小区内有运动设施！,一、契税 1）如果是首套房，且住宅面积不大于90㎡的，契税缴纳比例1%；住宅面积大于90㎡，契税缴纳为1.5%。 2）如果是二套房，且住宅面积不大于90㎡，契税为1%；大于90㎡，契税为2%。 3）三套一律按3%缴纳契税。,,该房源配套齐全，有菜场小区内停车方便有新能源充电桩。邻里关系融洽治安好，适合上班族。,有城市环保自行车、多方向的公交车，很多主路，咱们出行都很便利 房主自荐(业主对房源的描述),,,,,
39,小区生活实施齐全，小区内有健身该房源配套齐全,120万,9807,经开区遥观镇,临津花园,3室1厅1厨1卫,中楼层 (共33层),122.37㎡,暂无数据,暂无数据,暂无数据,南,未知结构,毛坯,暂无数据,暂无数据,暂无数据,2023-05-16,商品房,2020-10-23,普通住宅,暂无数据,共有,无抵押,已上传房本照片,小区生活实施齐全，小区内有健身该房源配套齐全，有菜场。,,）如果是首套房，且住宅面积不大于90㎡的，契税缴纳比例1%；住宅面积大于90㎡，契税缴纳为1.5%。 2）如果是二套房，且住宅面积不大于90㎡，契税为1%；大于90㎡，契税为2%。 3）三套一律按3%缴纳契税,,该房源配套齐全，有菜场小区内停车方便有新能源充电桩。邻里关系融洽治安好，适合上班族。,有城市环保自行车、多方向的公交车，很多主路，咱们出行都很便利,,,,,
40,此小区配套齐全有菜场，新城物业品质有保障,135万,9972,经开区遥观镇,新城和昱文萃苑,3室2厅1厨2卫,低楼层 (共18层),135.39㎡,暂无数据,105.77㎡,板塔结合,南,未知结构,毛坯,两梯两户,有,暂无数据,2023-06-06,商品房,2020-04-29,普通住宅,暂无数据,共有,有抵押,已上传房本照片,此小区配套齐全有菜场，新城物业品质有保障,,一、契税 1）如果是首套房，且住宅面积不大于90㎡的，契税缴纳比例1%；住宅面积大于90㎡，契税缴纳为1.5%。 2）如果是二套房，且住宅面积不大于90㎡，契税为1%；大于90㎡，契税为2%。 3）三套一律按3%缴纳契税。,,该房源配套齐全，有菜场小区内停车方便有新能源充电桩。邻里关系融洽治安好，适合上班族。,,,房东整合资金，随时到场签约，钥匙房子物业，随时可以看房，房东愿意出一个点中介费,,,
41,新城和昱文萃苑 3室2厅 南,145万,10741,经开区遥观镇,新城和昱文萃苑,3室2厅1厨2卫,中楼层 (共18层),135㎡,暂无数据,105.77㎡,板塔结合,南,未知结构,毛坯,暂无数据,暂无数据,暂无数据,2023-05-13,商品房,2020-03-26,普通住宅,暂无数据,共有,有抵押,已上传房本照片,,,,,,,,,,,
42,~~临津花园80平2房，生活方便。,125万,10311,经开区遥观镇,临津花园,3室2厅1厨2卫,中楼层 (共27层),121.24㎡,暂无数据,暂无数据,暂无数据,南,未知结构,简装,暂无数据,暂无数据,暂无数据,2023-03-20,商品房,2020-03-19,普通住宅,暂无数据,非共有,无抵押,已上传房本照片,此小区配套齐全有菜场，新城物业品质有保障。,,"一、契税

1）如果是首套房，且住宅面积不大于90㎡的，契税缴纳比例1%；住宅面积大于90㎡，契税缴纳为1.5%。

2）如果是二套房，且住宅面积不大于90㎡，契税为1%；大于90㎡，契税为2%。

3）三套一律按3%缴纳契税。",,该房源配套齐全，有菜场小区内停车方便有新能源充电桩。邻里关系融洽治安好，适合上班族。,根据高德地图显示有62路319路69路230路公交车站，道路宽敞适合有车出行人士。,,,,,
43,观澜云庭107平3房 生活方便,138万,12580,经开区遥观镇,观澜云庭,3室2厅1厨1卫,中楼层 (共11层),109.7㎡,暂无数据,暂无数据,板楼,南,钢混结构,精装,两梯两户,有,暂无数据,2022-11-06,商品房,2020-05-08,普通住宅,暂无数据,共有,无抵押,已上传房本照片,此小区配套齐全有菜场，物业品质有保障。,,"一、契税

1）如果是首套房，且住宅面积不大于90㎡的，契税缴纳比例1%；住宅面积大于90㎡，契税缴纳为1.5%。

2）如果是二套房，且住宅面积不大于90㎡，契税为1%；大于90㎡，契税为2%。

3）三套一律按3%缴纳契税。",,该房源配套齐全，有菜场小区内停车方便有新能源充电桩。邻里关系融洽治安好，适合上班族。,根据高德地图显示有62路319路69路230路公交车站，道路宽敞适合有车出行人士。,,,,,
44,临津花园120平3房，生活方便。,125万,10155,经开区遥观镇,临津花园,3室2厅1厨2卫,中楼层 (共32层),123.1㎡,暂无数据,暂无数据,暂无数据,南,未知结构,简装,暂无数据,暂无数据,暂无数据,2023-03-17,商品房,2020-03-19,普通住宅,暂无数据,非共有,无抵押,已上传房本照片,此小区配套齐全有菜场，新城物业品质有保障,,"一、契税

1）如果是首套房，且住宅面积不大于90㎡的，契税缴纳比例1%；住宅面积大于90㎡，契税缴纳为1.5%。

2）如果是二套房，且住宅面积不大于90㎡，契税为1%；大于90㎡，契税为2%。

3）三套一律按3%缴纳契税。",,该房源配套齐全，有菜场小区内停车方便有新能源充电桩。邻里关系融洽治安好，适合上班族。,根据高德地图显示有62路319路69路230路公交车站，道路宽敞适合有车出行人士。,,,,,
45,新城和昱141平三房，生活方便,155万,10952,经开区遥观镇,新城和昱,3室2厅1厨2卫,高楼层 (共18层),141.53㎡,暂无数据,暂无数据,暂无数据,南,未知结构,精装,暂无数据,暂无数据,暂无数据,2023-10-17,商品房,2020-01-26,普通住宅,暂无数据,共有,无抵押,已上传房本照片,小区内有健身器材，小型篮球场，可供小区居民使用。,,"、契税

1）如果是首套房，且住宅面积不大于90㎡的，契税缴纳比例1%；住宅面积大于90㎡，契税缴纳为1.5%。

2）如果是二套房，且住宅面积不大于90㎡，契税为1%；大于90㎡，契税为2%。

3）三套一律按3%缴纳契税。",,该房源配套齐全，有菜场小区内停车方便有新能源充电桩。邻里关系融洽治安好，适合上班族。,有城市环保自行车、多方向的公交车，很多主路，咱们出行都很便利,,,,,
46,得园精装别墅，六室，出门方便。,617万,24873,经开区遥观镇,常州得园,6室2厅1厨5卫,低楼层 (共3层),248.07㎡,,暂无数据,,南,钢混结构,精装,,,暂无数据,2023-09-14,商品房,2016-06-01,别墅,暂无数据,共有,无抵押,已上传房本照片,落地式别墅 视野开阔 采光漂亮 连带家具地下室满五,,,,适合养老 生活舒适 适合上班族 倾向于家庭为单位的房子！！！！,根据高德地图显示有62路319路69路230路公交车站，道路宽敞适合有车出行人士。,联排,,,,精装修 红木家具 全格局装修花了100多万 内饰高档装修！！！！
47,南向采光好 看房有钥匙 保养新 楼层好 采光佳 地段好,90万,9324,经开区遥观镇,观景苑,3室2厅1厨1卫,高楼层 (共6层),96.53㎡,暂无数据,暂无数据,板楼,南,钢混结构,精装,暂无数据,暂无数据,暂无数据,2023-08-07,商品房,2009-04-01,普通住宅,暂无数据,共有,无抵押,已上传房本照片,南向采光好 看房有钥匙 保养新 楼层好 采光佳 地段好,小区生活实施齐全，商场，菜市场，银行等。 2：小区内有健身器材，小型篮球场，可供小区居民使用。 3：小区停车位充足，建有地面临时停车位以及底下停车位。 4：小区内24小时保安巡逻,契税：A首套 90平以下1% B首套 90平以上1.5% C二套90平以下1% D二套90平以上2% E三套都是3% 增值税：满两年免征 不满2年权 额征收5.3% 个人所得税：不满5年或不唯一征1%,,,,,业主现在卖房改善换房，房子已经跟我看好，故诚心出售， 随时可以看房，业主随时可以签约，价格可商谈,"：
户型周正，格局分布合理，空间感好，通透性强，居住舒适； 楼层佳，朝向南北，视野开阔，采光透亮",,
48,南向采光好 看房有钥匙 保养新 楼层好 采光佳 地段好,120万,8392,经开区遥观镇,观景苑,4室2厅1厨2卫,高楼层 (共6层),143㎡,暂无数据,暂无数据,板楼,南,钢混结构,精装,暂无数据,暂无数据,暂无数据,2023-08-07,商品房,2006-02-09,普通住宅,暂无数据,共有,无抵押,已上传房本照片,南向采光好 看房有钥匙 保养新 楼层好 采光佳 地段好,小区生活实施齐全，商场，菜市场，银行等。 2：小区内有健身器材，小型篮球场，可供小区居民使用。 3：小区停车位充足，建有地面临时停车位以及底下停车位。 4：小区内24小时保安巡逻。,契税：A首套 90平以下1% B首套 90平以上1.5% C二套90平以下1% D二套90平以上2% E三套都是3% 增值税：满两年免征 不满2年权 额征收5.3% 个人所得税：不满5年或不唯一征1%,,,,,业主现在卖房改善换房，房子已经跟我看好，故诚心出售， 随时可以看房，业主随时可以签约，价格可商谈,户型周正，格局分布合理，空间感好，通透性强，居住舒适； 楼层佳，朝向南北，视野开阔，采光透亮,,
49,精装修 南北向 保养新 楼层好 采光佳 地段好,138万,10492,经开区遥观镇,观景苑,3室2厅1厨2卫,中楼层 (共6层),131.54㎡,暂无数据,暂无数据,板楼,南,钢混结构,精装,暂无数据,暂无数据,暂无数据,2023-08-06,商品房,2016-08-17,普通住宅,暂无数据,非共有,无抵押,已上传房本照片,精装修 南北向  保养新 楼层好 采光佳 地段好,小区生活实施齐全，商场，菜市场，银行等。 2：小区内有健身器材，小型篮球场，可供小区居民使用。 3：小区停车位充足，建有地面临时停车位以及底下停车位。 4：小区内24小时保安巡逻。,契税：A首套 90平以下1% B首套 90平以上1.5% C二套90平以下1% D二套90平以上2% E三套都是3% 增值税：满两年免征 不满2年权 额征收5.3% 个人所得税：不满5年或不唯一征1%,小区生活设施齐，商场、菜市场、银行等，交通便捷； 小区内有健身器材，小型篮球场，可供小区居民使用； 小区内停车位充足，建有地上停车场和地下车库,,,,,"：
户型周正，格局分布合理，空间感好，通透性强，居住舒适； 楼层佳，朝向南北，视野开阔，采光透亮",,
50,此房格局通透，楼层好，视野开阔，阳光充足，看房方便,90万,6792,经开区遥观镇,圩墩新村,3室2厅1厨2卫,高楼层 (共6层),132.51㎡,暂无数据,暂无数据,板楼,南 北,钢混结构,精装,暂无数据,暂无数据,暂无数据,2023-03-30,商品房,2006-09-26,普通住宅,暂无数据,非共有,无抵押,已上传房本照片,此房格局通透，楼层好，视野开阔，阳光充足，看房方便,小区环境优美，绿化面积大，人车分流，车位充足人文素养高，乐于助人 相处和谐物业方便快捷，安保24小时巡逻，本小区设有门禁 闲杂人等不得入内,"1、契税：首套房，90平米以下成交价的1％，90平米以上成交价的1.5％, 二套房90平以上成交价的2%,2、增值税：产证满2年免收增值税，未满2年征收5.3％； 3、个税：产证满五年而且是唯 一套住房，免收个税，未满5年成交价的1%",,,,,,,此房产权清晰，房源真实，无抵押，单独拥有，业主诚心出售，放心推荐,
51,临津花园 80平2房 生活方便,90万,11153,经开区遥观镇,临津花园,2室1厅1厨1卫,中楼层 (共32层),80.7㎡,暂无数据,暂无数据,暂无数据,南,未知结构,简装,四梯四户,有,暂无数据,2022-10-13,商品房,2020-03-16,普通住宅,暂无数据,共有,无抵押,已上传房本照片,此小区配套齐全有菜场，新城物业品质有保障,,"1）如果是首套房，且住宅面积不大于90㎡的，契税缴纳比例1%；住宅面积大于90㎡，契税缴纳为1.5%。

2）如果是二套房，且住宅面积不大于90㎡，契税为1%；大于90㎡，契税为2%。

3）三套一律按3%缴纳契税。",,该房源配套齐全，有菜场小区内停车方便有新能源充电桩。邻里关系融洽治安好，适合上班族,根据高德地图显示有62路319路69路230路公交车站，道路宽敞适合有车出行人士。,,,,,
52,南向采光好 看房有钥匙 保养新 楼层好 采光佳 地段好,98万,10859,经开区遥观镇,观景苑,2室1厅1厨1卫,中楼层 (共6层),90.25㎡,暂无数据,暂无数据,板楼,南,钢混结构,精装,暂无数据,暂无数据,暂无数据,2023-08-07,商品房,2009-04-02,普通住宅,暂无数据,共有,无抵押,已上传房本照片,南向采光好 看房有钥匙 保养新 楼层好 采光佳 地段好,小区生活实施齐全，商场，菜市场，银行等。 2：小区内有健身器材，小型篮球场，可供小区居民使用。 3：小区停车位充足，建有地面临时停车位以及底下停车位。 4：小区内24小时保安巡逻,契税：A首套 90平以下1% B首套 90平以上1.5% C二套90平以下1% D二套90平以上2% E三套都是3% 增值税：满两年免征 不满2年权 额征收5.3% 个人所得税：不满5年或不唯一征1%,,,,,业主现在卖房改善换房，房子已经跟我看好，故诚心出售， 随时可以看房，业主随时可以签约，价格可商谈,户型周正，格局分布合理，空间感好，通透性强，居住舒适； 楼层佳，朝向南北，视野开阔，采光透亮,,
53,房子满两年 品质精装 户型方正 采光充裕 产权清晰,200万,15437,经开区遥观镇,新城和昱文萃苑,3室2厅1厨2卫,中楼层 (共18层),129.56㎡,暂无数据,101.22㎡,板塔结合,南 北,未知结构,精装,两梯两户,有,暂无数据,2023-03-17,商品房,2020-04-03,普通住宅,暂无数据,非共有,有抵押,已上传房本照片,房子满两年 品质精装 户型方正 采光充裕 产权清晰,,一、契税 1）如果是首套房，且住宅面积不大于90㎡的，契税缴纳比例1%；住宅面积大于90㎡，契税缴纳为1.5%。 2）如果是二套房，且住宅面积不大于90㎡，契税为1%；大于90㎡，契税为2%。 3）三套一律按3%缴纳契税。,,适宜居住在经开区改善居住品质的客户，小区安静舒适，物业完善。,小区南门有多路公交通达，开车出行也很便捷。 共享单车站点在小区门口。,,,,,
54,此房地理位置好，生活出行都很方便,178万,16122,经开区遥观镇,新城和昱林茵苑,3室2厅1厨2卫,中楼层 (共6层),110.41㎡,暂无数据,86.75㎡,暂无数据,南,未知结构,精装,暂无数据,暂无数据,暂无数据,2023-02-21,商品房,2020-03-25,普通住宅,满两年,共有,有抵押,已上传房本照片,此房地理位置好，生活出行都很方便,,"首套房90平米以下成交价1%，90平米以上成交价1.5%，二套房90平米以下1%，以上2%,三套房不论大小均为3%。增值税分析：产证满2年免收增值税，未满两年征收5.3%;个税：产证满五年而且是唯一住房，免收个税，未满5年成交价的1%",小区环境优美，绿化较好，带有休闲设施。交通便利，道路宽阔，出行方便。生活便利，能较好地满足日常的生活需求,,,,业主诚心出售，证件齐全，欢迎看房，随时恭候，如看中房子，可以跟房东商量,,,
55,业主诚心出售，欢迎看房，看中房子，可以跟房东商量,142万,11076,经开区遥观镇,新城和昱,3室2厅1厨2卫,低楼层 (共18层),128.21㎡,暂无数据,暂无数据,暂无数据,南,未知结构,毛坯,暂无数据,暂无数据,暂无数据,2023-04-15,商品房,2020-04-17,普通住宅,暂无数据,共有,无抵押,已上传房本照片,此房地理位置好，生活出行都很方便,,"首套房90平米以下成交价1%，90平米以上成交价1.5%，二套房90平米以下1%，以上2%,三套房不论大小均为3%。增值税分析：产证满2年免收增值税，未满两年征收5.3%;个税：产证满五年而且是唯一住房，免收个税，未满5年成交价的1%",小区环境优美，绿化较好，带有休闲设施。交通便利，道路宽阔，出行方便。生活便利，能较好地满足日常的生活需求,,,,业主诚心出售，证件齐全，欢迎看房，随时恭候，如看中房子，可以跟房东商量,,,
56,此小区配套齐全有菜场，新城物业品质有保障,122万,9417,经开区遥观镇,新城和昱文萃苑,3室2厅1厨2卫,低楼层 (共18层),129.56㎡,暂无数据,暂无数据,板塔结合,南,未知结构,毛坯,两梯两户,有,暂无数据,2023-03-17,商品房,2020-04-07,普通住宅,暂无数据,共有,有抵押,已上传房本照片,此小区配套齐全有菜场，新城物业品质有保障,,一、契税 1）如果是首套房，且住宅面积不大于90㎡的，契税缴纳比例1%；住宅面积大于90㎡，契税缴纳为1.5%。 2）如果是二套房，且住宅面积不大于90㎡，契税为1%；大于90㎡，契税为2%。 3）三套一律按3%缴纳契税。,,该房源配套齐全，有菜场小区内停车方便有新能源充电桩。邻里关系融洽治安好，适合上班族,,,房东整合资金，随时到场签约，钥匙房子物业，随时可以看房，房东愿意出一个点中介费,,,
57,满五唯一        房东诚售,530万,21413,经开区遥观镇,常州得园,4室3厅2厨4卫,低楼层 (共3层),247.52㎡,,237.12㎡,,南,钢混结构,精装,,,暂无数据,2023-04-12,商品房,2015-09-07,别墅,暂无数据,共有,有抵押,已上传房本照片,落地式别墅   视野开阔  采光漂亮 连带家具地下室满五唯一,,,,适合养老  生活舒适    适合上班族  倾向于家庭为单位的房子,根据高德地图显示有62路319路69路230路公交车站，道路宽敞适合有车出行人士。,联排,,,,精装修   红木家具  全格局装修花了100多万  内饰高档装修
58,临津花园 120平房 生活方便,133万,10992,经开区遥观镇,临津花园,3室2厅1厨2卫,高楼层 (共27层),121㎡,暂无数据,暂无数据,暂无数据,南,未知结构,简装,暂无数据,暂无数据,暂无数据,2022-10-19,商品房,暂无数据,普通住宅,暂无数据,共有,无抵押,未上传房本照片,此小区配套齐全有菜场，新城物业品质有保障。,,"一、契税

1）如果是首套房，且住宅面积不大于90㎡的，契税缴纳比例1%；住宅面积大于90㎡，契税缴纳为1.5%。

2）如果是二套房，且住宅面积不大于90㎡，契税为1%；大于90㎡，契税为2%。

3）三套一律按3%缴纳契税。",,该房源配套齐全，有菜场小区内停车方便有新能源充电桩。邻里关系融洽治安好，适合上班族。,根据高德地图显示有62路319路69路230路公交车站，道路宽敞适合有车出行人士,,,,,
59,通风采光很好，交通方便，商圈成熟 业主换房 看房方便,150万,14564,经开区遥观镇,遥光辰苑,3室2厅1厨1卫,中楼层 (共27层),103㎡,暂无数据,暂无数据,暂无数据,南,混合结构,毛坯,暂无数据,暂无数据,暂无数据,2023-04-28,商品房,暂无数据,普通住宅,暂无数据,非共有,无抵押,未上传房本照片,通风采光很好，交通方便，商圈成熟 业主换房 看房方便,小区生活实施齐全，商场，菜市场，银户型周正，格局分布合理，空间感好，通透性强，居住舒适: 2、楼层佳，朝向南北，视野开阔行等。2:小区内有健身器材，可供小区居民使用。3:小区停车位充足，建有地面临时停车位,契税:A:首套 90平米以下1%B:首套90平米以上1.5%C;二套90平米以下1%D:二套90平米以上2%E:三套3%2.满2年免征，不满2年全额征收5.35%3.个人 :不满5年征1%,,,,,,户型周正，格局分布合理，空间感好，通透性强，居住舒适: 2、楼层佳，朝向南北，视野开阔,,
60,临津花园 120平3房 生活方便,115万,9486,经开区遥观镇,临津花园,3室2厅1厨2卫,低楼层 (共27层),121.24㎡,暂无数据,暂无数据,暂无数据,南,未知结构,毛坯,暂无数据,暂无数据,暂无数据,2022-10-19,商品房,2022-07-01,普通住宅,未满两年,共有,无抵押,已上传房本照片,此小区配套齐全有菜场，新城物业品质有保障。,,"一、契税

1）如果是首套房，且住宅面积不大于90㎡的，契税缴纳比例1%；住宅面积大于90㎡，契税缴纳为1.5%。

2）如果是二套房，且住宅面积不大于90㎡，契税为1%；大于90㎡，契税为2%。

3）三套一律按3%缴纳契税。",,该房源配套齐全，有菜场小区内停车方便有新能源充电桩。邻里关系融洽治安好，适合上班族。,根据高德地图显示有62路319路69路230路公交车站，道路宽敞适合有车出行人士。,,,,,
61,昱湖上观花园131平4房，生活方便,210万,16051,经开区遥观镇,昱湖上观,4室2厅1厨2卫,高楼层 (共13层),130.84㎡,暂无数据,暂无数据,暂无数据,南,未知结构,毛坯,暂无数据,暂无数据,暂无数据,2023-08-12,商品房,2022-11-12,普通住宅,未满两年,共有,无抵押,已上传房本照片,户型方正，双阳台，每个功能间都是有窗户的，采光充足。,,"一、契税

1）如果是首套房，且住宅面积不大于90㎡的，契税缴纳比例1%；住宅面积大于90㎡，契税缴纳为1.5%。

2）如果是二套房，且住宅面积不大于90㎡，契税为1%；大于90㎡，契税为2%。

3）三套一律按3%缴纳契税。",,该房源配套齐全，有菜场小区内停车方便有新能源充电桩。邻里关系融洽治安好，适合上班族。,有城市环保自行车、多方向的公交车，很多主路，咱们出行都很便利,,,,,
62,昱湖上观洋房，环境物业完善......,190万,14797,经开区遥观镇,昱湖上观,3室1厅1厨2卫,低楼层 (共13层),128.41㎡,暂无数据,暂无数据,暂无数据,南,未知结构,毛坯,暂无数据,暂无数据,暂无数据,2023-11-06,商品房,2023-11-06,普通住宅,未满两年,非共有,无抵押,已上传房本照片,使用面积很多 ，房东诚心出售，价格从优，物业品质有保障，！,,一、契税 1）如果是首套房，且住宅面积不大于90㎡的，契税缴纳比例1%；住宅面积大于90㎡，契税缴纳为1.5%。 2）如果是二套房，且住宅面积不大于90㎡，契税为1%；大于90㎡，契税为2%。 3）三套一律按3%缴纳契税。,,该房源配套齐全，有菜场小区内停车方便有新能源充电桩。邻里关系融洽治安好，适合上班族。,有城市环保自行车、多方向的公交车，很多主路，咱们出行都很便利,,,,,
63,此房未满两年，正常带看有钥匙！！！！,110万,8891,经开区遥观镇,临津花园,3室2厅1厨2卫,低楼层 (共27层),123.73㎡,暂无数据,暂无数据,暂无数据,南,未知结构,毛坯,暂无数据,暂无数据,暂无数据,2023-11-08,商品房,2023-11-06,普通住宅,未满两年,非共有,无抵押,已上传房本照片,此小区配套齐全有菜场，新城物业品质有保障,,一、契税 1）如果是首套房，且住宅面积不大于90㎡的，契税缴纳比例1%；住宅面积大于90㎡，契税缴纳为1.5%。 2）如果是二套房，且住宅面积不大于90㎡，契税为1%；大于90㎡，契税为2%。 3）三套一律按3%缴纳契税,,该房源配套齐全，有菜场小区内停车方便有新能源充电桩。邻里关系融洽治安好，适合上班族,根据高德地图显示有62路319路69路230路公交车站，道路宽敞适合有车出行人士,,,,,
64,观澜云庭109平3房，生活方便。,128万,11668,经开区遥观镇,观澜云庭,3室1厅1厨1卫,低楼层 (共11层),109.71㎡,暂无数据,暂无数据,板楼,南,钢混结构,精装,两梯两户,有,暂无数据,2023-02-19,商品房,2020-03-10,普通住宅,暂无数据,共有,无抵押,已上传房本照片,此小区配套齐全有菜场，物业品质有保障。安保24小时在岗,,"一、契税

1）如果是首套房，且住宅面积不大于90㎡的，契税缴纳比例1%；住宅面积大于90㎡，契税缴纳为1.5%。

2）如果是二套房，且住宅面积不大于90㎡，契税为1%；大于90㎡，契税为2%。

3）三套一律按3%缴纳契税。",,该房源配套齐全，有菜场小区内停车方便有新能源充电桩。邻里关系融洽治安好，适合上班族,根据高德地图显示有62路319路69路230路公交车站，道路宽敞适合有车出行人士。,,,,,
65,房子不错房东诚心出售 看房方便,110万,11636,经开区遥观镇,新城和昱,3室2厅1厨1卫,中楼层 (共17层),94.54㎡,暂无数据,72.19㎡,暂无数据,南,未知结构,毛坯,暂无数据,暂无数据,暂无数据,2022-05-31,商品房,2020-05-07,普通住宅,暂无数据,共有,有抵押 业主自还,已上传房本照片,户型方正，装修很好，婚装房。房东诚心出售,,首套房90平米以下成交价的1％，90平米以上成交价的1.5％，二套房90平以下1%，以上2%，三套房不论大小均为3%； 增值税分析：产证满2年免收增值税，未满2年征收5.3％；个税：产证满五年而且是唯一一套住房，免收个税，未满5年成交价的1%,小区环境优美，绿化较好，带有休闲设施。交通便利，道路宽阔，出行方便。生活便利，能较好地满足日常的生活需求,,,,此房为业主自住房，精装修，品牌家电家具、拎包即可入住...可随时看房，业主可随时签约，诚心出售,,,
66,临津花园80平2房生活方小区生活实施齐全商场，菜市场,85万,10535,经开区遥观镇,临津花园,2室2厅1厨1卫,低楼层 (共27层),80.69㎡,暂无数据,暂无数据,暂无数据,南,未知结构,简装,暂无数据,暂无数据,暂无数据,2023-09-04,商品房,2020-04-09,普通住宅,暂无数据,共有,无抵押,已上传房本照片,临津花园80平2房，生活方小区生活实施齐全，商场，菜市场,,、契税 1）如果是首套房，且住宅面积不大于90㎡的，契税缴纳比例1%；住宅面积大于90㎡，契税缴纳为1.5%。 2）如果是二套房，且住宅面积不大于90㎡，契税为1%；大于90㎡，契税为2%。 3）三套一律按3%缴纳契税。,,该房源配套齐全，有菜场小区内停车方便有新能源充电桩。邻里关系融洽治安好，适合上班族,有城市环保自行车、多方向的公交车，很多主路，咱们出行都很便利 房主自荐(业主对房源的描述),,,,,
67,诚售站北新村刚需精装2房，户型透风性很好价格可谈,48万,7528,经开区遥观镇,站北新村,2室1厅1厨1卫,高楼层 (共6层),63.77㎡,暂无数据,暂无数据,板楼,南,钢混结构,精装,暂无数据,暂无数据,暂无数据,2023-07-01,商品房,2017-03-15,普通住宅,暂无数据,非共有,无抵押,已上传房本照片,诚售！站北新村刚需精装2房 户型透风性很好 价格可谈,,90平以下首套二套1%，三套及以上3%90平以上首套1.5%，二套2%，三套及以上3%2：个税：全额的1%，满五年套住宅免征3：税：不满两年5.3%，满两年免征此房满五年，没有增值税，只有个人所得税和契税,,,,,,户型方正，空间感好，通透性好，居住舒适。楼层佳，视野开阔，前面无遮挡，采光效果好。,此房产权清晰，房源真实，业主诚心出售，看房方便，过户全程陪同,
68,经开区  新城和昱 次新房  房东诚心出售,132万,12073,经开区遥观镇,新城和昱,3室2厅1厨1卫,中楼层 (共18层),109.34㎡,暂无数据,暂无数据,暂无数据,北 南,未知结构,毛坯,暂无数据,暂无数据,暂无数据,2022-06-10,商品房,2020-09-24,普通住宅,暂无数据,共有,无抵押,已上传房本照片,此房满二年，户型通透一梯一户安静品质社区,文萃苑为新城戚区的品质社区，小区住户不多，物业管理服务到位，一梯一户总高18层。,"税费分析 1、契税：首套房，90平米以下成交价的1％，90平米以上成交价的1.5％, 二套房90平以上成交价的2%，三套3% 2、增值税：产证满2年免收增值税，未满2年征收5.6％ 3、个税：产证满五年而且是一套住房，免收个税，未满5年成交价的1%",配套齐全，人文环境好， 楼下儿童游乐场，健身器材， 菜市场，公园，公交站等配套齐全,,,,,,,
69,楼层好 采光通透 户型周正 格局分布合理 小区环境优美,130万,11892,经开区遥观镇,丰乐花苑,3室2厅1厨1卫,中楼层 (共6层),109.32㎡,暂无数据,暂无数据,板楼,南 北,钢混结构,简装,暂无数据,暂无数据,暂无数据,2023-03-27,商品房,2021-06-04,普通住宅,暂无数据,共有,有抵押,已上传房本照片,楼层好 采光通透 户型周正 格局分布合理 小区环境优美,1.小区生活设施齐，商场、、菜市场、银行等，交通便捷 2.小区内有健身器材，小型篮球场，可供小区居民使用 3.小区内停车位充足，建有地下停车场，人车分流。地上有会客停车位。 4.小区内24小时保安巡逻,契税： 1.首套90平以下1% 2.首套90平以上1.5% 3.二套90平以下1% 4.二套90平以上2% 5.三套都是3% 增值税：产权满两年免征 产权不满两年征收比例为5.3% 个人所得税：产证满五唯一免征 其他统一1%,,,,,,.户型周正，格局分布合理，空间感好，通透性强，居住舒适 2.楼层佳，南北朝向，视野开阔，采光通透 3.小区环境优美，绿化覆盖面积多，干净整洁，内有健身器材和小型娱乐设施。物业服务态度好,,
70,地段好 交通方便 公交地铁 公园菜场在旁边 新城品质,132万,10802,经开区遥观镇,新城和昱,3室2厅1厨2卫,低楼层 (共18层),122.21㎡,暂无数据,暂无数据,暂无数据,南,未知结构,简装,暂无数据,暂无数据,暂无数据,2022-08-14,商品房,2020-05-06,普通住宅,暂无数据,非共有,有抵押 68万元,已上传房本照片,房格局通透，楼层好，视野开阔，阳光充足，看房..,小区介绍： 小区环境优美，绿化面积大，人车分流，车位充足人文素养高，乐于助人 相处和谐物业方便快捷,"1、契税：首套房，90平米以下成交价的1％，90平米以上成交价的1.5％, 二套房90平以上成交价的2%,2、增值税：产证满2年免收增值税，未满2年征收5.3％； 3、个税：产证满五年而且是唯 一套住房，免收个税，未满5年成交价",,,,,,1.户型周正，格局分布合理，空间感好，通透性强，居住舒适 2.楼层佳，南北朝向，视野开阔，采光通透 3.小区环境优美，绿化覆盖面积多，干净整洁，内有健身器材和小型娱乐设施,此房产权清晰，房源真实，业主诚心出售，看房方便，过户全程陪同,
71,新城和昱方正两居采光良好小区物业新城悦品质服务,73万,8924,经开区遥观镇,新城和昱,2室2厅1厨1卫,低楼层 (共18层),81.81㎡,暂无数据,暂无数据,暂无数据,南,未知结构,毛坯,暂无数据,暂无数据,暂无数据,2021-10-16,商品房,2020-04-09,普通住宅,暂无数据,共有,无抵押,已上传房本照片,此房格局方正，视野开阔，阳光充足，次新房品质社区，看房方便。,小区环境优美，绿化面积大，车位充足，人文素养很高，居民邻里相处和谐新城悦物业服务优秀，交通方便快捷,,小区500米内公园、医院、酒店、火车站等，生活配套齐全.多路公交通达交通出行便捷.,,,,,,此房产权清晰，满两年，业主诚心出售，看房方便，全程陪同为您提供优质服务。,
72,站北新村 80平2房 生活方便,60万,7312,经开区遥观镇,站北新村,2室2厅1厨1卫,低楼层 (共6层),82.06㎡,暂无数据,暂无数据,板楼,南 北,钢混结构,简装,暂无数据,暂无数据,暂无数据,2022-10-18,商品房,2017-03-10,普通住宅,暂无数据,共有,有抵押 10万元 建设银行 业主自还,已上传房本照片,此小区配套齐全有菜场，物业品质有保障，此房满五唯一格局好,,"一、契税

1）如果是首套房，且住宅面积不大于90㎡的，契税缴纳比例1%；住宅面积大于90㎡，契税缴纳为1.5%。

2）如果是二套房，且住宅面积不大于90㎡，契税为1%；大于90㎡，契税为2%。

3）三套一律按3%缴纳契税。",,该房源配套齐全，有菜场小区内停车方便。邻里关系融洽治安好，适合上班族。,根据高德地图显示有戚墅堰火车站，99路公交车.555路公交车.道路宽敞适合有车出行人,,,,,
73,临津花园 120平3房 生活方便,133万,10992,经开区遥观镇,临津花园,3室2厅1厨2卫,中楼层 (共27层),121㎡,暂无数据,暂无数据,暂无数据,南,未知结构,简装,暂无数据,暂无数据,暂无数据,2022-10-19,商品房,暂无数据,普通住宅,暂无数据,共有,无抵押,未上传房本照片,此小区配套齐全有菜场，新城物业品质有保障。,,"一、契税

1）如果是首套房，且住宅面积不大于90㎡的，契税缴纳比例1%；住宅面积大于90㎡，契税缴纳为1.5%。

2）如果是二套房，且住宅面积不大于90㎡，契税为1%；大于90㎡，契税为2%。

3）三套一律按3%缴纳契税。",,该房源配套齐全，有菜场小区内停车方便有新能源充电桩。邻里关系融洽治安好，适合上班族,根据高德地图显示有62路319路69路230路公交车站，道路宽敞适合有车出行人士。,,,,,
74,昱湖上观洋房现房好房不贵.....,150万,13762,经开区遥观镇,昱湖上观,3室1厅1厨2卫,高楼层 (共13层),109㎡,暂无数据,暂无数据,暂无数据,南,未知结构,毛坯,暂无数据,暂无数据,暂无数据,2023-10-22,商品房,暂无数据,普通住宅,暂无数据,共有,无抵押,未上传房本照片,使用面积很多 ，房东诚心出售，价格从优，物业品质有保障，！,该房源配套齐全，有菜场小区内停车方便有新能源充电桩。邻里关系融洽治安好，适合上班族。,一、契税 1）如果是首套房，且住宅面积不大于90㎡的，契税缴纳比例1%；住宅面积大于90㎡，契税缴纳为1.5%。 2）如果是二套房，且住宅面积不大于90㎡，契税为1%；大于90㎡，契税为2%。 3）三套一律按3%缴纳契税。,,,有城市环保自行车、多方向的公交车，很多主路，咱们出行都很便利,,,,,
75,房格局通透，楼层好，视野开阔，阳光充足，看房.,128万,11707,经开区遥观镇,新城和昱,3室2厅1厨2卫,中楼层 (共17层),109.34㎡,暂无数据,暂无数据,暂无数据,南,未知结构,毛坯,暂无数据,暂无数据,暂无数据,2023-03-25,商品房,2020-01-30,普通住宅,暂无数据,共有,无抵押,已上传房本照片,房格局通透，楼层好，视野开阔，阳光充足，看房.,小区介绍： 小区环境优美，绿化面积大，人车分流，车位充足人文素养高，乐于助人 相处和谐物业方便快捷,"1、契税：首套房，90平米以下成交价的1％，90平米以上成交价的1.5％, 二套房90平以上成交价的2%,2、增值税：产证满2年免收增值税，未满2年征收5.3％； 3、个税：产证满五年而且是唯 一套住房，免收个税，未满5年按成交价",,,,,,1.户型周正，格局分布合理，空间感好，通透性强，居住舒适 2.楼层佳，南北朝向，视野开阔，采光通透 3.小区环境优美，绿化覆盖面积多，干净整洁，内有健身器材和小型娱乐设施,,
76,房格局通透，楼层好，视野开阔，阳光充足，看房..,128万,11707,经开区遥观镇,新城和昱,3室2厅1厨2卫,中楼层 (共17层),109.34㎡,暂无数据,暂无数据,暂无数据,南,未知结构,毛坯,暂无数据,暂无数据,暂无数据,2023-03-25,商品房,2021-02-26,普通住宅,暂无数据,共有,无抵押,已上传房本照片,房格局通透，楼层好，视野开阔，阳光充足，看房..,小区介绍： 小区环境优美，绿化面积大，人车分流，车位充足人文素养高，乐于助人 相处和谐物业方便快捷,"1、契税：首套房，90平米以下成交价的1％，90平米以上成交价的1.5％, 二套房90平以上成交价的2%,2、增值税：产证满2年免收增值税，未满2年征收5.3％； 3、个税：产证满五年而且是唯 一套住房，免收个税，未满5年成交价",,,,,,1.户型周正，格局分布合理，空间感好，通透性强，居住舒适 2.楼层佳，南北朝向，视野开阔，采光通透 3.小区环境优美，绿化覆盖面积多，干净整洁，内有健身器材和小型娱乐设施,,
77,精装修，满五唯一，户型周正！！,82万,9884,经开区遥观镇,观澜云庭,2室2厅1厨1卫,高楼层 (共6层),82.97㎡,暂无数据,暂无数据,板楼,南,钢混结构,精装,暂无数据,暂无数据,暂无数据,2023-05-04,商品房,2012-10-09,普通住宅,暂无数据,共有,无抵押,已上传房本照片,精装修，满五唯一，户型周正！！,,一、契税 1）如果是首套房，且住宅面积不大于90㎡的，契税缴纳比例1%；住宅面积大于90㎡，契税缴纳为1.5%。 2）如果是二套房，且住宅面积不大于90㎡，契税为1%；大于90㎡，契税为2%。 3）三套一律按3%缴纳契税。,,该房源配套齐全，有菜场小区内停车方便有新能源充电桩。邻里关系融洽治安好，适合上班族,根据高德地图显示有62路319路69路230路公交车站，道路宽敞适合有车出行人士。,,,,,
78,观景苑两居室好房，房东诚心出售,49万,8718,经开区遥观镇,观景苑,2室1厅1厨1卫,高楼层 (共5层),56.21㎡,暂无数据,暂无数据,板楼,南 北,钢混结构,简装,暂无数据,无,暂无数据,2023-08-17,商品房,2017-10-15,普通住宅,暂无数据,共有,有抵押 10万元,已上传房本照片,房子是小两房，户型方正，采光好。房东诚心出售，满五唯一,小区生活实施齐全，商场，菜市场，银行等。 2：小区内有健身器材，小型篮球场，可供小区居民使用。 3：小区停车位充足，建有地面临时停车位以及底下停车位。 4：小区内24小时保安巡逻。,契税：A首套 90平以下1% B首套 90平以上1.5% C二套90平以下1% D二套90平以上2% E三套都是3% 增值税：满两年免征 不满2年权 额征收5.3% 个人所得税：不满5年或不唯一征1%,,,,,,户型周正，格局分布合理，空间感好，通透性强，居住舒适； 楼层佳，朝向南北，视野开阔，采光透亮,,
79,此小区配套齐全有菜场，生活、交通便利，,43万,8357,经开区遥观镇,戚厂工房南区,2室1厅1厨1卫,低楼层 (共6层),51.46㎡,暂无数据,暂无数据,板楼,南 北,钢混结构,简装,暂无数据,暂无数据,暂无数据,2023-04-26,商品房,2009-08-18,普通住宅,暂无数据,共有,无抵押,已上传房本照片,此小区配套齐全有菜场，生活、交通便利，,,一、契税 1）如果是首套房，且住宅面积不大于90㎡的，契税缴纳比例1%；住宅面积大于90㎡，契税缴纳为1.5%。 2）如果是二套房，且住宅面积不大于90㎡，契税为1%；大于90㎡，契税为2%。 3）三套一律按3%缴纳契税。,,此小区配套齐全有菜场，生活、交通便利，邻里关系融洽治安好，适合上班族。,根据百度地图显示有319路69路317路公交车站，道路宽敞适合有车出行人士。,,,,,
80,户型方正全明通透户型南北通透。。,175万,8750,经开区遥观镇,戚墅堰商住中心,3室2厅1厨3卫,高楼层 (共6层),200㎡,暂无数据,暂无数据,板楼,南 北,钢混结构,简装,暂无数据,暂无数据,暂无数据,2023-09-09,商品房,暂无数据,普通住宅,暂无数据,共有,无抵押,未上传房本照片,各个空间户型方正方便室内家具布置全明通透户型南北通透,,"税费分析 1、契税：首套房，90平米以下成交价的1％，90平米以上成交价的1.5％, 二套房90平以上成交价的2%,2、增值税：产证满2年免收增值税，未满2年征收5.6％； 3、个税：产证满五年而且是一套住房，免收个税，未满5年成交价的1%！",圩墩公园走过去300米左右，大润发1000米左右，农业银行、建设银行。,,,,"：
业主现诚心出售，证件齐，欢迎看房，随时恭候，如看中房子，价格可议！",,,
81,常州得园370平5房，生活方便。,680万,18282,经开区遥观镇,常州得园,5室2厅1厨3卫,低楼层 (共3层),371.96㎡,,暂无数据,,南,钢混结构,精装,,,暂无数据,2023-03-08,商品房,2022-12-29,别墅,未满两年,非共有,无抵押,已上传房本照片,得园 别墅 使用面积很多 ，房东诚心出售，价格从优！,,"一、契税

1）如果是首套房，且住宅面积不大于90㎡的，契税缴纳比例1%；住宅面积大于90㎡，契税缴纳为1.5%。

2）如果是二套房，且住宅面积不大于90㎡，契税为1%；大于90㎡，契税为2%。

3）三套一律按3%缴纳契税。",,该房源配套齐全，有菜场小区内停车方便有新能源充电桩。邻里关系融洽治安好，适合置换。,有城市环保自行车、多方向的公交车，很多主路，咱们出行都很便利 房主自荐(业主对房源的描述),联排,,,,
82,房东诚心售卖，湖滨新村生活气息。,118万,10116,经开区遥观镇,湖滨新村,3室2厅1厨2卫,中楼层 (共4层),116.65㎡,暂无数据,暂无数据,板楼,西,钢混结构,精装,暂无数据,暂无数据,暂无数据,2022-12-14,商品房,2022-12-05,普通住宅,未满两年,非共有,无抵押,已上传房本照片,小区密度适中，绿花好，车位充沛，老少皆宜，道路宽敞。,,"1）如果是首套房，且住宅面积不大于90㎡的，契税缴纳比例1%；住宅面积大于90㎡，契税缴纳为1.5%。

2）如果是二套房，且住宅面积不大于90㎡，契税为1%；大于90㎡，契税为2%。

3）三套一律按3%缴纳契税。",小区旁边就有菜场，小吃街种类丰富，生活设施完善，配有休闲娱乐场所,,小区旁边有第七医院，遥  观卫生                                                                                                                                                                                                      ..,,,,,
83,临津花园 120平3房 生活方便,148万,12334,经开区遥观镇,临津花园,3室2厅1厨2卫,低楼层 (共27层),120㎡,暂无数据,暂无数据,暂无数据,南,未知结构,精装,暂无数据,暂无数据,暂无数据,2022-10-13,商品房,暂无数据,普通住宅,暂无数据,非共有,无抵押,未上传房本照片,此小区配套齐全有菜场，新城物业品质有保障,,"1）如果是首套房，且住宅面积不大于90㎡的，契税缴纳比例1%；住宅面积大于90㎡，契税缴纳为1.5%。

2）如果是二套房，且住宅面积不大于90㎡，契税为1%；大于90㎡，契税为2%。

3）三套一律按3%缴纳契税。",,该房源配套齐全，有菜场小区内停车方便有新能源充电桩。邻里关系融洽治安好，适合上班族,根据高德地图显示有62路319路69路230路公交车站，道路宽敞适合有车出行人士,,,,,
84,好房出售；户型方正，格局通透，诚心出售，，证件齐全,450万,19068,经开区遥观镇,圩墩新村,6室2厅1厨2卫,低楼层 (共2层),236㎡,,暂无数据,,南,钢混结构,精装,,,暂无数据,2021-05-28,商品房,暂无数据,别墅,暂无数据,共有,无抵押,未上传房本照片,此房格局通透，楼层好，视野开阔，阳光充足，看房..,小区环境优美，绿化面积大，人车分流，车位充足人文素养高，乐于助人 相处和谐物业方便快捷，安保24小时巡逻，本小区设有门禁 闲杂人等不得入内,"1、契税：首套房，90平米以下成交价的1％，90平米以上成交价的1.5％, 二套房90平以上成交价的2%,2、增值税：产证满2年免收增值税，未满2年征收5.3％； 3、个税：产证满五年而且是唯 一套住房，免收个税，未满5年成交价的1%",,,,暂无数据,,,此房产权清晰，房源真实，业主诚心出售，看房方便，过户全程陪同,
85,临津花园 120平3房 生活方便,147.5万,11992,经开区遥观镇,临津花园,3室2厅1厨2卫,低楼层 (共27层),123㎡,暂无数据,暂无数据,暂无数据,南,未知结构,精装,暂无数据,暂无数据,暂无数据,2022-10-13,商品房,暂无数据,普通住宅,暂无数据,非共有,无抵押,未上传房本照片,此小区配套齐全有菜场，新城物业品质有保障。,,"1）如果是首套房，且住宅面积不大于90㎡的，契税缴纳比例1%；住宅面积大于90㎡，契税缴纳为1.5%。

2）如果是二套房，且住宅面积不大于90㎡，契税为1%；大于90㎡，契税为2%。

3）三套一律按3%缴纳契税。",,该房源配套齐全，有菜场小区内停车方便有新能源充电桩。邻里关系融洽治安好，适合上班族。,根据高德地图显示有62路319路69路230路公交车站，道路宽敞适合有车出行人士。,,,,,
86,临津花园122平3房 生活方便,135万,11066,经开区遥观镇,临津花园,3室2厅1厨2卫,中楼层 (共33层),122㎡,暂无数据,暂无数据,暂无数据,南,未知结构,毛坯,暂无数据,暂无数据,暂无数据,2022-10-13,商品房,暂无数据,普通住宅,暂无数据,非共有,无抵押,未上传房本照片,此小区配套齐全有菜场，新城物业品质有保障。,,"一、契税

1）如果是首套房，且住宅面积不大于90㎡的，契税缴纳比例1%；住宅面积大于90㎡，契税缴纳为1.5%。

2）如果是二套房，且住宅面积不大于90㎡，契税为1%；大于90㎡，契税为2%。

3）三套一律按3%缴纳契税。",,该房源配套齐全，有菜场小区内停车方便有新能源充电桩。邻里关系融洽治安好，适合上班族。,根据高德地图显示有62路319路69路230路公交车站，道路宽敞适合有车出行人士。,,,,,
87,小区环境优美低密度让人充分享受生活的美和惬意的生活,138万,13399,经开区遥观镇,遥光辰苑,3室2厅1厨1卫,高楼层 (共27层),103㎡,暂无数据,暂无数据,板楼,南 北,未知结构,毛坯,暂无数据,暂无数据,暂无数据,2023-09-13,商品房,暂无数据,普通住宅,暂无数据,共有,无抵押,未上传房本照片,小区环境优美，低密度社区，让人充分享受生活的美和惬意的生..,,1）如果是首套房，且住宅面积不大于90㎡的，契税缴纳比例1%；住宅面积大于90㎡，契税缴纳为1.5%。 2）如果是二套房，且住宅面积不大于90㎡，契税为1%；大于90㎡，契税为2%。 3）三套一律按3%缴纳契税。,,既能是小哥哥小姐姐的婚房，也是家庭和睦其乐融融的港湾，宜居也宜家。,可以有公交69路，230路，62路等路线站台，地方还有共享单车。,,,,,
88,剑湖华庭3室2厅2卫  位置好  房东急售,110万,9117,经开区遥观镇,剑湖华庭,3室2厅1厨2卫,高楼层 (共6层),120.66㎡,暂无数据,暂无数据,板楼,南 北,钢混结构,精装,暂无数据,暂无数据,暂无数据,2020-11-30,商品房,2011-06-15,普通住宅,暂无数据,非共有,无抵押,已上传房本照片,此房格局方正，户型通透，楼层佳，视野开阔，阳光充足，无抵押,小区环境优美，绿化面积大，人车分流，车位充足人文素养高，乐于助人 相处和谐物业方便快捷，安保24小时巡逻，本小区设有门禁 闲杂人等不得入内,"：
契税：首套房，90平米以下成交价的1％，90平米以上成交价的1.5％, 二套房90平以上成交价的2%,2、增值税：产证满2年免收增值税，未满2年征收5.3％； 3、个税：产证满五年而且是唯 一套住房，免收个税，未满5年成交价的1%",,,,,,,此房产权清晰，房源真实，业主诚心出售，看房方便，过户全程陪同 房主自荐(业主对房源的描述),
89,此小区配套齐全有菜场，物业品质有保障。安保24小时,105万,8266,经开区遥观镇,园城汇龙湾家园,3室2厅1厨1卫,中楼层 (共30层),127.03㎡,暂无数据,104.9㎡,塔楼,南 北,钢混结构,简装,一梯四户,有,暂无数据,2023-05-16,商品房,2014-09-18,普通住宅,暂无数据,共有,有抵押 业主自还,已上传房本照片,此小区配套齐全有菜场，物业品质有保障。安保24小时在岗,,一、契税 1）如果是首套房，且住宅面积不大于90㎡的，契税缴纳比例1%；住宅面积大于90㎡，契税缴纳为1.5%。 2）如果是二套房，且住宅面积不大于90㎡，契税为1%；大于90㎡，契税为2%。 3）三套一律按3%缴纳契税。,,该房源配套齐全，有菜场小区内停车方便有新能源充电桩。邻里关系融洽治安好，适合上班族,根据高德地图显示有62路319路69路230路公交车站，道路宽敞适合有车出行人士。,,,,,
90,观景苑142平4房，生活方便。,100万,7043,经开区遥观镇,观景苑,4室2厅1厨2卫,高楼层 (共6层),142㎡,暂无数据,暂无数据,板楼,南,钢混结构,精装,暂无数据,暂无数据,暂无数据,2023-07-25,商品房,暂无数据,普通住宅,暂无数据,非共有,无抵押,未上传房本照片,使用面积很多 ，房东诚心出售，价格从优,,"一、契税

1）如果是首套房，且住宅面积不大于90㎡的，契税缴纳比例1%；住宅面积大于90㎡，契税缴纳为1.5%。

2）如果是二套房，且住宅面积不大于90㎡，契税为1%；大于90㎡，契税为2%。

3）三套一律按3%缴纳契税。",,该房源配套齐全，有菜场小区内停车方便有新能源充电桩。邻里关系融洽治安好，适合上班族。,有城市环保自行车、多方向的公交车，很多主路，咱们出行都很便利,,,,,
91,临津花园80平2房，生活方便。,76万,9500,经开区遥观镇,临津花园,2室1厅1厨1卫,中楼层 (共32层),80㎡,暂无数据,暂无数据,暂无数据,南,未知结构,毛坯,暂无数据,暂无数据,暂无数据,2022-10-13,商品房,2022-07-01,普通住宅,未满两年,共有,无抵押,已上传房本照片,此小区配套齐全有菜场，新城物业品质有保障。,,一、契税 1）如果是首套房，且住宅面积不大于90㎡的，契税缴纳比例1%；住宅面积大于90㎡，契税缴纳为1.5%。 2）如果是二套房，且住宅面积不大于90㎡，契税为1%；大于90㎡，契税为2%。 3）三套一律按3%缴纳契税。,,该房源配套齐全，有菜场小区内停车方便有新能源充电桩，邻里关系融洽安好，适合上班族。,根据高德地图显示有62路319路69路230路公交车站，道路宽敞适合有车出行人士。,,,,,
92,看房提前联系 拎包入住 装修保养好,85万,10625,经开区遥观镇,临津花园,2室1厅1厨1卫,高楼层 (共27层),80㎡,暂无数据,暂无数据,板塔结合,南,未知结构,简装,暂无数据,暂无数据,暂无数据,2022-10-19,商品房,暂无数据,普通住宅,暂无数据,非共有,无抵押,未上传房本照片,看房提前联系 拎包入住 装修保养好,小区生活设施齐，商场、市、菜市场、银行等，交通便捷 2.小区内有健身器材，小型篮球场，可供小区居民使用 3.小区内停车位充足，建有地下停车场，人车分流。地上有会客停车,契税：1.首套90平以下1% 2.首套90平以上1.5% 3.二套90平以下1% 4.二套90平以上2% 5.三套都是3% 增值税：产权满两年免征 产权不满两年征收比例为5.3% 个人所得税：产证满五唯一免征 其他统一1%,,,,,,户型周正，格局分布合理，空间感好，通透性强，居住舒适 2.楼层佳，南北朝向，视野开阔，采光通透 3.小区环境优美，绿化覆盖面积多，干净整洁，内有健身器材和小型娱乐设施,,
93,临津花园 80平2房 生活方便,83.8万,10475,经开区遥观镇,临津花园,2室1厅1厨1卫,低楼层 (共35层),80㎡,暂无数据,暂无数据,暂无数据,南,未知结构,毛坯,四梯四户,有,暂无数据,2022-10-19,商品房,暂无数据,普通住宅,暂无数据,非共有,无抵押,未上传房本照片,此小区配套齐全有菜场，新城物业品质有保障。,,"一、契税

1）如果是首套房，且住宅面积不大于90㎡的，契税缴纳比例1%；住宅面积大于90㎡，契税缴纳为1.5%。

2）如果是二套房，且住宅面积不大于90㎡，契税为1%；大于90㎡，契税为2%。

3）三套一律按3%缴纳契税。",,该房源配套齐全，有菜场小区内停车方便有新能源充电桩。邻里关系融洽治安好，适合上班族。,根据高德地图显示有62路319路69路230路公交车站，道路宽敞适合有车出行人士。,,,,,
94,昱湖上观89平三房！！！！！！,135万,15169,经开区遥观镇,昱湖上观,3室2厅0厨1卫,中楼层 (共13层),89㎡,暂无数据,暂无数据,暂无数据,南,未知结构,毛坯,暂无数据,暂无数据,暂无数据,2023-04-12,商品房,暂无数据,普通住宅,暂无数据,非共有,无抵押,未上传房本照片,使用面积很多 ，房东诚心出售，价格从优，物业品质有保障，！,,"一、契税

1）如果是首套房，且住宅面积不大于90㎡的，契税缴纳比例1%；住宅面积大于90㎡，契税缴纳为1.5%。

2）如果是二套房，且住宅面积不大于90㎡，契税为1%；大于90㎡，契税为2%。

3）三套一律按3%缴纳契税。",,该房源配套齐全，有菜场小区内停车方便有新能源充电桩。邻里关系融洽治安好，适合上班族。,有城市环保自行车、多方向的公交车，很多主路，咱们出行都很便利,,,,,
95,此小区配套齐全有菜场，物业品质有保障,124万,13933,经开区遥观镇,昱湖上观,3室2厅1厨1卫,高楼层 (共11层),89㎡,暂无数据,暂无数据,暂无数据,南,未知结构,毛坯,暂无数据,暂无数据,暂无数据,2023-07-21,商品房,暂无数据,普通住宅,暂无数据,非共有,无抵押,未上传房本照片,此小区配套齐全有菜场，物业品质有保障,小区生活设施齐，商场、菜市场、银行等，交通便捷； 2、小区内有健身器材，小型篮球场，可供小区居民使用； 3、小区内停车位充足，建有地上停车场和地下车库； 4、小区内24小时保安巡逻,"此房税费解析：契税：首套 90平以下1% 二套90平以下1% 三套都是3% 增值税：满两年免征 个人所得税：满5年却不是唯一住房征1%

房主自荐(业主对房源的描述)",,,,,,1.户型周正，格局分布合理，空间感好，通透性强，居住舒适 2.楼层佳，南北朝向，视野开阔，采光通透 3.小区环境优美，绿化覆盖面积多，干净整洁，内有健身器材和小型娱乐设施。物业服务态度好,,
96,遥光辰苑房源房东诚心出售价格好,145万,14191,经开区遥观镇,遥光辰苑,3室1厅1厨1卫,高楼层 (共27层),102.18㎡,暂无数据,暂无数据,暂无数据,南,混合结构,精装,暂无数据,暂无数据,暂无数据,2023-05-23,商品房,2023-05-23,普通住宅,未满两年,共有,有抵押,已上传房本照片,1：小区生活实施齐全，内有健身器材，小型篮球场..。,,一、契税 1）如果是首套房，且住宅面积不大于90㎡的，契税缴纳比例1%；住宅面积大于90㎡，契税缴纳为1.5%。 2）如果是二套房，且住宅面积不大于90㎡，契税为1%；大于90㎡，契税为2%。 3）三套一律按3%缴纳契税。,,,根据高德地图显示有62路319路69路230路公交车站，道路宽敞适合有车出行人士。,,,,,
97,得园 别墅 使用面积很多 ，房东诚心出售，价格从优,650万,22028,经开区遥观镇,常州得园,6室3厅1厨3卫,低楼层 (共3层),295.08㎡,,暂无数据,,南,未知结构,毛坯,,,暂无数据,2023-02-07,商品房,2022-09-05,别墅,未满两年,非共有,无抵押,已上传房本照片,得园 别墅 使用面积很多 ，房东诚心出售，价格从优,得房率高，房子品质高，小区环境优美，安保24小时在岗，业主素质高,,,,"有城市环保自行车、多方向的公交车，很多主路，咱们出行都很便利 房主自荐(业主对房源的描述)

房主自荐(业主对房源的描述)",暂无数据,,多层户型，前后庭院， 可以设计和实际利用的空间也是很多！！！！！！！！！！！,,
98,格局好，采光充足，无遮挡，视野开阔，户型周正,120万,10000,经开区遥观镇,临津花园,3室2厅1厨2卫,高楼层 (共27层),120㎡,暂无数据,暂无数据,暂无数据,南,未知结构,简装,暂无数据,暂无数据,暂无数据,2023-09-30,商品房,暂无数据,普通住宅,暂无数据,共有,无抵押,未上传房本照片,格局好，采光充足，无遮挡，视野开阔，户型周正,小区生活实施齐全，商场，菜市场，银行等。2:小区内有健身器材，可供小区居民使用。3:小区停车位充足，建有地面临时停车位,契税:A:首套 90平米以下1%B:首套90平米以上1.5%C;二套90平米以下1%D:二套90平米以上2%E:三套3%2.满2年免征，不满2年全额征收5.35%3.个人 :不满5年征1%满5年且房东名下唯一住房可免,,,,,,户型周正，格局分布合理，空间感好，通透性强，居住舒适: 2、楼层佳，朝向南北，视野开阔，采光透亮:3、小区环境优美，绿化面积覆盖高，干净整洁，内有健身器材和娱乐广场，物业服务态度好,,
99,该别墅房子密度低，小区楼龄低居住舒适度高。,900万,19456,经开区遥观镇,常州得园,8室4厅1厨6卫,低楼层 (共3层),462.6㎡,,暂无数据,,南,钢混结构,精装,,,暂无数据,2022-12-12,商品房,暂无数据,别墅,暂无数据,非共有,无抵押,未上传房本照片,小区房子密度低，植化率高，楼龄低，车位充沛，宜居也宜家。,,"1）如果是首套房，且住宅面积不大于90㎡的，契税缴纳比例1%；住宅面积大于90㎡，契税缴纳为1.5%。

2）如果是二套房，且住宅面积不大于90㎡，契税为1%；大于90㎡，契税为2%。

3）三套一律按3%缴纳契税。",边上有宋剑湖生态园和圩墩公园，还有大润发购物广场，生活便捷且惬意。,,小区交通便捷方便，旁边有站台今创和光电路，交通配套设施完善。,联排,,,,
100,得园 使用面积很多 ，房东诚心出售，价格从优,828万,19035,经开区遥观镇,常州得园,6室2厅1厨2卫,低楼层 (共3层),435㎡,,暂无数据,,南,钢混结构,毛坯,,,暂无数据,2021-07-07,商品房,暂无数据,别墅,暂无数据,非共有,有抵押 60万元,未上传房本照片,得园 别墅 使用面积很多 ，房东诚心出售，价格从优,得房率高，房子品质高，小区环境优美，安保24小时在岗，业主素质高,,,,"有城市环保自行车、多方向的公交车，很多主路，咱们出行都很便利

房主自荐(业主对房源的描述)",联排,,多层户型，前后庭院， 可以设计和实际利用的空间也是很多！！！！！！！！！！！,,
101,南向采光好 看房有钥匙 保养新 楼层好 采光佳 地段好,620万,20806,经开区遥观镇,观景苑,5室2厅1厨2卫,低楼层 (共2层),298㎡,暂无数据,暂无数据,暂无数据,南,未知结构,简装,暂无数据,暂无数据,暂无数据,2023-08-09,商品房,暂无数据,普通住宅,暂无数据,共有,无抵押,未上传房本照片,小区生活实施齐全，商场，菜市场，银行等。 2：小区内有健.....,,契税：A首套 90平以下1% B首套 90平以上1.5% C二套90平以下1% D二套90平以上2% E三套都是3% 增值税：满两年免征 不满2年权 额征收5.3% 个人所得税：不满5年或不唯一征1%,,,,,业主现在卖房改善换房，房子已经跟我看好，故诚心出售， 随时可以看房，业主随时可以签约，价格可商谈,户型周正，格局分布合理，空间感好，通透性强，居住舒适； 楼层佳，朝向南北，视野开阔，采光透亮,,
102,新上房源，价格可谈，房东诚心出售,145万,11897,经开区遥观镇,碧水云庭,3室2厅1厨2卫,低楼层 (共17层),121.88㎡,暂无数据,暂无数据,暂无数据,南,未知结构,精装,暂无数据,暂无数据,暂无数据,2023-06-10,商品房,暂无数据,普通住宅,暂无数据,非共有,有抵押 73万元,未上传房本照片,1.户型周正，格局分布合理，居住舒适； 2、楼层佳，朝向南北.,小区地理位置好，居民素质高 配套：有健身器材，小型篮球场，可供小区居民使用 车位：停车位充足,90平以上首套房契税1.5%，二套房2%，三套或以上3% 3、不满两年增值税5.6%，满两年免增值税 4、满五年唯一免个税1%,地理位置优越，交通便利，出门就有公交站点，绿化优美，小区环境幽静。 2、小区周 边生活设施齐，各大银行、菜场、商场、饮食近在咫尺，生活起居非 常的方便。 2、 小区绿 化率高，楼间距也特 别的大，房间格局分明、采光足,,,,,,,
103,得房率高，房子品质高，使用面积很多,81万,9050,经开区遥观镇,宋剑湖家园,2室1厅1厨1卫,低楼层 (共5层),89.51㎡,暂无数据,暂无数据,暂无数据,南,未知结构,精装,暂无数据,暂无数据,暂无数据,2023-03-01,商品房,2023-03-03,普通住宅,未满两年,共有,有抵押,已上传房本照片,此小区配套齐全有菜场，物业品质有保障，安保24小时在岗！小..,,一、契税 1）如果是首套房，且住宅面积不大于90㎡的，契税缴纳比例1%；住宅面积大于90㎡，契税缴纳为1.5%。 2）如果是二套房，且住宅面积不大于90㎡，契税为1%；大于90㎡，契税为2%。 3）三套一律按3%缴纳契税。,,有城市环保自行车、多方向的公交车，很多主路，咱们出行都很便利 房主自荐(业主对房源的描述),,,,,房子满5唯一，房东自住，喜欢。。。。。。。。。。。。。。。。,
104,临津花园80平2房，生活方便。,70万,8657,经开区遥观镇,临津花园,2室1厅1厨1卫,高楼层 (共27层),80.86㎡,暂无数据,暂无数据,板塔结合,南,未知结构,毛坯,暂无数据,暂无数据,暂无数据,2022-11-26,商品房,2022-07-01,普通住宅,未满两年,共有,无抵押,已上传房本照片,此小区配套齐全有菜场，新城物业品质有保障。,,"一、契税

1）如果是首套房，且住宅面积不大于90㎡的，契税缴纳比例1%；住宅面积大于90㎡，契税缴纳为1.5%。

2）如果是二套房，且住宅面积不大于90㎡，契税为1%；大于90㎡，契税为2%。

3）三套一律按3%缴纳契税。",,该房源配套齐全，有菜场小区内停车方便有新能源充电桩。邻里关系融洽治安好，适合上班族。,根据高德地图显示有62路319路69路230路公交车站，道路宽敞适合有车出行人士,,,,,
105,~~临津花园80平2房，生活方便。,80万,9973,经开区遥观镇,临津花园,2室1厅1厨1卫,高楼层 (共33层),80.22㎡,暂无数据,暂无数据,暂无数据,南,未知结构,毛坯,暂无数据,暂无数据,暂无数据,2023-03-16,商品房,2023-02-27,普通住宅,未满两年,非共有,无抵押,已上传房本照片,此小区配套齐全有菜场，新城物业品质有保障。,,"一、契税

1）如果是首套房，且住宅面积不大于90㎡的，契税缴纳比例1%；住宅面积大于90㎡，契税缴纳为1.5%。

2）如果是二套房，且住宅面积不大于90㎡，契税为1%；大于90㎡，契税为2%。

3）三套一律按3%缴纳契税。",,该房源配套齐全，有菜场小区内停车方便有新能源充电桩。邻里关系融洽治安好，适合上班族。,根据高德地图显示有62路319路69路230路公交车站，道路宽敞适合有车出行人士。,,,,,
106,今创名园好房，房东急卖，价格可谈。,113万,12472,经开区遥观镇,今创茗园,3室1厅1厨1卫,中楼层 (共11层),90.61㎡,暂无数据,暂无数据,板楼,南,钢混结构,简装,暂无数据,暂无数据,暂无数据,2023-04-27,商品房,2022-04-16,普通住宅,未满两年,共有,无抵押,已上传房本照片,小区生活实施齐全，商场，菜市场，银行等。 2：小区内有健身,,一、契税 1）如果是首套房，且住宅面积不大于90㎡的，契税缴纳比例1%；住宅面积大于90㎡，契税缴纳为1.5%。 2）如果是二套房，且住宅面积不大于90㎡，契税为1%；大于90㎡，契税为2%。 3）三套一律按3%缴纳契税。,,该房源配套齐全，有菜场小区内停车方便有新能源充电桩。邻里关系融洽治安好，适合上班族。,根据高德地图显示有62路319路69路230路公交车站，道路宽敞适合有车出行人士。,,,,,
107,昱湖上观89平三房！！！！！！,130万,14583,经开区遥观镇,昱湖上观,3室1厅1厨1卫,高楼层 (共13层),89.15㎡,暂无数据,暂无数据,暂无数据,南,未知结构,毛坯,暂无数据,暂无数据,暂无数据,2023-07-31,商品房,2023-07-11,普通住宅,未满两年,共有,无抵押,已上传房本照片,使用面积很多 ，房东诚心出售，价格从优，物业品质有保障，！,,一、契税 1）如果是首套房，且住宅面积不大于90㎡的，契税缴纳比例1%；住宅面积大于90㎡，契税缴纳为1.5%。 2）如果是二套房，且住宅面积不大于90㎡，契税为1%；大于90㎡，契税为2%。 3）三套一律按3%缴纳契税。,,该房源配套齐全，有菜场小区内停车方便有新能源充电桩。邻里关系融洽治安好，适合上班族。,有城市环保自行车、多方向的公交车，很多主路，咱们出行都很便利,,,,,
108,：此小区配套齐全有菜场，物业品质有保障。,92万,8953,经开区遥观镇,园城汇龙湾家园,2室2厅1厨1卫,高楼层 (共30层),102.76㎡,暂无数据,暂无数据,塔楼,南 北,钢混结构,精装,两梯四户,有,暂无数据,2023-10-24,商品房,暂无数据,普通住宅,暂无数据,共有,无抵押,未上传房本照片,"：
此小区配套齐全有菜场，物业品质有保障。安保24小时在岗",,一、契税 1）如果是首套房，且住宅面积不大于90㎡的，契税缴纳比例1%；住宅面积大于90㎡，契税缴纳为1.5%。 2）如果是二套房，且住宅面积不大于90㎡，契税为1%；大于90㎡，契税为2%。 3）三套一律按3%缴纳契税。,,该房源配套齐全，有菜场小区内停车方便有新能源充电桩。邻里关系融洽治安好，适合上班族,"：
根据高德地图显示有62路319路69路230路公交车站，道路宽敞适合有车出行人士",,,,,
109,此小区配套齐全有菜场，物业品质有保障安保24小时在岗,85万,8334,经开区遥观镇,园城汇龙湾家园,2室2厅1厨1卫,低楼层 (共30层),102㎡,暂无数据,暂无数据,塔楼,南,钢混结构,精装,一梯四户,有,暂无数据,2023-04-16,商品房,暂无数据,普通住宅,暂无数据,非共有,无抵押,未上传房本照片,此小区配套齐全有菜场，物业品质有保障。安保24小时在岗,,一、契税 1）如果是首套房，且住宅面积不大于90㎡的，契税缴纳比例1%；住宅面积大于90㎡，契税缴纳为1.5%。 2）如果是二套房，且住宅面积不大于90㎡，契税为1%；大于90㎡，契税为2%。 3）三套一律按3%缴纳契税。,,该房源配套齐全，有菜场小区内停车方便有新能源充电桩。邻里关系融洽治安好，适合上班族,根据高德地图显示有62路319路69路230路公交车站，道路宽敞适合有车出行人士。,,,,,
110,临津花园标准两居室，房东诚心出售,85万,10596,经开区遥观镇,临津花园,2室1厅1厨1卫,高楼层 (共33层),80.22㎡,暂无数据,暂无数据,板塔结合,南,钢混结构,简装,四梯四户,有,暂无数据,2023-07-22,商品房,暂无数据,普通住宅,暂无数据,共有,无抵押,未上传房本照片,临津花园80平2房，生活方小区生活实施齐全，商场，菜市场,,一、契税 1）如果是首套房，且住宅面积不大于90㎡的，契税缴纳比例1%；住宅面积大于90㎡，契税缴纳为1.5%。 2）如果是二套房，且住宅面积不大于90㎡，契税为1%；大于90㎡，契税为2%。 3）三套一律按3%缴纳契税。,,该房源配套齐全，有菜场小区内停车方便有新能源充电桩。邻里关系融洽治安好，适合上班族。,有城市环保自行车、多方向的公交车，很多主路，咱们出行都很便利 房主自荐(业主对房源的描述),,,,,
111,临津花园 80平2房 生活方便,83.5万,10409,经开区遥观镇,临津花园,2室1厅1厨1卫,高楼层 (共33层),80.22㎡,暂无数据,暂无数据,暂无数据,南,未知结构,毛坯,暂无数据,暂无数据,暂无数据,2022-10-13,商品房,暂无数据,普通住宅,暂无数据,共有,无抵押,未上传房本照片,此小区配套齐全有菜场，新城物业品质有保障。,,"1）如果是首套房，且住宅面积不大于90㎡的，契税缴纳比例1%；住宅面积大于90㎡，契税缴纳为1.5%。

2）如果是二套房，且住宅面积不大于90㎡，契税为1%；大于90㎡，契税为2%。

3）三套一律按3%缴纳契税。",,该房源配套齐全，有菜场小区内停车方便有新能源充电桩。邻里关系融洽治安好，适合上班族。,根据高德地图显示有62路319路69路230路公交车站，道路宽敞适合有车出行人士。,,,,,
112,临津花园80平2房，生活方便。,86万,10750,经开区遥观镇,临津花园,2室2厅1厨1卫,中楼层 (共35层),80㎡,暂无数据,暂无数据,暂无数据,南,未知结构,毛坯,四梯四户,有,暂无数据,2023-03-26,商品房,暂无数据,普通住宅,暂无数据,共有,无抵押,未上传房本照片,此小区配套齐全有菜场，新城物业品质有保障。,,"一、契税

1）如果是首套房，且住宅面积不大于90㎡的，契税缴纳比例1%；住宅面积大于90㎡，契税缴纳为1.5%。

2）如果是二套房，且住宅面积不大于90㎡，契税为1%；大于90㎡，契税为2%。

3）三套一律按3%缴纳契税。",,该房源配套齐全，有菜场小区内停车方便有新能源充电桩。邻里关系融洽治安好，适合上班族。,根据高德地图显示有62路319路69路230路公交车站，道路宽敞适合有车出行人士,,,,,
113,新上！房子精装未入住，房东诚心出租！,142万,15657,经开区遥观镇,遥光辰苑,3室1厅1厨1卫,中楼层 (共27层),90.7㎡,暂无数据,暂无数据,暂无数据,南,未知结构,精装,暂无数据,暂无数据,暂无数据,2022-12-08,商品房,暂无数据,普通住宅,暂无数据,共有,无抵押,未上传房本照片,"房子采光通透柔和，空气清新神怡
布局合理，空间很大。",小区环境优美，低密度社区，让人充分享受生活的美和惬意的生活。,"1）如果是首套房，且住宅面积不大于90㎡的，契税缴纳比例1%；住宅面积大于90㎡，契税缴纳为1.5%。

2）如果是二套房，且住宅面积不大于90㎡，契税为1%；大于90㎡，契税为2%。

3）三套一律按3%缴纳契税。",,,可以有公交69路，230路，62路等路线站台，地方还有共享单车。,,,,,
114,~临津花园80平2房，生活方便。,75万,9282,经开区遥观镇,临津花园,2室1厅1厨1卫,低楼层 (共32层),80.81㎡,暂无数据,暂无数据,暂无数据,南,未知结构,毛坯,四梯四户,有,暂无数据,2023-08-30,商品房,暂无数据,普通住宅,暂无数据,非共有,无抵押,未上传房本照片,此小区配套齐全有菜场，新城物业品质有保障。,,"1）如果是首套房，且住宅面积不大于90㎡的，契税缴纳比例1%；住宅面积大于90㎡，契税缴纳为1.5%。

2）如果是二套房，且住宅面积不大于90㎡，契税为1%；大于90㎡，契税为2%。

3）三套一律按3%缴纳契税。",,该房源配套齐全，有菜场小区内停车方便有新能源充电桩。邻里关系融洽治安好，适合上班族。,有城市环保自行车、多方向的公交车，很多主路，咱们出行都很便利,,,,,
115,小区生活实施齐全，商场，菜市场，银行等小区内有健身,90万,10852,经开区遥观镇,今创茗园,2室2厅1厨1卫,中楼层 (共11层),82.94㎡,暂无数据,暂无数据,板楼,南,钢混结构,精装,暂无数据,暂无数据,暂无数据,2023-07-29,商品房,2022-02-08,普通住宅,暂无数据,非共有,无抵押,已上传房本照片,小区生活实施齐全，商场，菜市场，银行等。 2：小区内有健身,,一、契税 1）如果是首套房，且住宅面积不大于90㎡的，契税缴纳比例1%；住宅面积大于90㎡，契税缴纳为1.5%。 2）如果是二套房，且住宅面积不大于90㎡，契税为1%；大于90㎡，契税为2%。 3）三套一律按3%缴纳契税。,,该房源配套齐全，有菜场小区内停车方便有新能源充电桩。邻里关系融洽治安好，适合上班族,根据高德地图显示有62路319路69路230路公交车站，道路宽敞适合有车出行人士。,,,,,
116,此小区配套齐全有菜场，生活、交通便利,100万,7143,经开区遥观镇,宋剑湖家园,4室2厅1厨2卫,中楼层 (共5层),140㎡,暂无数据,暂无数据,板楼,南,钢混结构,精装,暂无数据,暂无数据,暂无数据,2022-10-18,商品房,2022-12-21,普通住宅,未满两年,非共有,无抵押,已上传房本照片,该房源配套齐全，有菜场小区内停车方便,,一、契税1）如果是首套房，且住宅面积不大于90㎡的，契税缴纳比例1%；住宅面积大于90㎡，契税缴纳为1.5%。2）如果是二套房，且住宅面积不大于90㎡，契税为1%；大于90㎡，契税为2%。3）三套一律按3%缴纳契税。,,该房源配套齐全，有菜场小区内停车方便有，邻里关系融洽安好，适合上班族,根据高德地图显示有62路319路69路230路公交车站，道路宽敞适合有车出行人士。,,,,,
117,昱湖上观小三房，生活方便！！！,165万,18540,经开区遥观镇,昱湖上观,2室1厅1厨1卫,高楼层 (共11层),89㎡,暂无数据,暂无数据,暂无数据,南,未知结构,精装,暂无数据,暂无数据,暂无数据,2023-07-23,商品房,暂无数据,普通住宅,暂无数据,非共有,无抵押,未上传房本照片,使用面积很多房东诚心出售价格从优,,"、契税

1）如果是首套房，且住宅面积不大于90㎡的，契税缴纳比例1%；住宅面积大于90㎡，契税缴纳为1.5%。

2）如果是二套房，且住宅面积不大于90㎡，契税为1%；大于90㎡，契税为2%。

3）三套一律按3%缴纳契税。",,该房源配套齐全，有菜场小区内停车方便有新能源充电桩。邻里关系融洽治安好，适合上班族。,根据高德地图显示有62路319路69路230路公交车站，道路宽敞适合有车出行人士,,,,,
118,南向采光好 看房有钥匙 保养新 楼层好 采光佳 地段好,110万,12189,经开区遥观镇,观景苑,2室1厅1厨1卫,中楼层 (共6层),90.25㎡,暂无数据,暂无数据,板楼,南,钢混结构,精装,暂无数据,暂无数据,暂无数据,2023-08-06,商品房,暂无数据,普通住宅,暂无数据,共有,无抵押,未上传房本照片,南向采光好 看房有钥匙 保养新 楼层好 采光佳 地段好,小区生活实施齐全，商场，菜市场，银行等。 2：小区内有健身器材，小型篮球场，可供小区居民使用。 3：小区停车位充足，建有地面临时停车位以及底下停车位。 4：小区内24小时保安巡逻。,契税：A首套 90平以下1% B首套 90平以上1.5% C二套90平以下1% D二套90平以上2% E三套都是3% 增值税：满两年免征 不满2年权 额征收5.3% 个人所得税：不满5年或不唯一征1%,,,,,业主现在卖房改善换房，房子已经跟我看好，故诚心出售， 随时可以看房，业主随时可以签约，价格可商谈,户型周正，格局分布合理，空间感好，通透性强，居住舒适； 楼层佳，朝向南北，视野开阔，采光透亮,,
119,昱湖上观小三房，生活方便！！！,128万,14383,经开区遥观镇,昱湖上观,3室2厅1厨1卫,中楼层 (共9层),89㎡,暂无数据,暂无数据,暂无数据,南,未知结构,毛坯,暂无数据,暂无数据,暂无数据,2023-07-23,商品房,暂无数据,普通住宅,暂无数据,非共有,无抵押,未上传房本照片,使用面积很多 ，房东诚心出售，价格从优,,"一、契税

1）如果是首套房，且住宅面积不大于90㎡的，契税缴纳比例1%；住宅面积大于90㎡，契税缴纳为1.5%。

2）如果是二套房，且住宅面积不大于90㎡，契税为1%；大于90㎡，契税为2%。

3）三套一律按3%缴纳契税。",,该房源配套齐全，有菜场小区内停车方便有新能源充电桩。邻里关系融洽治安好，适合上班族。,根据高德地图显示有62路319路69路230路公交车站，道路宽敞适合有车出行人士。,,,,,
120,得房率高，房子品质高，房东诚心出售，价格从优,78万,9710,经开区遥观镇,临津花园,2室2厅1厨1卫,中楼层 (共33层),80.33㎡,暂无数据,暂无数据,暂无数据,南,未知结构,毛坯,暂无数据,暂无数据,暂无数据,2023-09-11,商品房,暂无数据,普通住宅,暂无数据,共有,无抵押,未上传房本照片,得房率高，房子品质高，房东诚心出售，价格从优,,一、契税 1）如果是首套房，且住宅面积不大于90㎡的，契税缴纳比例1%；住宅面积大于90㎡，契税缴纳为1.5%。 2）如果是二套房，且住宅面积不大于90㎡，契税为1%；大于90㎡，契税为2%。 3）三套一律按3%缴纳契税。,,该房源配套齐全，有菜场小区内停车方便有新能源充电桩。邻里关系融洽治安好，适合上班族。,有城市环保自行车、多方向的公交车，很多主路，咱们出行都很便利,,,,,
121,精装修，客厅挑高 楼层好，仙湖公园旁。,154.5万,10743,经开区遥观镇,观澜云庭,3室2厅1厨2卫,中楼层 (共11层),143.82㎡,暂无数据,暂无数据,板楼,南,钢混结构,精装,暂无数据,暂无数据,暂无数据,2022-12-01,商品房,暂无数据,普通住宅,暂无数据,共有,无抵押,未上传房本照片,房东急售，诚心出售，随时方便看房，采光无遮挡，得房率高。。。,1：小区生活实施齐全，商场，菜市场，银行等。 2：小区内有健身器材，小型篮球场，可供小区居民使用。 3：小区停车位充足，建有地面临时停车位以及底下停车位。 4：小区内24小时保安巡逻,契税：A首套 90平以下1% B首套 90平以上1.5% C二套90平以下1% D二套90平以上2% E三套都是3% 增值税：满两年免征 不满2年权.额征收5.6% 个人所得税：不满5年征1%,,,,,,房子是70年产权的住宅，户型方正，带阳台，每个功能间都是有窗户的，采光充足。楼层也是中高层，没有遮挡。,,
122,临津花园两房，户型方正，采光好，房东诚心出售,75万,9375,经开区遥观镇,临津花园,2室2厅1厨1卫,低楼层 (共32层),80㎡,暂无数据,暂无数据,暂无数据,南,未知结构,简装,暂无数据,暂无数据,暂无数据,2023-08-24,商品房,2023-09-01,普通住宅,未满两年,共有,无抵押,已上传房本照片,临津花园两房，户型方正，采光好，房东诚心出售,,一、契税 1）如果是首套房，且住宅面积不大于90㎡的，契税缴纳比例1%；住宅面积大于90㎡，契税缴纳为1.5%。 2）如果是二套房，且住宅面积不大于90㎡，契税为1%；大于90㎡，契税为2%。 3）三套一律按3%缴纳契税。,,该房源配套齐全，有菜场小区内停车方便有新能源充电桩。邻里关系融洽治安好，适合上班族,根据高德地图显示有62路319路69路230路公交车站，道路宽敞适合有车出行人士。,,,,,
123,临津花园 80平方房子 生活方便.,82万,10128,经开区遥观镇,临津花园,2室2厅1厨1卫,中楼层 (共27层),80.97㎡,暂无数据,暂无数据,板塔结合,南,未知结构,简装,暂无数据,暂无数据,暂无数据,2023-03-10,商品房,2022-06-27,普通住宅,未满两年,非共有,无抵押,已上传房本照片,此小区配套齐全有菜场，新城物业品质有保障。,,一、契税1）如果是首套房，且住宅面积不大于90㎡的，契税缴纳比例1%；住宅面积大于90㎡，契税缴纳为1.5%。2）如果是二套房，且住宅面积不大于90㎡，契税为1%；大于90㎡，契税为2%。3）三套一律按3%缴纳契税。,,该房源配套齐全，有菜场小区内停车方便有新能源充电桩。邻里关系融洽治安好，适合上班族。,根据高德地图显示有62路319路69路230路公交车站，道路宽敞适合有车出行人士,,,,,
124,房格局通透，楼层好，视野开阔，阳光充足，看房.,128万,11707,经开区遥观镇,新城和昱,3室2厅1厨2卫,高楼层 (共17层),109.34㎡,暂无数据,暂无数据,暂无数据,南,未知结构,毛坯,暂无数据,暂无数据,暂无数据,2023-03-25,商品房,2023-03-25,普通住宅,未满两年,共有,无抵押,已上传房本照片,房格局通透，楼层好，视野开阔，阳光充足，看房.,小区介绍： 小区环境优美，绿化面积大，人车分流，车位充足人文素养高，乐于助人 相处和谐物业方便快捷,"1、契税：首套房，90平米以下成交价的1％，90平米以上成交价的1.5％, 二套房90平以上成交价的2%,2、增值税：产证满2年免收增值税，未满2年征收5.3％； 3、个税：产证满五年而且是唯 一套住房，免收个税，未满5年成交价",,,,,,1.户型周正，格局分布合理，空间感好，通透性强，居住舒适 2.楼层佳，南北朝向，视野开阔，采光通透 3.小区环境优美，绿化覆盖面积多，干净整洁，内有健身器材和小型娱乐设施,,
125,此房为毛坯，可以任自己喜欢装修！！！！！！,76万,9419,经开区遥观镇,临津花园,2室1厅1厨1卫,高楼层 (共27层),80.69㎡,暂无数据,暂无数据,暂无数据,南,钢混结构,毛坯,暂无数据,暂无数据,暂无数据,2023-10-23,商品房,2023-10-07,普通住宅,未满两年,共有,无抵押,已上传房本照片,此小区配套齐全有菜场，新城物业品质有保障,,一、契税 1）如果是首套房，且住宅面积不大于90㎡的，契税缴纳比例1%；住宅面积大于90㎡，契税缴纳为1.5%。 2）如果是二套房，且住宅面积不大于90㎡，契税为1%；大于90㎡，契税为2%。 3）三套一律按3%缴纳契税,,该房源配套齐全，有菜场小区内停车方便有新能源充电桩。邻里关系融洽治安好，适合上班族,根据高德地图显示有62路319路69路230路公交车站，道路宽敞适合有车出行人士,,,,,
126,此房为毛胚，适宜自我装修的好房！！！！,78万,9616,经开区遥观镇,临津花园,2室1厅1厨1卫,高楼层 (共35层),81.12㎡,暂无数据,暂无数据,暂无数据,南,未知结构,毛坯,四梯四户,有,暂无数据,2023-10-23,商品房,2023-10-07,普通住宅,未满两年,共有,无抵押,已上传房本照片,此小区配套齐全有菜场，新城物业品质有保障,,一、契税 1）如果是首套房，且住宅面积不大于90㎡的，契税缴纳比例1%；住宅面积大于90㎡，契税缴纳为1.5%。 2）如果是二套房，且住宅面积不大于90㎡，契税为1%；大于90㎡，契税为2%。 3）三套一律按3%缴纳契税,,该房源配套齐全，有菜场小区内停车方便有新能源充电桩。邻里关系融洽治安好，适合上班族,根据高德地图显示有62路319路69路230路公交车站，道路宽敞适合有车出行人士,,,,,
127,格局好，采光充足，无遮挡，视野开阔，户型周正,78万,9679,经开区遥观镇,临津花园,2室2厅1厨1卫,低楼层 (共27层),80.59㎡,暂无数据,暂无数据,暂无数据,南,钢混结构,毛坯,四梯四户,有,暂无数据,2023-10-23,商品房,暂无数据,普通住宅,暂无数据,共有,无抵押,未上传房本照片,格局好，采光充足，无遮挡，视野开阔，户型周正,小区生活实施齐全，商场，菜市场，银行等。2:小区内有健身器材，可供小区居民使用。3:小区停车位充足，建有地面临时停车位,契税:A:首套 90平米以下1%B:首套90平米以上1.5%C;二套90平米以下1%D:二套90平米以上2%E:三套3%2.满2年免征，不满2年全额征收5.35%3.个人 :不满5年征1%满5年且房东名下唯一住房可免,,,,,,户型周正，格局分布合理，空间感好，通透性强，居住舒适: 2、楼层佳，朝向南北，视野开阔，采光透亮:3、小区环境优美，绿化面积覆盖高，干净整洁，内有健身器材和娱乐广场，物业服务态度好,,
128,房子简单装修 看房方便 个人产权产权清晰无贷款,63万,9019,经开区遥观镇,戚厂工房南区,2室1厅1厨1卫,低楼层 (共6层),69.86㎡,暂无数据,暂无数据,板楼,南,钢混结构,简装,暂无数据,暂无数据,暂无数据,2023-06-01,商品房,2023-07-28,普通住宅,未满两年,共有,无抵押,已上传房本照片,房子简单装修 看房方便 个人产权产权清晰无贷款,,,,,,,售房原因：业主原来在房子里居住，现在更换居住地，所以诚售 无贷款、产权清晰，个人产权，买房手续简单省心。,工房南区房龄还行，装修是简单装修。这套房子在2楼，老人居住上下也方便得,贷款抵押：房子无贷款无抵押 产权清晰 个人房产 无任何纠纷隐患。,
129,房东急卖，价格优惠，看房提前预约！！！,100万,9146,经开区遥观镇,新城和昱,3室2厅1厨2卫,低楼层 (共17层),109.34㎡,暂无数据,暂无数据,暂无数据,南,未知结构,毛坯,暂无数据,暂无数据,暂无数据,2023-04-14,商品房,2020-08-30,普通住宅,暂无数据,非共有,无抵押,已上传房本照片,房东急卖，价格优惠，看房提前预约！！！,小区介绍： 小区环境优美，绿化面积大，人车分流，车位充足人文素养高，乐于助人 相处和谐物业方便快捷,"1、契税：首套房，90平米以下成交价的1％，90平米以上成交价的1.5％, 二套房90平以上成交价的2%,2、增值税：产证满2年免收增值税，未满2年征收5.3％； 3、个税：产证满五年而且是唯 一套住房，免收个税，未满5年按成交价",,,,,,户型周正，格局分布合理，空间感好，通透性强，居住舒适 ，小区环境优美，绿化覆盖面积多，干净整洁，内有健身器材和小型娱乐设施,,
130,今创茗园 2室1厅 南,85万,10241,经开区遥观镇,今创茗园,2室1厅1厨1卫,低楼层 (共11层),83㎡,暂无数据,暂无数据,板楼,南,钢混结构,精装,暂无数据,暂无数据,暂无数据,2023-08-15,商品房,暂无数据,普通住宅,暂无数据,非共有,无抵押,未上传房本照片,,,,,,,,,,,
131,戚墅堰2室1厅1卫每个房间户型方正欢迎看房,91万,9712,经开区遥观镇,戚墅堰商住中心,2室1厅1厨1卫,低楼层 (共7层),93.7㎡,暂无数据,暂无数据,板楼,南,钢混结构,精装,暂无数据,暂无数据,暂无数据,2023-08-03,商品房,暂无数据,普通住宅,暂无数据,共有,无抵押,未上传房本照片,各个空间户型方正方便室内家具布置全明通透户型,,"税费分析 1、契税：首套房，90平米以下成交价的1％，90平米以上成交价的1.5％, 二套房90平以上成交价的2%,2、增值税：产证满2年免收增值税，未满2年征收5.6％； 3、个税：产证满五年而且是一套住房，免收个税，未满5年成交价的1%！",圩墩公园走过去300米左右，大润发1000米左右，农业银行、建设银行。,,,,业主现诚心出售，证件齐，欢迎看房，随时恭候，如看中房子，价格可议！,,,
132,观景苑标准两房，房东诚心出售。,73万,9301,经开区遥观镇,观景苑,2室1厅1厨1卫,中楼层 (共5层),78.49㎡,暂无数据,暂无数据,板楼,南 北,钢混结构,简装,暂无数据,无,暂无数据,2023-07-26,商品房,2006-08-06,普通住宅,暂无数据,共有,有抵押 40万元 工商银行,已上传房本照片,此房满五年，户型房正，南北通透，采光好。房东诚心出售,小区生活实施齐全，商场，菜市场，银行等。 2：小区内有健身器材，小型篮球场，可供小区居民使用。 3：小区停车位充足，建有地面临时停车位以及底下停车位。 4：小区内24小时保安巡逻。,契税：A首套 90平以下1% B首套 90平以上1.5% C二套90平以下1% D二套90平以上2% E三套都是3% 增值税：满两年免征 不满2年权 额征收5.3% 个人所得税：不满5年或不唯一征1%,,,,,,户型周正，格局分布合理，空间感好，通透性强，居住舒适； 楼层佳，朝向南北，视野开阔，采光透亮,,
133,此房格局通透，楼层好，视野开阔，阳光充足，看房方便,90万,7644,经开区遥观镇,圩墩新村,3室2厅1厨1卫,低楼层 (共5层),117.74㎡,暂无数据,暂无数据,板楼,南 北,钢混结构,其他,暂无数据,暂无数据,暂无数据,2023-10-15,商品房,2006-06-07,普通住宅,暂无数据,非共有,无抵押,已上传房本照片,"：
此房格局通透，楼层好，视野开阔，阳光充足，看房方便",小区环境优美，绿化面积大，人车分流，车位充足人文素养高，乐于助人 相处和谐物业方便快捷，安保24小时巡逻，本小区设有门禁 闲杂人等不得入内,"契税：首套房，90平米以下成交价的1％，90平米以上成交价的1.5％, 二套房90平以上成交价的2%,2、增值税：产证满2年免收增值税，未满2年征收5.3％； 3、个税：产证满五年而且是唯 一套住房，免收个税，未满5年成交价的1%",,,,,,,此房产权清晰，房源真实，无抵押，单独拥有，业主诚心出售，放心推荐,
134,小区绿化好，商场娱乐场所齐全，适合居住,150万,10000,经开区遥观镇,花溪兰庭,4室2厅1厨2卫,高楼层 (共11层),150㎡,暂无数据,暂无数据,板楼,北 南,钢混结构,精装,暂无数据,暂无数据,暂无数据,2024-01-23,商品房,暂无数据,普通住宅,暂无数据,共有,无抵押,未上传房本照片,小区绿化好，商场住娱乐场所齐全，适合居住,小区道路四通八达，马路过去就有大润发购物广场，生活惬意，路边停车位很多,如果是首套房，且住宅面积不大于90㎡的，契税缴纳比例1%；住宅面积大于90㎡，契税缴纳为1.5%。2）如果是二套房，且住宅面积不大于90㎡，契税为1%；大于90㎡，契税为2%。3）三套一律按3%缴纳契税。,,,,,,该房间三个大房空间通透，空间利用的好，装修的好，适合一家人居住。,,
135,房屋未满二，有钥匙正常带看！！！！！！！！,168万,14562,经开区遥观镇,遥光辰苑,3室2厅1厨2卫,高楼层 (共27层),115.37㎡,暂无数据,暂无数据,暂无数据,南,未知结构,毛坯,暂无数据,暂无数据,暂无数据,2023-12-28,商品房,2022-05-16,普通住宅,未满两年,非共有,无抵押,已上传房本照片,小区环境优美，低密度社区，让人充分享受生活的美和惬意的生..,,1）如果是首套房，且住宅面积不大于90㎡的，契税缴纳比例1%；住宅面积大于90㎡，契税缴纳为1.5%。 2）如果是二套房，且住宅面积不大于90㎡，契税为1%；大于90㎡，契税为2%。 3）三套一律按3%缴纳契税。,,既能是小哥哥小姐姐的婚房，也是家庭和睦其乐融融的港湾，宜居也宜家。,可以有公交69路，230路，62路等路线站台，地方还有共享单车。,,,,,
136,得房率高房子品质高使用面积很多房东诚心出售价格从优,110万,7840,经开区遥观镇,宋剑湖家园,3室2厅1厨1卫,高楼层 (共6层),140.31㎡,暂无数据,暂无数据,暂无数据,南,未知结构,精装,暂无数据,暂无数据,暂无数据,2023-11-30,商品房,2016-12-26,普通住宅,暂无数据,非共有,无抵押,已上传房本照片,得房率高，房子品质高，使用面积很多 ，房东诚心出售，价格从优,此小区配套齐全有菜场，物业品质有保障，安保24小时在岗！小区内有运动设施！,一、契税 1）如果是首套房，且住宅面积不大于90㎡的，契税缴纳比例1%；住宅面积大于90㎡，契税缴纳为1.5%。 2）如果是二套房，且住宅面积不大于90㎡，契税为1%；大于90㎡，契税为2%。 3）三套一律按3%缴纳契税。,,该房源配套齐全，有菜场小区内停车方便有新能源充电桩。邻里关系融洽治安好，适合上班族。,有城市环保自行车、多方向的公交车，很多主路，咱们出行都很便利 房主自荐(业主对房源的描述),,,,,
137,：落地式别墅 视野开阔 采光漂亮00,700万,23724,经开区遥观镇,常州得园,5室3厅1厨3卫,低楼层 (共3层),295.07㎡,暂无数据,283.13㎡,暂无数据,南,钢混结构,毛坯,暂无数据,暂无数据,暂无数据,2024-03-04,商品房,2023-10-16,普通住宅,未满两年,共有,无抵押,已上传房本照片,"：
落地式别墅 视野开阔 采光漂亮",,,,适合养老 生活舒适 适合上班族 倾向于家庭为单位的房子，成功人士的选择！！！！,根据高德地图显示有62路319路69路230路公交车站，道路宽敞适合有车出行人士,,,,产权明晰，放心购房！！！！！！！！！！！！............................................,
138,昱湖上观洋房，环境物业完善......,130万,14607,经开区遥观镇,昱湖上观,3室2厅1厨1卫,高楼层 (共11层),89㎡,暂无数据,暂无数据,暂无数据,南,未知结构,毛坯,暂无数据,暂无数据,暂无数据,2023-12-09,商品房,暂无数据,普通住宅,暂无数据,共有,无抵押,未上传房本照片,使用面积很多 ，房东诚心出售，价格从优，物业品质有保障，！,,一、契税 1）如果是首套房，且住宅面积不大于90㎡的，契税缴纳比例1%；住宅面积大于90㎡，契税缴纳为1.5%。 2）如果是二套房，且住宅面积不大于90㎡，契税为1%；大于90㎡，契税为2%。 3）三套一律按3%缴纳契税。,,该房源配套齐全，有菜场小区内停车方便有新能源充电桩。邻里关系融洽治安好，适合上班族。,有城市环保自行车、多方向的公交车，很多主路，咱们出行都很便利,,,,,
139,小区生活实施齐全，商场，菜市场，银行等小区内有健,108万,7880,经开区遥观镇,观景苑,4室2厅1厨2卫,高楼层 (共6层),137.07㎡,暂无数据,暂无数据,板楼,南,钢混结构,简装,暂无数据,暂无数据,暂无数据,2024-01-08,商品房,2020-10-12,普通住宅,暂无数据,非共有,无抵押,已上传房本照片,小区生活实施齐全，商场，菜市场，小区生活实施齐全,,契税：A首套 90平以下1% B首套 90平以上1.5% C二套90平以下1% D二套90平以上2% E三套都是3% 增值税：满两年免征 不满2年权 额征收5.3% 个人所得税：不满5年或不唯一征1%,,,,,业主现在卖房改善换房，房子已经跟我看好，故诚心出售， 随时可以看房，业主随时可以签约，价格可商谈,户型周正，格局分布合理，空间感好，通透性强，居住舒适； 楼层佳，朝向南北，视野开阔，采光透亮,,
140,房子采光通透柔和， 布局合理，空间很大。,178万,15444,经开区遥观镇,遥光辰苑,3室2厅1厨2卫,高楼层 (共27层),115.26㎡,平层,86.05㎡,板楼,南,未知结构,精装,暂无数据,暂无数据,暂无数据,2024-02-21,商品房,2022-04-18,普通住宅,未满两年,共有,有抵押,已上传房本照片,小区环境优美，低密度社区，让人充分享受生活的美和惬意的生活。,,1）如果是首套房，且住宅面积不大于90㎡的，契税缴纳比例1%；住宅面积大于90㎡，契税缴纳为1.5%。 2）如果是二套房，且住宅面积不大于90㎡，契税为1%；大于90㎡，契税为2%。 3）三套一律按3%缴纳契税。,,既能是小哥哥小姐姐的婚房，也是家庭和睦其乐融融的港湾，宜居也宜家。,可以有公交69路，230路，62路等路线站台，地方还有共享单车。,,,,,
141,观景苑 5室2厅 南,172万,9168,经开区遥观镇,观景苑,5室2厅1厨3卫,高楼层 (共5层),187.62㎡,暂无数据,暂无数据,板楼,南,钢混结构,精装,暂无数据,暂无数据,暂无数据,2024-01-09,商品房,2008-07-29,普通住宅,暂无数据,非共有,无抵押,已上传房本照片,,,,,,,,,,,
142,精装修，满五唯一，户型周正！！,85万,10417,经开区遥观镇,观澜云庭,2室1厅1厨1卫,中楼层 (共4层),81.6㎡,暂无数据,暂无数据,板楼,南,钢混结构,简装,暂无数据,暂无数据,暂无数据,2024-02-18,商品房,2016-10-26,普通住宅,暂无数据,共有,无抵押,已上传房本照片,精装修，满五唯一，户型周正！！,,一、契税 1）如果是首套房，且住宅面积不大于90㎡的，契税缴纳比例1%；住宅面积大于90㎡，契税缴纳为1.5%。 2）如果是二套房，且住宅面积不大于90㎡，契税为1%；大于90㎡，契税为2%。 3）三套一律按3%缴纳契税。,,该房源配套齐全，有菜场小区内停车方便有新能源充电桩。邻里关系融洽治安好，适合上班族,根据高德地图显示有62路319路69路230路公交车站，道路宽敞适合有车出行人士。,,,,,
143,格局好，采光充足，无遮挡，视野开阔，户型周正,69.8万,8725,经开区遥观镇,临津花园,2室1厅1厨1卫,高楼层 (共27层),80㎡,暂无数据,暂无数据,暂无数据,南,钢混结构,毛坯,四梯四户,有,暂无数据,2024-01-10,商品房,暂无数据,普通住宅,暂无数据,共有,无抵押,未上传房本照片,格局好，采光充足，无遮挡，视野开阔，户型周正,小区生活实施齐全，商场，菜市场，银行等。2:小区内有健身器材，可供小区居民使用。3:小区停车位充足，建有地面临时停车位,契税:A:首套 90平米以下1%B:首套90平米以上1.5%C;二套90平米以下1%D:二套90平米以上2%E:三套3%2.满2年免征，不满2年全额征收5.35%3.个人 :不满5年征1%满5年且房东名下唯一住房可免,,,,,,户型周正，格局分布合理，空间感好，通透性强，居住舒适: 2、楼层佳，朝向南北，视野开阔，采光透亮:3、小区环境优美，绿化面积覆盖高，干净整洁，内有健身器材和娱乐广场，物业服务态度好,,
144,南向采光好 看房有钥匙 保养新 楼层好 采光佳 地段好,75万,9616,经开区遥观镇,观景苑,2室1厅1厨1卫,中楼层 (共5层),78㎡,暂无数据,暂无数据,板楼,南,钢混结构,简装,暂无数据,无,暂无数据,2024-03-07,商品房,暂无数据,普通住宅,暂无数据,共有,无抵押,未上传房本照片,南向采光好 看房有钥匙 保养新 楼层好 采光佳 地段好,小区生活实施齐全，商场，菜市场，银行等。 2：小区内有健身器材，小型篮球场，可供小区居民使用。 3：小区停车位充足，建有地面临时停车位以及底下停车位。 4：小区内24小时保安巡逻,契税：A首套 90平以下1% B首套 90平以上1.5% C二套90平以下1% D二套90平以上2% E三套都是3% 增值税：满两年免征 不满2年权 额征收5.3% 个人所得税：不满5年或不唯一征1%,,,,,业主现在卖房改善换房，房子已经跟我看好，故诚心出售， 随时可以看房，业主随时可以签约，价格可商谈,户型周正，格局分布合理，空间感好，通透性强，居住舒适； 楼层佳，朝向南北，视野开阔，采光透亮,,
145,房子简单装修 看房方便 个人产权产权清晰无贷款,78万,8185,经开区遥观镇,戚厂工房9区,3室1厅1厨1卫,中楼层 (共4层),95.3㎡,暂无数据,暂无数据,板楼,南,钢混结构,简装,暂无数据,暂无数据,暂无数据,2024-03-09,商品房,2024-03-09,普通住宅,未满两年,共有,无抵押,已上传房本照片,房子简单装修 看房方便 个人产权产权清晰无贷款,,,,,,,售房原因：业主原来在房子里居住，现在更换居住地，所以诚售 无贷款、产权清晰，个人产权，买房手续简单省心。,工房南区房龄还行，装修是简单装修。这套房子在2楼，老人居住上下也方便得,贷款抵押：房子无贷款无抵押 产权清晰 个人房产 无任何纠纷隐患,
146,户型方正，空间感好，通透性好，居住舒适。,87万,7493,经开区遥观镇,站北新村,3室2厅1厨2卫,高楼层 (共6层),116.12㎡,暂无数据,暂无数据,板楼,南 北,钢混结构,简装,暂无数据,暂无数据,暂无数据,2024-03-10,商品房,2024-03-11,普通住宅,未满两年,共有,无抵押,已上传房本照片,户型方正，空间感好，通透性好，居住舒适。,,90平以下首套二套1%，三套及以上3%90平以上首套1.5%，二套2%，三套及以上3%2：个税：全额的1%，满五年套住宅免征3：税：不满两年5.3%，满两年免征此房满五年，没有增值税，只有个人所得税和契税,,,有城市环保自行车、多方向的公交车，很多主路，咱们出行都很便利 房主自荐(业主对房源的描述),,,,此房产权清晰，房源真实，业主诚心出售，看房方便，过户全程陪同,
147,临津花园两房，户型方正，采光好，房东诚心出售,115万,9355,经开区遥观镇,临津花园,3室2厅1厨2卫,高楼层 (共27层),122.93㎡,暂无数据,暂无数据,暂无数据,南,未知结构,精装,暂无数据,暂无数据,暂无数据,2024-03-19,商品房,暂无数据,普通住宅,暂无数据,共有,无抵押,未上传房本照片,临津花园两房，户型方正，采光好，房东诚心出售,,一、契税 1）如果是首套房，且住宅面积不大于90㎡的，契税缴纳比例1%；住宅面积大于90㎡，契税缴纳为1.5%。 2）如果是二套房，且住宅面积不大于90㎡，契税为1%；大于90㎡，契税为2%。 3）三套一律按3%缴纳契税。,,该房源配套齐全，有菜场小区内停车方便有新能源充电桩。邻里关系融洽治安好，适合上班族,根据高德地图显示有62路319路69路230路公交车站，道路宽敞适合有车出行人士。,,,,,
148,小区生活实施齐全，商场，菜市场，银行等。,99万,9706,经开区遥观镇,今创茗园,3室2厅1厨1卫,低楼层 (共6层),102㎡,暂无数据,暂无数据,板楼,南,钢混结构,精装,暂无数据,暂无数据,暂无数据,2024-03-18,商品房,暂无数据,普通住宅,暂无数据,共有,无抵押,未上传房本照片,小区生活实施齐全，商场，菜市场，银行等。 2：小区内有健身,,、契税 1）如果是首套房，且住宅面积不大于90㎡的，契税缴纳比例1%；住宅面积大于90㎡，契税缴纳为1.5%。 2）如果是二套房，且住宅面积不大于90㎡，契税为1%；大于90㎡，契税为2%。 3）三套一律按3%缴纳契税。,,该房源配套齐全，有菜场小区内停车方便有新能源充电桩。邻里关系融洽治安好，适合上班族,根据高德地图显示有62路319路69路230路公交车站，道路宽敞适合有车出行人士,,,,,
149,诚售！刚需精装2房 户型透风性很好 价格可谈！！,83万,9755,经开区遥观镇,观墩花苑,2室2厅1厨1卫,中楼层 (共18层),85.09㎡,暂无数据,67.68㎡,板楼,南,钢混结构,精装,暂无数据,暂无数据,暂无数据,2024-03-11,商品房,2013-07-11,普通住宅,暂无数据,共有,有抵押,已上传房本照片,诚售！刚需精装2房 户型透风性很好 价格可谈！！,,90平以下首套二套1%，三套及以上3%90平以上首套1.5%，二套2%，三套及以上3%2：个税：全额的1%，满五年套住宅免征3：税：不满两年5.3%，满两年免征此房满五年，没有增值税，只有个人所得税和契税,区旁成熟社区，配套设施齐，菜场，娱乐场所，公园 银行 医院，适宜居住 让你步行就满足一切需要,,有城市环保自行车、多方向的公交车，很多主路，咱们出行都很便利,,,,,
150,户型方正，空间感好，通透性好，居住舒适。,80万,8514,经开区遥观镇,站北新村,3室1厅1厨1卫,中楼层 (共6层),93.97㎡,暂无数据,暂无数据,板楼,南,钢混结构,精装,暂无数据,暂无数据,暂无数据,2024-03-11,商品房,暂无数据,普通住宅,暂无数据,共有,有抵押,未上传房本照片,户型方正，空间感好，通透性好，居住舒适。,,90平以下首套二套1%，三套及以上3%90平以上首套1.5%，二套2%，三套及以上3%2：个税：全额的1%，满五年套住宅免征3：税：不满两年5.3%，满两年免征此房满五年，没有增值税，只有个人所得税和契税,,,有城市环保自行车、多方向的公交车，很多主路，咱们出行都很便利 房主自荐(业主对房源的描述),,,,此房产权清晰，房源真实，业主诚心出售，看房方便，过户全程陪同,
151,使用面积很多 ，房东诚心出售，价格从优,150万,16854,经开区遥观镇,昱湖上观,3室2厅1厨1卫,高楼层 (共13层),89㎡,平层,暂无数据,暂无数据,南,未知结构,精装,暂无数据,暂无数据,暂无数据,2024-03-16,商品房,2023-07-07,普通住宅,未满两年,共有,无抵押,已上传房本照片,使用面积很多 ，房东诚心出售，价格从优,,一、契税 1）如果是首套房，且住宅面积不大于90㎡的，契税缴纳比例1%；住宅面积大于90㎡，契税缴纳为1.5%。 2）如果是二套房，且住宅面积不大于90㎡，契税为1%；大于90㎡，契税为2%。 3）三套一律按3%缴纳契税。,,该房源配套齐全，有菜场小区内停车方便有新能源充电桩。邻里关系融洽治安好，适合上班族。,根据高德地图显示有62路319路69路230路公交车站，道路宽敞适合有车出行人士。,,,,,
152,遥光辰苑 3室2厅 南,115万,12638,经开区遥观镇,遥光辰苑,3室2厅1厨1卫,中楼层 (共27层),91㎡,暂无数据,暂无数据,暂无数据,南,未知结构,其他,暂无数据,暂无数据,暂无数据,2024-03-21,商品房,暂无数据,普通住宅,暂无数据,非共有,暂无数据,未上传房本照片,,,,,,,,,,,
153,小区生活实施齐全，商场，菜市场，银行等。,92万,8218,经开区遥观镇,观景苑,3室2厅1厨2卫,中楼层 (共5层),111.95㎡,暂无数据,暂无数据,板楼,南,钢混结构,精装,暂无数据,暂无数据,暂无数据,2024-02-27,商品房,2024-02-27,普通住宅,未满两年,共有,无抵押,已上传房本照片,小区生活实施齐全，商场，菜市场，银行等。 2：小区内有健,,契税：A首套 90平以下1% B首套 90平以上1.5% C二套90平以下1% D二套90平以上2% E三套都是3% 增值税：满两年免征 不满2年权 额征收5.3% 个人所得税：不满5年或不唯一征1%,,,,,业主现在卖房改善换房，房子已经跟我看好，故诚心出售， 随时可以看房，业主随时可以签约，价格可商谈,户型周正，格局分布合理，空间感好，通透性强，居住舒适； 楼层佳，朝向南北，视野开阔，采光透亮,,
154,小区生活实施齐全，商场，菜市场，银行等。小区内有健,37万,9250,经开区遥观镇,观景苑,1室1厅1厨1卫,中楼层 (共5层),40㎡,暂无数据,暂无数据,板楼,南,钢混结构,简装,暂无数据,无,暂无数据,2024-03-07,商品房,暂无数据,普通住宅,暂无数据,共有,无抵押,未上传房本照片,小区生活实施齐全，商场，菜市场，银行等。 2：小区内有健,,契税：A首套 90平以下1% B首套 90平以上1.5% C二套90平以下1% D二套90平以上2% E三套都是3% 增值税：满两年免征 不满2年权 额征收5.3% 个人所得税：不满5年或不唯一征1%,,,,,业主现在卖房改善换房，房子已经跟我看好，故诚心出售， 随时可以看房，业主随时可以签约，价格可商谈,户型周正，格局分布合理，空间感好，通透性强，居住舒适； 楼层佳，朝向南北，视野开阔，采光透亮,,
155,诚售！刚需精装2房 户型透风性很好 价格可谈！,85万,9165,经开区遥观镇,观墩花苑,2室2厅1厨1卫,高楼层 (共12层),92.75㎡,暂无数据,暂无数据,板楼,南,钢混结构,精装,暂无数据,暂无数据,暂无数据,2024-03-12,商品房,2013-07-29,普通住宅,暂无数据,非共有,无抵押,已上传房本照片,诚售！刚需精装2房 户型透风性很好 价格可谈！！,,90平以下首套二套1%，三套及以上3%90平以上首套1.5%，二套2%，三套及以上3%2：个税：全额的1%，满五年套住宅免征3：税：不满两年5.3%，满两年免征此房满五年，没有增值税，只有个人所得税和契税,区旁成熟社区，配套设施齐，菜场，娱乐场所，公园 银行 医院，适宜居住 让你步行就满足一切需要,,有城市环保自行车、多方向的公交车，很多主路，咱们出行都很便利,,,,,
156,楼层好 看房方便 戚厂工房北区,40万,9226,经开区遥观镇,戚厂工房北区,1室1厅1厨1卫,高楼层 (共4层),43.36㎡,暂无数据,暂无数据,暂无数据,南,未知结构,简装,暂无数据,暂无数据,暂无数据,2024-03-16,商品房,暂无数据,普通住宅,暂无数据,非共有,无抵押,未上传房本照片,保养好 户型方正 位置佳，楼层好 诚心出售,有地上停车场和地下车库。小区保安内24巡透，小区地理位置佳，绿化好 居民素质高 配套：有健身器材 小型篮球场 可供小区层民使用,"1、契税：首套房，90平米以下成交价的1%，90平米以上成交价的1.5%，
套房90平以上成交价的2%,2、增值税：产证满2年免收增值税，未满2年征收
5.5%：3、个税：产证满五年而且是一套住房，免收个税，未满5年成交价的
1%",,,,,,中间楼层，采光与视野都赶好。通透户型，通透性比较，客厅视野也很好。,,
157,小区绿化好，商场娱乐场所齐全，适合居住,90万,11539,经开区遥观镇,花溪兰庭,2室2厅1厨1卫,中楼层 (共15层),78㎡,暂无数据,暂无数据,板楼,南 北,钢混结构,精装,暂无数据,暂无数据,暂无数据,2024-01-19,商品房,暂无数据,普通住宅,暂无数据,共有,无抵押,未上传房本照片,小区绿化好，商场娱乐场所齐全，适合居住,小区道路四通八达，马路过去就有大润发购物广场，生活惬意，路边停车位很多。,如果是首套房，且住宅面积不大于90㎡的，契税缴纳比例1%；住宅面积大于90㎡，契税缴纳为1.5%。2）如果是二套房，且住宅面积不大于90㎡，契税为1%；大于90㎡，契税为2%。3）三套一律按3%缴纳契税。,,,,,,该房间三个大房空间通透，空间利用的好，装修的好，适合一家人居住。,,
158,看房方便 诚意出售 戚厂工房北区,40万,9226,经开区遥观镇,戚厂工房北区,1室1厅1厨1卫,高楼层 (共4层),43.36㎡,暂无数据,暂无数据,暂无数据,南,未知结构,简装,暂无数据,暂无数据,暂无数据,2024-03-16,商品房,暂无数据,普通住宅,暂无数据,非共有,无抵押,未上传房本照片,楼层好 保养好 户型方正 位置佳，楼层好,"有地上停车场和地下车库。小区保安内24巡透，小区地理位置佳，绿化好 居民素质高 配套：有健身器材 小型篮球场 可供小区层民使用
户型介绍：中间楼层，采光与视野都赶好。通透户型，通透性比较，客厅视野也很好。","1、契税：首套房，90平米以下成交价的1%，90平米以上成交价的1.5%，
套房90平以上成交价的2%,2、增值税：产证满2年免收增值税，未满2年征收
5.5%：3、个税：产证满五年而且是一套住房，免收个税，未满5年成交价的
1%",,,,,,中间楼层，采光与视野都赶好。通透户型，通透性比较，客厅视野也很好,,
159,观景苑 2室1厅 南,83万,9950,经开区遥观镇,观景苑,2室1厅1厨1卫,中楼层 (共5层),83.42㎡,暂无数据,暂无数据,板楼,南,钢混结构,精装,暂无数据,暂无数据,暂无数据,2024-03-20,商品房,2008-08-14,普通住宅,满五年,共有,无抵押,已上传房本照片,,,,,,,,,,,
160,精装修， 楼层好，得房高，仙湖公园旁。,57万,9345,经开区遥观镇,观澜云庭,2室1厅1厨1卫,低楼层 (共6层),61㎡,暂无数据,暂无数据,板楼,南 北,钢混结构,精装,暂无数据,暂无数据,暂无数据,2024-03-20,商品房,暂无数据,普通住宅,暂无数据,非共有,无抵押,未上传房本照片,小区生活实施齐全，商场，菜市场，银行等。,,"契税

1）如果是首套房，且住宅面积不大于90㎡的，契税缴纳比例1%；住宅面积大于90㎡，契税缴纳为1.5%。

2）如果是二套房，且住宅面积不大于90㎡，契税为1%；大于90㎡，契税为2%。

3）三套一律按3%缴纳契税。",,房源配套齐全，有菜场小区内停车方便有新能源充电桩。邻里关系融洽治安好，适合上班族。,根据高德地图显示有62路319路69路230路公交车站，道路宽敞适合有车出行人士。,,,,,
161,诚售！站北新村刚需精装2房 户型透风性很好 价格可谈,68万,7301,经开区遥观镇,站北新村,3室1厅1厨1卫,高楼层 (共6层),93.14㎡,暂无数据,暂无数据,板楼,南,钢混结构,简装,暂无数据,暂无数据,暂无数据,2023-12-23,商品房,暂无数据,普通住宅,暂无数据,共有,无抵押,未上传房本照片,诚售！站北新村刚需精装2房 户型透风性很好 价格可谈,,90平以下首套二套1%，三套及以上3%90平以上首套1.5%，二套2%，三套及以上3%2：个税：全额的1%，满五年套住宅免征3：税：不满两年5.3%，满两年免征此房满五年，没有增值税，只有个人所得税和契税,,,,,,户型方正，空间感好，通透性好，居住舒适。楼层佳，视野开阔，前面无遮挡，采光效果好。,此房产权清晰，房源真实，业主诚心出售，看房方便，过户全程陪同,
162,小高层，毛坯三房，中间楼层，采光充足，价格可谈,110万,11317,经开区遥观镇,碧水云庭,3室2厅1厨1卫,中楼层 (共17层),97.2㎡,暂无数据,暂无数据,暂无数据,南 北,未知结构,毛坯,暂无数据,暂无数据,暂无数据,2024-03-06,商品房,暂无数据,普通住宅,暂无数据,共有,有抵押,未上传房本照片,小高层，毛坯三房，中间楼层，采光充足，价格可谈,小区生活实施齐全，商场，市，菜市场，银行等。 2：小区内有健身器材，小型篮球场，可供小区居民使用。 3：小区停车位充足，建有地面临时停车位以及底下停车位。 4：小区内24小时保安巡逻,契税：A首套 90平以下1% B首套 90平以上1.5% C二套90平以下1% D二套90平以上2% E三套都是3%增值税：满两年免征 不满2年权.额征收5.6%个人所得税：不满5年征1%,万达商圈1000米，吾悦广场500米，距离弘阳广场3000米，武进中医院，常州三院，易买得配套齐全生活方便,,,,,,,
163,此小区配套齐全有菜场，新城物业品质有保障,108万,13627,经开区遥观镇,新城和昱文萃苑,2室2厅1厨1卫,低楼层 (共15层),79.26㎡,暂无数据,暂无数据,暂无数据,南,未知结构,毛坯,暂无数据,暂无数据,暂无数据,2024-02-27,商品房,暂无数据,普通住宅,暂无数据,共有,无抵押,未上传房本照片,此小区配套齐全有菜场，新城物业品质有保障,,一、契税 1）如果是首套房，且住宅面积不大于90㎡的，契税缴纳比例1%；住宅面积大于90㎡，契税缴纳为1.5%。 2）如果是二套房，且住宅面积不大于90㎡，契税为1%；大于90㎡，契税为2%。 3）三套一律按3%缴纳契税。,,该房源配套齐全，有菜场小区内停车方便有新能源充电桩。邻里关系融洽治安好，适合上班族。,,,房东整合资金，随时到场签约，钥匙房子物业，随时可以看房，房东愿意出一个点中介费,,,
164,昱湖上观洋房，环境物业完善......,125万,13920,经开区遥观镇,昱湖上观,3室2厅1厨1卫,中楼层 (共11层),89.8㎡,暂无数据,暂无数据,暂无数据,南,未知结构,毛坯,暂无数据,暂无数据,暂无数据,2023-12-09,商品房,暂无数据,普通住宅,暂无数据,共有,无抵押,未上传房本照片,使用面积很多 ，房东诚心出售，价格从优，物业品质有保障，！,,一、契税 1）如果是首套房，且住宅面积不大于90㎡的，契税缴纳比例1%；住宅面积大于90㎡，契税缴纳为1.5%。 2）如果是二套房，且住宅面积不大于90㎡，契税为1%；大于90㎡，契税为2%。 3）三套一律按3%缴纳契税。,,该房源配套齐全，有菜场小区内停车方便有新能源充电桩。邻里关系融洽治安好，适合上班族。,有城市环保自行车、多方向的公交车，很多主路，咱们出行都很便利,,,,,
165,户型方正，空间感好，通透性好，居住舒适。,43万,5581,经开区遥观镇,延陵东路153号,3室1厅1厨1卫,高楼层 (共6层),77.05㎡,暂无数据,暂无数据,暂无数据,东南,未知结构,简装,暂无数据,暂无数据,暂无数据,2024-03-12,商品房,2010-10-12,普通住宅,满五年,共有,无抵押,已上传房本照片,户型方正，空间感好，通透性好，居住舒适。,,一、契税1）如果是首套房，且住宅面积不大于90㎡的，契税缴纳比例1%；住宅面积大于90㎡，契税缴纳为1.5%。2）如果是二套房，且住宅面积不大于90㎡，契税为1%；大于90㎡，契税为2%。3）三套一律按3%缴纳契税。,,,有城市环保自行车、多方向的公交车，很多主路，咱们出行都很便利 房主自荐(业主对房源的描述),,,,此房产权清晰，房源真实，业主诚心出售，看房方便，过户全程陪同。,
166,戚厂工房3室2厅2卫 中间楼层 有钥匙 价格可以谈,128万,9277,经开区遥观镇,戚厂工房十区,3室2厅1厨2卫,中楼层 (共7层),137.99㎡,暂无数据,暂无数据,板楼,南,钢混结构,简装,暂无数据,暂无数据,暂无数据,2024-03-19,商品房,2001-11-19,普通住宅,满五年,共有,无抵押,已上传房本照片,"3室2卫，配套齐全,小区绿化环境舒适.人文环境好",小区环境好，物业管理好， 小区内有儿童娱乐场，小区停车位充足，电动车充电方便，绿化高，配套全。,契税：首套房，90平米以下成交价的1%，90平米以上成交价的1.5%；二套房90平米以上的成交价的2%。2 增值税:产证满2年免收增值税。3 个税：产证满5年而且是唯一一套住房，免收个税。,,,,,业主现诚心出售，证件齐，欢迎看房，随时恭候，如看中房子，价格可谈。,,,
167,小区生活实施齐全，商场菜市场，银行等。,88万,11000,经开区遥观镇,观景苑,2室1厅1厨1卫,中楼层 (共5层),80㎡,暂无数据,暂无数据,板楼,南,钢混结构,精装,暂无数据,暂无数据,暂无数据,2024-03-20,商品房,暂无数据,普通住宅,暂无数据,共有,无抵押,未上传房本照片,小区生活实施齐全，商场，菜市场，银行等。 2：小区内有健,,契税：A首套 90平以下1% B首套 90平以上1.5% C二套90平以下1% D二套90平以上2% E三套都是3% 增值税：满两年免征 不满2年权 额征收5.3% 个人所得税：不满5年或不唯一征1%,,,,,业主现在卖房改善换房，房子已经跟我看好，故诚心出售， 随时可以看房，业主随时可以签约，价格可商谈,户型周正，格局分布合理，空间感好，通透性强，居住舒适； 楼层佳，朝向南北，视野开阔，采光透亮,,
168,戚厂工房南区 2室2厅 南,70万,7510,经开区遥观镇,戚厂工房南区,2室2厅1厨1卫,高楼层 (共6层),93.21㎡,暂无数据,暂无数据,板楼,南,钢混结构,简装,暂无数据,暂无数据,暂无数据,2024-03-07,商品房,2009-02-25,普通住宅,满五年,共有,无抵押,已上传房本照片,,,,,,,,,,,
