,标题,总价格,单价,地段,小区名,房屋户型,所在楼层,建筑面积,户型结构,套内面积,建筑类型,房屋朝向,建筑结构,装修情况,梯户比例,配备电梯,楼层高度,挂牌时间,交易权属,上次交易,房屋用途,房屋年限,产权所属,抵押信息,房本备件,核心卖点,户型介绍,周边配套,税费解析,小区介绍,权属抵押,售房详情,交通出行,装修描述,别墅类型,适宜人群,房源核验码,查询房管备案记录
0,急售美的云筑大三房户型好 价格有来去,225万,18000,经开区潞城,美的云筑,3室2厅1厨2卫,中楼层 (共8层),125㎡,平层,暂无数据,暂无数据,南,未知结构,毛坯,暂无数据,暂无数据,暂无数据,2023-03-05,商品房,2022-08-24,普通住宅,未满两年,共有,有抵押 40万元,已上传房本照片,此房产权清晰，房源真实，业主诚心出售，看房方便，过户全程陪同,户型周正，格局分布合理，空间感好，通透性强，居住舒适； 2、楼层佳，朝向南北，视野开阔，采光透亮,好几家大型购物商场（永辉，好又多），综合菜场，药店，银行配套齐全，还有天宁吾悦购物广场，丁塘河湿地公园，爱琴海购物广场,"契税：首套房，90平米以下成交价的1％，90平米以上成交价的1.5％, 二套房90平以上成交价的2%,2、增值税：产证满2年免收增值税，未满2年征收5.3％； 3、个税：产证满五年而且是唯 一套住房，免收个税，未满5年成交价的1%",,,,,,,,,
1,港龙新港城 楼层佳 采光好 户型方正,135万,12564,经开区潞城,港龙.新港城,3室2厅1厨1卫,中楼层 (共34层),107.45㎡,暂无数据,暂无数据,板塔结合,南 北,钢混结构,精装,两梯四户,有,暂无数据,2023-09-24,商品房,2020-10-09,普通住宅,满两年,非共有,无抵押,已上传房本照片,港龙新港城 楼层佳 采光好 户型方正,,小区旁成熟社区，配套设施齐，菜场，娱乐场所，公园 银行 医院，适宜居住 让你步行就满足一切需要,"税费解析： 税费分析 1、契税：首套房，90平米以下成交价的1％，90平米以上成交价的1.5％, 二套房90平以上成交价的2%,2、增值税：产证满2年免收增值税，未满2年征收5.6％； 3、个税：产证满五年而且是一套住房，免收个税，未满5年成交价的1%",小区环境优美，舒适安静 适宜居住，出门即有公交菜场，银行 美食等 人文素养好，乐于助人，相处和谐,,,,,,,,
2,精装3房1卫双阳台 现房，无遮挡全天采光 随时看房,150万,15420,经开区潞城,万科潮起东方,3室2厅1厨2卫,低楼层 (共18层),97.28㎡,平层,暂无数据,暂无数据,南,未知结构,精装,暂无数据,暂无数据,暂无数据,2024-03-16,商品房,暂无数据,普通住宅,暂无数据,共有,无抵押,未上传房本照片,精装3房1卫双阳台 现房，无遮挡全天采光 随时看房,,综合市场，爱琴海购物广场，常青里巷，银行交通银行，中国工商银行，中国工商银行，邮政储蓄，吾悦广场。,税费解析：此房不满二，故个税是1%。契税：首套房90平米以上是成交价的1.5％； 二套房90平米以上是成交价的2％；三套房是成交价的3％，增值税5.3%。,,房东诚心出售 首付没要求 贷款全款都可以 没有贷款 过户全程陪同,,,,,,,
3,经开区公园壹号东边户 精装三房 保养好 看房方便,140万,10961,经开区潞城,公园壹号四期,3室2厅1厨2卫,高楼层 (共33层),127.73㎡,平层,100.5㎡,板塔结合,南,钢混结构,精装,两梯三户,有,暂无数据,2022-03-09,商品房,2013-01-30,普通住宅,暂无数据,共有,无抵押,已上传房本照片,此房满五唯一，业主自住，保养比较好，满五唯一,,,房子是商品房，满五唯一可以省掉1%个人所得税，契税是90平以下一套两套都是1%，90以上一套是1.5%，两套是2%，三套以上不论面积都是3%.,,,房子是业主自住，房子保养比较好，家电家具都是比较好的，东边户，想置换了因此出售,小区门口就有共享单车，短途出行比较方便，地铁2号线站点往东2km，西边就是青洋路高架，直通沪宁高速，长途便利。,,,,,
4,公园壹号四期 地铁口小区 房东诚心出售 产权清晰,145万,11353,经开区潞城,公园壹号四期,3室2厅1厨2卫,中楼层 (共33层),127.73㎡,平层,暂无数据,板塔结合,南 北,钢混结构,精装,两梯三户,有,暂无数据,2021-07-18,商品房,2013-02-21,普通住宅,暂无数据,共有,有抵押 8万元,已上传房本照片,此房格局通透，户型方正，楼层佳，视野开阔，阳光充足，看房方便,1.户型周正，格局分布合理，空间感好，通透性强，居住舒适 2.楼层佳，南北朝向，视野开阔，采光通透 3.小区环境优美，绿化覆盖面积多，干净整洁，内有健身器材和小型娱乐设施。物业服务态度好。,,"1、契税：首套房，90平米以下成交价的1％，90平米以上成交价的1.5％, 二套房90平以上成交价的2%,2、增值税：产证满2年免收增值税，未满2年征收5.3％； 3、个税：产证满五年而且是唯 一套住房，免收个税，未满5年成交价的1%",小区环境优美，绿化面积大，人车分流，车位充足人文素养高，乐于助人 相处和谐物业方便快捷，安保24小时巡逻，本小区设有门禁 闲杂人等不得入内,此房产权清晰，房源真实，业主诚心出售，看房方便，过户全程陪同,,,,,,,
5,公园壹号一期少有房源楼层佳户型好精装修居住舒适,140万,15012,经开区潞城,公园壹号花园,2室2厅1厨1卫,中楼层 (共10层),93.26㎡,平层,暂无数据,暂无数据,南 北,钢混结构,精装,暂无数据,暂无数据,暂无数据,2021-06-15,商品房,2017-06-02,普通住宅,暂无数据,非共有,无抵押,已上传房本照片,公园壹号一期少有房源。此房精装，房东比较爱惜，空间感足,户型周正，格局分布合理，空间感好，通透性强，居住舒适 2.楼层佳，南北朝向，视野开阔，采光通透 3.小区环境优美，绿化覆盖面积多，干净整洁，内有健身器材和小型娱乐设施。物业服务态度好,,,1、小区生活设施齐，商场、chao市、菜市场、银行等，交通便捷；2、小区内有健身器材，小型篮球场，可供小区居民使用；3、小区内停车位充足，建有地上停车场和地下车库；4、小区内24小时保安巡逻。,,,,清新简单风格的装修，走进去心情都会变得很好。一切都保养的很好,,,,
6,嘉州枫景苑！近街道 商圈配套成熟 出行方便,135万,10452,经开区潞城,嘉州枫景苑,4室2厅1厨2卫,低楼层 (共6层),129.17㎡,平层,115.23㎡,板楼,南,钢混结构,精装,暂无数据,暂无数据,暂无数据,2021-07-13,商品房,2014-11-13,普通住宅,暂无数据,共有,无抵押,已上传房本照片,此房格局通透，户型方正，楼层佳，视野开阔，阳光足,1.户型周正，格局分布合理，空间感好，通透性强，居住舒适 2.楼层佳，南北朝向，视野开阔，采光通透 3.小区环境优美，绿化覆盖面积多，干净整洁，内有健身器材和小型娱乐设施。物业服务态度好。,,"1、契税：首套房，90平米以下成交价的1％，90平米以上成交价的1.5％, 二套房90平以上成交价的2%,2、增值税：产证满2年免收增值税，未满2年征收5.3％； 3、个税：产证满五年而且是唯 一套住房，免收个税，未满5年成交价的1%",小区环境优美，绿化面积大，人车分流，车位充足人文素养高，乐于助人 相处和谐物业方便快捷，安保24小时巡逻，本小区设有门禁 闲杂人等不得入内,此房产权清晰，房源真实，业主诚心出售，看房方便，过户全程陪同,,,,,,,
7,公园壹号花园 三房 采光好 诚意出售,100万,10049,经开区潞城,公园壹号花园,3室2厅1厨1卫,低楼层 (共26层),99.52㎡,平层,75.81㎡,板楼,南,钢混结构,简装,两梯四户,有,暂无数据,2021-04-06,商品房,2011-12-15,普通住宅,暂无数据,共有,无抵押,已上传房本照片,公园壹号花园 三房 采光好 诚意出售,.户型周正，格局分布合理，空间感好，通透性强，居住舒适 2.楼层佳，南北朝向，视野开阔，采光通透 3.小区环境优美，绿化覆盖面积多，干净整洁，内有健身器材和小型娱乐设施。物业服务态度好,,A首套 90平以下1% B首套 90平以上1.5% C二套90平以下1% D二套90平以上2% E三套都是3%增值税：满两年免征 不满2年权.额征收5.6%个人所得税：不满5年征1%,、小区生活设施齐，商场、菜市场、银行等，交通便捷；2、小区内有健身器材，小型篮球场，可供小区居民使用；3、小区内停车位充足，建有地上停车场和地下车库；4、小区内24小时保安巡逻。5.户型周正，格局分布合理，空间感好，通透性佳,,,,,,,,
8,户型方正，阳光充足，房东诚心出售，产权清晰,155万,14929,经开区潞城,港龙紫荆城,3室2厅1厨1卫,低楼层 (共17层),103.83㎡,平层,暂无数据,板塔结合,南,钢混结构,精装,暂无数据,暂无数据,暂无数据,2022-02-21,商品房,2013-02-06,普通住宅,暂无数据,非共有,无抵押,已上传房本照片,此房格局通透，户型方正，阳光充足，房东诚心出售，产权清晰,1.户型周正，格局分布合理，空间感好，通透性强，居住舒适 2.楼层佳，南北朝向，视野开阔，采光通透 3.小区环境优美，绿化覆盖面积多，干净整洁，内有健身器材和小型娱乐设施。物业服务态度好,,"1、契税：首套房，90平米以下成交价的1％，90平米以上成交价的1.5％, 二套房90平以上成交价的2%,2、增值税：产证满2年免收增值税，未满2年征收5.3％； 3、个税：产证满五年而且是唯 一套住房，免收个税，未满5年成交价的1%",小区环境优美，绿化面积大，人车分流，车位充足人文素养高，乐于助人 相处和谐物业方便快捷，安保24小时巡逻，本小区设有门禁 闲杂人等不得入内,,,,,,,,
9,新城，公园一号四期，楼层好，采光好,132万,14174,经开区潞城,公园壹号四期,3室2厅1厨1卫,低楼层 (共33层),93.13㎡,平层,71.89㎡,塔楼,南,钢混结构,精装,两梯四户,有,暂无数据,2021-12-30,商品房,2012-10-22,普通住宅,暂无数据,非共有,无抵押,已上传房本照片,户型方正，通风好，位置好，视野开阔，业主诚心出售！,,c市，银行，菜场，购物广场，家门口，横塘河湿地公园旁，第七人民医院！,,小区，彩虹跑到，封闭式管理的小区，24小时安保，安全性比较好，24小时管家服务！,,,,,,,,
10,西边户别墅出售 旁边带一个大院子 产权清晰 看房方便,720万,28696,经开区潞城,公园壹号花园,5室3厅1厨4卫,低楼层 (共2层),250.91㎡,,暂无数据,,南,钢混结构,精装,,,暂无数据,2021-05-04,商品房,暂无数据,别墅,暂无数据,非共有,无抵押,未上传房本照片,此房格局通透，户型方正，阳光充足，精装，拎包入住，看房方便,1.户型周正，格局分布合理，空间感好，通透性强，居住舒适 2.楼层佳，南北朝向，视野开阔，采光通透 3.小区环境优美，绿化覆盖面积多，干净整洁，内有健身器材和小型娱乐设施。物业服务态度好。,规划的地铁2号线丁堰站800米，距离brt白金汉爵站500米，车行3min上龙城大道，商圈配套齐全，距离爱情海购物公园2公里左右,"1、契税：首套房，90平米以下成交价的1％，90平米以上成交价的1.5％, 二套房90平以上成交价的2%,2、增值税：产证满2年免收增值税，未满2年征收5.3％； 3、个税：产证满五年而且是唯 一套住房，免收个税，未满5年成交价的1%",小区环境优美，绿化面积大，人车分流，车位充足人文素养高，乐于助人 相处和谐物业方便快捷，安保24小时巡逻，本小区设有门禁 闲杂人等不得入内,此房产权清晰，房源真实，业主诚心出售，看房方便，过户全程陪同,,,,联排,,,
11,公园壹号空间感好楼层佳视野开阔,175万,13566,经开区潞城,公园壹号花园,3室2厅1厨1卫,低楼层 (共26层),129㎡,平层,暂无数据,塔楼,南,钢混结构,精装,暂无数据,暂无数据,暂无数据,2021-05-27,商品房,暂无数据,普通住宅,暂无数据,非共有,无抵押,未上传房本照片,房子楼层佳 视野开阔 采光很棒。精装修,1.户型周正，格局分布合理，空间感好，通透性强，居住舒适 2.楼层佳，南北朝向，视野开阔，采光通透 3.小区环境优美，绿化覆盖面积多，干净整洁，内有健身器材和小型娱乐设施。物业服务态度好,,契税：A首套 90平以下1% B首套 90平以上1.5% C二套90平以下1% D二套90平以上2% E三套都是3%增值税：满两年免征 不满2年权.额征收5.6%个人所得税：不满5年征1%,小区生活设施齐，商场、chao市、菜市场、银行等，交通便捷；2、小区内有健身器材，小型篮球场，可供小区居民使用；3、小区内停车位充足，建有地上停车场和地下车库；4、小区内24小时保安巡逻。5.户型周正，格局分布合理，空间感好，通透性佳,,,,,,,,
12,诚心出售，价格还可以商量，业主置换去南京买房,210万,16031,经开区潞城,公园壹号四期,3室2厅1厨2卫,低楼层 (共33层),131㎡,平层,暂无数据,塔楼,南,钢混结构,毛坯,两梯四户,有,暂无数据,2021-07-27,商品房,暂无数据,普通住宅,暂无数据,共有,无抵押,未上传房本照片,此房三开间朝南，格局通透，户型方正，产权清晰，楼层佳，采光好,1.户型周正，格局分布合理，空间感好，通透性强，居住舒适 2.楼层佳，南北朝向，视野开阔，采光通透 3.小区环境优美，绿化覆盖面积多，干净整洁，内有健身器材和小型娱乐设施。物业服务态度好。,,"1、契税：首套房，90平米以下成交价的1％，90平米以上成交价的1.5％, 二套房90平以上成交价的2%,2、增值税：产证满2年免收增值税，未满2年征收5.3％； 3、个税：产证满五年而且是唯 一套住房，免收个税，未满5年成交价的1%",小区环境优美，绿化面积大，人车分流，车位充足人文素养高，乐于助人 相处和谐物业方便快捷，安保24小时巡逻，本小区设有门禁 闲杂人等不得入内,此房产权清晰，房源真实，业主诚心出售，看房方便，过户全程陪同,,,,,,,
13,世茂云筑精装未入住三开间朝南业主诚心出,175万,17555,经开区潞城,美的云筑,3室2厅1厨2卫,低楼层 (共27层),99.69㎡,平层,暂无数据,暂无数据,东南,未知结构,精装,暂无数据,暂无数据,暂无数据,2023-11-03,商品房,暂无数据,普通住宅,暂无数据,非共有,无抵押,未上传房本照片,开发商精装修，设施全，出门就是公园和地铁。,,,契税：90平米以下成交价1%，90平米以上成交价的1.5%，二套房90平米以上成交价的2%，三套房成交价的3%，2、增值税：房产证满二年免征增值税，未满2年征收5.3%的税，3、个税：房产证满五唯一，免收个税，满五不唯一收1%的税。,,此房是一期现房，  房子 产权清晰，无抵押贷款、可直接安全交易。,,,此房是开发商精装修。配点家装就可入住。户型三南看房随时有钥匙,,,,
14,全新精装两房未入住！公园壹号好房 采光好等你来,109万,13303,经开区潞城,公园壹号四期,2室2厅1厨1卫,高楼层 (共33层),81.94㎡,平层,暂无数据,塔楼,南,钢混结构,精装,两梯四户,有,暂无数据,2023-08-26,商品房,2016-03-18,普通住宅,暂无数据,非共有,无抵押,已上传房本照片,公园壹号四期精装修，户型方正楼层好，业主诚心出售,户型方正，格局分布十分合理。空间感好。居住舒适。楼层佳。朝向南北。视野开阔。采光透亮。,,1.契税首套房90平方以下成交价的1%，90平方以上成交价的1.5%，二套房90平以上成交价的2% 增值税:产证满两年免收增值税，未满两年征收5.6% 个税:产证满五年，而且是一套住房，免收个税，未满五年成交价的1%,小区内有健身器材，可供小区居民使用 小区内停车位充足，建有地下停车场，人车分流，绿化到位,,,,,,,,
15,港龙紫荆城精致一居客卧分离朝南自住装修设施全,62万,9446,经开区潞城,港龙紫荆城,1室2厅1厨1卫,高楼层 (共29层),65.64㎡,平层,暂无数据,板塔结合,南,钢混结构,精装,两梯四户,有,暂无数据,2023-02-26,商品房,2017-08-03,普通住宅,满五年,非共有,有抵押 30万元,已上传房本照片,房子满五年 且是唯一住房，一直是自住，装修保养好客卧分离舒适,"房子是紫荆城为数不多的一室两厅的居住住宅，客厅和卧室都是朝南
且客卧分离，居住隐私性更好。",紫荆城西面是新怡华，餐饮、水果店等生活服务很齐全 丁塘河湿地公园、毓秀园、地铁2号线、白金汉爵大酒店等都近。,,,,,,装修保养很好的 天然气、阳台、客厅卧室都是单独分开的 隐私性更好 居住体验很棒。,,,,
16,精装蓝山湖！一楼带1000平左右的院子 居住舒适,580万,20715,经开区潞城,蓝山湖,5室2厅1厨3卫,低楼层 (共7层),280㎡,跃层,暂无数据,板楼,南,钢混结构,精装,暂无数据,暂无数据,暂无数据,2021-10-06,商品房,暂无数据,普通住宅,暂无数据,非共有,无抵押,未上传房本照片,此房格局通透，户型方正，带个大院子，居住舒适，随时看房,1.户型周正，格局分布合理，空间感好，通透性强，居住舒适 2.楼层佳，南北朝向，视野开阔，采光通透 3.小区环境优美，绿化覆盖面积多，干净整洁，内有健身器材和小型娱乐设施。物业服务态度好,,"1、契税：首套房，90平米以下成交价的1％，90平米以上成交价的1.5％, 二套房90平以上成交价的2%,2、增值税：产证满2年免收增值税，未满2年征收5.3％； 3、个税：产证满五年而且是唯 一套住房，免收个税，未满5年成交价的1%",小区环境优美，绿化面积大，人车分流，车位充足人文素养高，乐于助人 相处和谐物业方便快捷，安保24小时巡逻，本小区设有门禁 闲杂人等不得入内,此房产权清晰，房源真实，业主诚心出售，看房方便，过户全程陪同,,,,,,,
17,此房格局通透，户型方正，楼层佳，视野开阔，全天阳光,103万,11435,经开区潞城,豪景家园,2室1厅1厨1卫,中楼层 (共25层),90.08㎡,平层,暂无数据,板楼,南,钢混结构,精装,暂无数据,暂无数据,暂无数据,2023-02-25,商品房,2018-05-08,普通住宅,暂无数据,共有,有抵押 50万元,已上传房本照片,此房格局通透，户型方正，楼层佳，视野开阔，全天阳光,1.户型周正，格局分布合理，空间感好，通透性强，居住舒适 2.楼层佳，南北朝向，视野开阔，采光通透 3.小区环境优美，绿化覆盖面积多，干净整洁，内有健身器材和小型娱乐设施。物业服务态度好。,,"1、契税：首套房，90平米以下成交价的1％，90平米以上成交价的1.5％, 二套房90平以上成交价的2%,2、增值税：产证满2年免收增值税，未满2年征收5.3％； 3、个税：产证满五年而且是唯 一套住房，免收个税，未满5年成交价的1%",小区环境优美，绿化面积大，人车分流，车位充足人文素养高，乐于助人 相处和谐物业方便快捷，安保24小时巡逻，本小区设有门禁 闲杂人等不得入内,,,,,,,,
18,3房3卫公园壹号四期产证产权清晰很实用的房子,110万,13425,经开区潞城,公园壹号四期,3室2厅1厨3卫,高楼层 (共33层),81.94㎡,复式,暂无数据,塔楼,南,钢混结构,精装,暂无数据,暂无数据,暂无数据,2022-02-22,商品房,2019-06-12,普通住宅,暂无数据,共有,无抵押,已上传房本照片,此房格局户型方正，楼上不在产证面积上3房三卫视野开阔，阳光足,1.户型周正，格局分布合理，空间感好，通透性强，居住舒适 2.楼层佳，南北朝向，视野开阔，采光通透 3.小区环境优美，绿化覆盖面积多，干净整洁，内有健身器材和小型娱乐设施。物业服务态度好。,,"1、契税：首套房，90平米以下成交价的1％，90平米以上成交价的1.5％, 二套房90平以上成交价的2%,2、增值税：产证满2年免收增值税，未满2年征收5.3％； 3、个税：产证满五年而且是唯 一套住房，免收个税，未满5年成交价的1%",小区环境优美，绿化面积大，人车分流，车位充足人文素养高，乐于助人 相处和谐物业方便快捷，安保24小时巡逻，本小区设有门禁 闲杂人等不得入内,此房产权清晰，房源真实，业主诚心出售，看房方便，过户全程陪同,,,,,,,
19,此房格局通透，户型方正，阳光充足，产权清晰,100万,11434,经开区潞城,港龙紫荆城,2室1厅1厨1卫,低楼层 (共29层),87.46㎡,平层,66.59㎡,板塔结合,南,钢混结构,精装,两梯四户,有,暂无数据,2021-12-06,商品房,2014-04-04,普通住宅,暂无数据,共有,有抵押 19万元 客户偿还,已上传房本照片,此房格局通透，户型方正，阳光充足，房东诚心出售，产权清晰,1户型周正，格局分布合理，空间感好，通透性强，居住舒适 2.楼层佳，南北朝向，视野开阔，采光通透 3.小区环境优美，绿化覆盖面积多，干净整洁，内有健身器材和小型娱乐设施。物业服务态度好,,"1、契税：首套房，90平米以下成交价的1％，90平米以上成交价的1.5％, 二套房90平以上成交价的2%,2、增值税：产证满2年免收增值税，未满2年征收5.3％； 3、个税：产证满五年而且是唯 一套住房，免收个税，未满5年成交价的1%",小区环境优美，绿化面积大，人车分流，车位充足人文素养高，乐于助人 相处和谐物业方便快捷，安保24小时巡逻，本小区设有门禁 闲杂人等不得入内,,,,,,,,
20,公园壹号精装三房好楼层视野好户型方正看房有钥匙,115万,12409,经开区潞城,公园壹号四期,3室2厅1厨1卫,高楼层 (共33层),92.68㎡,平层,暂无数据,塔楼,南,钢混结构,精装,两梯四户,有,暂无数据,2023-06-06,商品房,2017-05-05,普通住宅,暂无数据,共有,无抵押,已上传房本照片,房子满五年唯一 方正三房 中上楼层 看房有钥匙,三开间朝南的大三居户型 南面双阳台方正明亮 结构合理，方便布局，居住舒适。,,,,贷款抵押：房子产权清晰 无贷款，无任何产权纠纷 看房的话有钥匙也很方便 业主诚售。,,,,,适宜人群：适合喜欢安静的客户群体，整栋居住人口少，比较简单的邻里关系 楼层不高，出入方便，适合喜欢低楼层的家庭居住。,,
21,公园壹号四期，精装，户型方正，楼层好，采光好,130万,10178,经开区潞城,公园壹号四期,3室2厅1厨2卫,低楼层 (共33层),127.73㎡,平层,暂无数据,板塔结合,东南,钢混结构,精装,两梯三户,有,暂无数据,2021-11-30,商品房,2013-01-22,普通住宅,暂无数据,非共有,无抵押,已上传房本照片,此房格局通透，户型方正，房东诚心出售，看房方便，看中价格小刀,1.户型周正，格局分布合理，空间感好，通透性强，居住舒适 2.楼层佳，南北朝向，视野开阔，采光通透 3.小区环境优美，绿化覆盖面积多，干净整洁，内有健身器材和小型娱乐设施。物业服务态度好。,,"1、契税：首套房，90平米以下成交价的1％，90平米以上成交价的1.5％, 二套房90平以上成交价的2%,2、增值税：产证满2年免收增值税，未满2年征收5.3％； 3、个税：产证满五年而且是唯 一套住房，免收个税，未满5年成交价的1%",小区环境优美，绿化面积大，人车分流，车位充足人文素养高，乐于助人 相处和谐物业方便快捷，安保24小时巡逻，本小区设有门禁 闲杂人等不得入内,,,,,,,,
22,楼层佳装修保存的很好  精致小3房 价格美丽,168万,15636,经开区潞城,港龙.新港城,3室2厅1厨2卫,中楼层 (共34层),107.45㎡,平层,暂无数据,板塔结合,南,钢混结构,精装,两梯四户,有,暂无数据,2021-09-19,商品房,暂无数据,普通住宅,暂无数据,共有,无抵押,未上传房本照片,此房格局通透，楼层好，视野开阔，阳光充足，看房.,1.户型周正，格局分布合理，空间感好，通透性强，居住舒适 2.楼层佳，南北朝向，视野开阔，采光通透 3.小区环境优美，绿化覆盖面积多，干净整洁，内有健身器材和小型娱乐设施,,"1、契税：首套房，90平米以下成交价的1％，90平米以上成交价的1.5％, 二套房90平以上成交价的2%,2、增值税：产证满2年免收增值税，未满2年征收5.3％； 3、个税：产证满五年而且是唯 一套住房，免收个税，未满5年成交价",小区环境优美，绿化面积大，人车分流，车位充足人文素养高，乐于助人 相处和谐物业方便快捷,此房产权清晰，房源真实，业主诚心出售，看房方便，过户全程陪同,,,,,,,
23,港龙新港城！生活配套齐全 楼层佳 视野开阔 阳光充足,90万,10113,经开区潞城,港龙.新港城,3室1厅1厨1卫,高楼层 (共34层),89㎡,平层,暂无数据,暂无数据,南,未知结构,毛坯,暂无数据,暂无数据,暂无数据,2021-04-13,商品房,暂无数据,普通住宅,暂无数据,非共有,无抵押,未上传房本照片,此房格局通透，户型方正，房东诚心出售，产权清晰，证件齐全,1.户型周正，格局分布合理，空间感好，通透性强，居住舒适 2.楼层佳，南北朝向，视野开阔，采光通透 3.小区环境优美，绿化覆盖面积多，干净整洁，内有健身器材和小型娱乐设施。物业服务态度好。,,"1、契税：首套房，90平米以下成交价的1％，90平米以上成交价的1.5％, 二套房90平以上成交价的2%,2、增值税：产证满2年免收增值税，未满2年征收5.3％； 3、个税：产证满五年而且是唯 一套住房，免收个税，未满5年成交价的1%",小区环境优美，绿化面积大，人车分流，车位充足人文素养高，乐于助人 相处和谐物业方便快捷，安保24小时巡逻，本小区设有门禁 闲杂人等不得入内,此房产权清晰，房源真实，业主诚心出售，看房方便，过户全程陪同,,,,,,,
24,蓝山湖！地铁口小区 经开学 房东诚心出售 产权清晰,170万,16505,经开区潞城,蓝山湖,3室2厅1厨1卫,高楼层 (共34层),103㎡,平层,暂无数据,板楼,南,钢混结构,简装,两梯五户,有,暂无数据,2021-08-27,商品房,暂无数据,普通住宅,暂无数据,共有,无抵押,未上传房本照片,此房格局通透，户型通透，楼层佳，视野开阔，阳光足，居住舒适,1.户型周正，格局分布合理，空间感好，通透性强，居住舒适 2.楼层佳，南北朝向，视野开阔，采光通透 3.小区环境优美，绿化覆盖面积多，干净整洁，内有健身器材和小型娱乐设施。物业服务态度好。,,"1、契税：首套房，90平米以下成交价的1％，90平米以上成交价的1.5％, 二套房90平以上成交价的2%,2、增值税：产证满2年免收增值税，未满2年征收5.3％； 3、个税：产证满五年而且是唯 一套住房，免收个税，未满5年成交价的1%",小区环境优美，绿化面积大，人车分流，车位充足人文素养高，乐于助人 相处和谐物业方便快捷，安保24小时巡逻，本小区设有门禁 闲杂人等不得入内,此房产权清晰，房源真实，业主诚心出售，看房方便，过户全程陪同,,,,,,,
25,潞城 港龙新港城 好房出售 户型方正 格局通透,168万,15427,经开区潞城,港龙.新港城,3室2厅1厨1卫,低楼层 (共18层),108.9㎡,平层,暂无数据,板塔结合,东南,钢混结构,精装,暂无数据,暂无数据,暂无数据,2020-09-07,商品房,暂无数据,普通住宅,暂无数据,共有,有抵押 10万元,未上传房本照片,此房格局通透，户型方正，潞城必看好房，楼层较低，出行方便,,小区旁成熟社区，配套设施齐，菜场，娱乐场所，公园 银行 医院，适宜居住 让你步行就满足一切需要,"税费分析 1、契税：首套房，90平米以下成交价的1％，90平米以上成交价的1.5％, 二套房90平以上成交价的2%,2、增值税：产证满2年免收增值税，未满2年征收5.6％； 3、个税：产证满五年而且是一套住房，免收个税，未满5年成交价的1%",小区环境优美，舒适安静 适宜居住，出门即有公交菜场，银行 *市 美食等 人文素养好，乐于助人，相处和谐,,,,,,,,
26,阳光充足  户型方正，配套设施齐全,135万,14517,经开区潞城,公园壹号四期,3室2厅1厨1卫,高楼层 (共33层),93㎡,平层,暂无数据,塔楼,南,钢混结构,精装,一梯四户,有,暂无数据,2021-01-11,商品房,暂无数据,普通住宅,暂无数据,共有,无抵押,未上传房本照片,公园壹号四期精致两房 楼层佳 诚意出售,1.户型周正，格局分布合理，空间感好，通透性强，居住舒适 2.楼层佳，南北朝向，视野开阔，采光通透 3.小区环境优美，绿化覆盖面积多，干净整洁，内有健身器材和小型娱乐设施。物业服务态度好,,契税：A首套 90平以下1% B首套 90平以上1.5% C二套90平以下1% D二套90平以上2% E三套都是3%增值税：满两年免征 不满2年权.额征收5.6%个人所得税：不满5年征1%,1、小区生活设施齐，商场、*市、菜市场、银行等，交通便捷；2、小区内有健身器材，小型篮球场，可供小区居民使用；3、小区内停车位充足，建有地上停车场和地下车库；4、小区内24小时保安巡逻。5.户型周正，格局分布合理，空间感好，通透性佳,,,,,,,,
27,急售牡丹招商公园学府三房 户型好地铁二号线,339万,23884,经开区潞城,牡丹招商·公园学府,3室2厅1厨2卫,高楼层 (共11层),141.94㎡,平层,暂无数据,暂无数据,南,未知结构,毛坯,暂无数据,暂无数据,暂无数据,2023-02-25,商品房,2023-01-16,普通住宅,未满两年,非共有,无抵押,已上传房本照片,此房户型好，户型位置好，房东诚心急卖。,户型周正，格局分布合理，空间感好，通透性强，居住舒适； 2、楼层佳，朝向南北，视野开阔，采光透亮,好几家大型购物商场（永辉，好又多），综合菜场，药店，银行配套齐全，还有天宁吾悦购物广场，丁塘河湿地公园，爱琴海购物广场,"契税：首套房，90平米以下成交价的1％，90平米以上成交价的1.5％, 二套房90平以上成交价的2%,2、增值税：产证满2年免收增值税，未满2年征收5.3％； 3、个税：产证满五年而且是唯 一套住房，免收个税，未满5年成交价的1%",,,,,,,,,
28,公园壹号四期 地铁口小区 房东诚心出售 新城物业好,116万,13648,经开区潞城,公园壹号四期,2室2厅1厨1卫,高楼层 (共33层),85㎡,平层,暂无数据,板塔结合,南,钢混结构,精装,一梯四户,有,暂无数据,2023-02-28,商品房,暂无数据,普通住宅,暂无数据,共有,有抵押 60万元 客户偿还,未上传房本照片,房子满五年唯一住房，去年装修，保养很好 拎包即住 邻近湿地..,三开间朝南的两居户型 方正明亮 结构合理，方便布局，居住舒适。,,,,贷款抵押：贷款还有20万，业主自还，产权清晰 看房的话也很方便 业主诚售。,,,,,楼层中下，不高 采光良好 进出公园方便 装修好 节省装修时间和成本，拎包即住。,,
29,公园壹号三期！地铁口小区 精装新房出售 从未入住,110万,14212,经开区潞城,公园壹号花园,2室2厅1厨1卫,中楼层 (共18层),77.4㎡,平层,暂无数据,板楼,南,钢混结构,精装,暂无数据,暂无数据,暂无数据,2021-08-24,商品房,暂无数据,普通住宅,暂无数据,共有,有抵押 70万元,未上传房本照片,此房格局通透，户型方正，房东诚心出售，产权清晰，随时方便看房,1.户型周正，格局分布合理，空间感好，通透性强，居住舒适 2.楼层佳，南北朝向，视野开阔，采光通透 3.小区环境优美，绿化覆盖面积多，干净整洁，内有健身器材和小型娱乐设施。物业服务态度好。,,"1、契税：首套房，90平米以下成交价的1％，90平米以上成交价的1.5％, 二套房90平以上成交价的2%,2、增值税：产证满2年免收增值税，未满2年征收5.3％； 3、个税：产证满五年而且是唯 一套住房，免收个税，未满5年成交价的1%",小区环境优美，绿化面积大，人车分流，车位充足人文素养高，乐于助人 相处和谐物业方便快捷，安保24小时巡逻，本小区设有门禁 闲杂人等不得入内,此房产权清晰，房源真实，业主诚心出售，看房方便，过户全程陪同,,,,,,,
30,急售牡丹招商公园学府三房 户型好地铁二号线,215万,22177,经开区潞城,牡丹招商·公园学府,3室2厅1厨2卫,中楼层 (共27层),96.95㎡,平层,暂无数据,暂无数据,南,未知结构,毛坯,暂无数据,暂无数据,暂无数据,2023-02-24,商品房,2023-01-12,普通住宅,未满两年,共有,有抵押 客户偿还,已上传房本照片,此房户型好，户型位置好，房东诚心急卖。,户型周正，格局分布合理，空间感好，通透性强，居住舒适； 2、楼层佳，朝向南北，视野开阔，采光透亮,好几家大型购物商场（永辉，好又多），综合菜场，药店，银行配套齐全，还有天宁吾悦购物广场，丁塘河湿地公园，爱琴海购物广场,"契税：首套房，90平米以下成交价的1％，90平米以上成交价的1.5％, 二套房90平以上成交价的2%,2、增值税：产证满2年免收增值税，未满2年征收5.3％； 3、个税：产证满五年而且是唯 一套住房，免收个税，未满5年成交价的1%",,,,,,,,,
31,房东诚心出售东方君开三房户型好看房方便,345万,25449,经开区潞城,东方君开,4室2厅1厨1卫,低楼层 (共7层),135.57㎡,平层,暂无数据,暂无数据,南,未知结构,毛坯,暂无数据,暂无数据,暂无数据,2023-03-11,商品房,2023-04-17,普通住宅,未满两年,共有,有抵押,已上传房本照片,此房户型好，户型位置好，房东诚心急卖,户型周正，格局分布合理，空间感好，通透性强，居住舒适； 2、楼层佳，朝向南北，视野开阔，采光透亮,好几家大型购物商场（永辉，好又多），综合菜场，药店，银行配套齐全，还有天宁吾悦购物广场，丁塘河湿地公园，爱琴海购物广场,"契税：首套房，90平米以下成交价的1％，90平米以上成交价的1.5％, 二套房90平以上成交价的2%,2、增值税：产证满2年免收增值税，未满2年征收5.3％； 3、个税：产证满五年而且是唯 一套住房，免收个税，未满5年成交价的1%",,,,,,,,,
32,此房户型好，户型位置好，房东诚心出售,260万,22343,经开区潞城,牡丹招商·公园学府,3室2厅1厨2卫,中楼层 (共27层),116.37㎡,平层,暂无数据,暂无数据,南 北,未知结构,精装,暂无数据,暂无数据,暂无数据,2023-03-29,商品房,2023-01-19,普通住宅,未满两年,共有,有抵押 90万元,已上传房本照片,环境优美：小区安静优雅，绿化较好，带有休闲设施，可在小区花园游玩，十分有情调。2.交通便利：公交车方向众多，外部道路宽阔，交通十分便利。 3.生活便利：小区内有，合理分布便利，生活用品及买菜十分便利，生活轻松,"契税：首套房，90平米以下成交价的1％，90平米以上成交价的1.5％, 二套房90平以上成交价的2%,2、增值税：产证满2年免收增值税，未满2年征收5.3％； 3、个税：产证满五年而且是唯 一套住房，免收个税，未满5年成交价的1%",,,户型周正，格局分布合理，空间感好，通透性强，居住舒适； 2、楼层佳，朝向南北，视野开阔，采光透亮,,,,,,,052440254236,此房户型好，户型位置好，房东诚心出售
33,牡丹招商学府精致好户型 采光好 价格可谈,265万,20933,经开区潞城,牡丹招商·公园学府,4室2厅1厨2卫,高楼层 (共18层),126.6㎡,平层,暂无数据,暂无数据,南 北,未知结构,毛坯,暂无数据,暂无数据,暂无数据,2023-05-07,商品房,暂无数据,普通住宅,暂无数据,共有,无抵押,未上传房本照片,此房户型好，户型位置好，房东诚心出售,户型周正，格局分布合理，空间感好，通透性强，居住舒适； 2、楼层佳，朝向南北，视野开阔，采光透亮,,"契税：首套房，90平米以下成交价的1％，90平米以上成交价的1.5％, 二套房90平以上成交价的2%,2、增值税：产证满2年免收增值税，未满2年征收5.3％； 3、个税：产证满五年而且是唯 一套住房，免收个税，未满5年成交价的1%",环境优美：小区安静优雅，绿化较好，带有休闲设施，可在小区花园游玩，十分有情调。2.交通便利：公交车方向众多，外部道路宽阔，交通十分便利。 3.生活便利：小区内有，合理分布便利，生活用品及买菜十分便利，生活轻松,,,,,,,,
34,高架旁公园畔生活舒适出行便利采光无遮挡,225万,22500,经开区潞城,美的云筑,3室2厅1厨1卫,低楼层 (共27层),100㎡,平层,暂无数据,暂无数据,南,未知结构,精装,暂无数据,暂无数据,暂无数据,2023-04-08,商品房,暂无数据,普通住宅,暂无数据,共有,无抵押,未上传房本照片,此房南北通格局楼层好视野宽阔采光充足配套设施齐,,,"税费分析 1、契税：首套房，90平米以下成交价的1％，90平米以上成交价的1.5％, 二套房90平以上成交价的2%，三套3% 2、增值税：产证满2年免收增值税，未满2年征收5.6％ 3、个税：产证满五年而且是一套住房，免收个税，未满5年成交价的1%。",小区地理位置好，交通、生活、健身、娱乐，都很方便，居住舒适。,,,门口就是高架，地铁口，距离校园，丁塘河湿地公园一路之隔，生活舒适交通便捷,,,,,
35,美的云筑 精装修交付三房采光好无遮挡 运河畔环境舒适,190万,16380,经开区潞城,美的云筑,3室2厅1厨2卫,低楼层 (共27层),116㎡,平层,暂无数据,暂无数据,北 南,未知结构,精装,暂无数据,暂无数据,暂无数据,2023-08-10,商品房,暂无数据,普通住宅,暂无数据,共有,无抵押,未上传房本照片,此房南北通格局楼层好视野宽阔采光充足配套设施齐,,,"税费分析 1、契税：首套房，90平米以下成交价的1％，90平米以上成交价的1.5％, 二套房90平以上成交价的2%，三套3% 2、增值税：产证满2年免收增值税，未满2年征收5.6％ 3、个税：产证满五年而且是一套住房，免收个税，未满5年成交价的1%。",小区地理位置好，交通、生活、健身、娱乐，都很方便，居住舒适。,,,门口就是高架，地铁口，距离校园，丁塘河湿地公园一路之隔，生活舒适交通便捷,,,,,
36,此房格局通透，户型方正，房东诚心出售，看房方便，,110万,12348,经开区潞城,港龙.新港城,2室2厅1厨2卫,高楼层 (共33层),89.09㎡,平层,暂无数据,板塔结合,南,钢混结构,毛坯,两梯四户,有,暂无数据,2021-10-29,商品房,暂无数据,普通住宅,暂无数据,非共有,无抵押,未上传房本照片,此房格局通透，户型方正，房东诚心出售，看房方便，楼层好。,1.户型周正，格局分布合理，空间感好，通透性强，居住舒适 2.楼层佳，南北朝向，视野开阔，采光通透 3.小区环境优美，绿化覆盖面积多，干净整洁，内有健身器材和小型娱乐设施。物业服务态度好。,,"1、契税：首套房，90平米以下成交价的1％，90平米以上成交价的1.5％, 二套房90平以上成交价的2%,2、增值税：产证满2年免收增值税，未满2年征收5.3％； 3、个税：产证满五年而且是唯 一套住房，免收个税，未满5年成交价的1%",小区环境优美，绿化面积大，人车分流，车位充足人文素养高，乐于助人 相处和谐物业方便快捷，安保24小时巡逻，本小区设有门禁 闲杂人等不得入内,,此房产权清晰，房源真实，业主诚心出售，看房方便，过户全程陪同,,,,,,
37,公园壹号四期！楼层佳 视野开阔 阳光充足 产权清晰,180万,14019,经开区潞城,公园壹号四期,3室2厅1厨2卫,中楼层 (共33层),128.4㎡,平层,暂无数据,塔楼,南,钢混结构,毛坯,两梯三户,有,暂无数据,2021-06-23,商品房,暂无数据,普通住宅,暂无数据,共有,无抵押,未上传房本照片,此房格局通透，户型方正，房东诚心出售，看房方便，看中价格小刀,1.户型周正，格局分布合理，空间感好，通透性强，居住舒适 2.楼层佳，南北朝向，视野开阔，采光通透 3.小区环境优美，绿化覆盖面积多，干净整洁，内有健身器材和小型娱乐设施。物业服务态度好。,,"1、契税：首套房，90平米以下成交价的1％，90平米以上成交价的1.5％, 二套房90平以上成交价的2%,2、增值税：产证满2年免收增值税，未满2年征收5.3％； 3、个税：产证满五年而且是唯 一套住房，免收个税，未满5年成交价的1%",小区环境优美，绿化面积大，人车分流，车位充足人文素养高，乐于助人 相处和谐物业方便快捷，安保24小时巡逻，本小区设有门禁 闲杂人等不得入内,此房产权清晰，房源真实，业主诚心出售，看房方便，过户全程陪同,,,,,,,
38,港龙新港城！楼层佳 视野开阔 阳光足 随时看房,125万,14329,经开区潞城,港龙.新港城,2室2厅1厨2卫,低楼层 (共34层),87.24㎡,平层,暂无数据,板楼,南 北,钢混结构,精装,暂无数据,暂无数据,暂无数据,2022-03-07,商品房,暂无数据,普通住宅,暂无数据,非共有,无抵押,未上传房本照片,此房格局通透，户型方正，出门就是地铁口，出行方便,1.户型周正，格局分布合理，空间感好，通透性强，居住舒适 2.楼层佳，南北朝向，视野开阔，采光通透 3.小区环境优美，绿化覆盖面积多，干净整洁，内有健身器材和小型娱乐设施。物业服务态度好,,"1、契税：首套房，90平米以下成交价的1％，90平米以上成交价的1.5％, 二套房90平以上成交价的2%,2、增值税：产证满2年免收增值税，未满2年征收5.3％； 3、个税：产证满五年而且是唯 一套住房，免收个税，未满5年成交价的1%",小区环境优美，绿化面积大，人车分流，车位充足人文素养高，乐于助人 相处和谐物业方便快捷，安保24小时巡逻，本小区设有门禁 闲杂人等不得入内,此房产权清晰，房源真实，业主诚心出售，看房方便，过户全程陪同,,,,,,,
39,·公园壹号！地铁口小区 楼层佳 前排无遮挡 看房方便,160万,14340,经开区潞城,公园壹号花园,3室2厅1厨1卫,高楼层 (共16层),111.58㎡,平层,暂无数据,暂无数据,南,未知结构,简装,暂无数据,暂无数据,暂无数据,2021-09-12,商品房,暂无数据,普通住宅,暂无数据,共有,无抵押,未上传房本照片,此房格局通透，户型方正，通风好，房东诚心出售，产权清晰,1.户型周正，格局分布合理，空间感好，通透性强，居住舒适 2.楼层佳，南北朝向，视野开阔，采光通透 3.小区环境优美，绿化覆盖面积多，干净整洁，内有健身器材和小型娱乐设施。物业服务态度好。,,"1、契税：首套房，90平米以下成交价的1％，90平米以上成交价的1.5％, 二套房90平以上成交价的2%,2、增值税：产证满2年免收增值税，未满2年征收5.3％； 3、个税：产证满五年而且是唯 一套住房，免收个税，未满5年成交价的1%",小区环境优美，绿化面积大，人车分流，车位充足人文素养高，乐于助人 相处和谐物业方便快捷，安保24小时巡逻，本小区设有门禁 闲杂人等不得入内,此房产权清晰，房源真实，业主诚心出售，看房方便，过户全程陪同,,,,,,,
40,此房格局通透，户型方正，楼层好，采光充足，,158万,12062,经开区潞城,公园壹号四期,3室2厅1厨2卫,低楼层 (共33层),131㎡,平层,暂无数据,塔楼,南,钢混结构,精装,暂无数据,暂无数据,暂无数据,2022-06-04,商品房,暂无数据,普通住宅,暂无数据,共有,无抵押,未上传房本照片,此房格局通透，户型方正，楼层好，采光充足，舒适安静。,,小区生活设施齐全，商场、菜市场、银行等。交通便捷 小区内设有健身器材、小型篮球场可供小区居民使用 小区内停车位充足，建有地上停车场和地下停车场 小区内24小时保安巡逻 户型方正、格局分布合理空间感好，通透性佳,税费分析1.契税首套房90平方以下成交价的1%，90平方以上成交价的1.5%，二套房90平以上成交价的2% 增值税:产证满两年免收增值税，未满两年征收5.6% 个税:产证满五年，而且是一套住房，免收个税，未满五年成交价的1%,,,,小区门口有99路公交直达新北恐龙园，77路公交直达火车东站 门口有地铁2号线，往西边可到钟楼区,,,,,
41,港龙新港城 精装三房 两开间朝南 位置好 采光佳,178万,14989,经开区潞城,港龙.新港城,3室1厅1厨1卫,低楼层 (共18层),118.76㎡,平层,暂无数据,板塔结合,南 北,钢混结构,精装,暂无数据,暂无数据,暂无数据,2022-07-04,商品房,暂无数据,普通住宅,暂无数据,非共有,有抵押 41万元,未上传房本照片,此房开发商精装交付未入住 两开间朝南 位置好 采光没影响,1.户型周正，格局分布合理，空间感好，通透性强，居住舒适 2.楼层佳，南北朝向，视野开阔，采光通透 3.小区环境优美，绿化覆盖面积多，干净整洁，内有健身器材和小型娱乐设施。物业服务态度好,,"1、契税：首套房，90平米以下成交价的1％，90平米以上成交价的1.5％, 二套房90平以上成交价的2%,2、增值税：产证满2年免收增值税，未满2年征收5.3％； 3、个税：产证满五年而且是唯 一套住房，免收个税，未满5年成交价的1%",小区环境优美，绿化面积大，人车分流，车位充足人文素养高，乐于助人 相处和谐物业方便快捷，安保24小时巡逻，本小区设有门禁 闲杂人等不得入内,,,,,,,,
42,公园壹号四期精装房，采光好位置佳，看房随时联系,210万,16000,经开区潞城,公园壹号四期,3室2厅1厨2卫,中楼层 (共33层),131.25㎡,平层,暂无数据,塔楼,南,钢混结构,精装,暂无数据,暂无数据,暂无数据,2021-08-30,商品房,暂无数据,普通住宅,暂无数据,共有,有抵押 30万元 公积金,未上传房本照片,此房格局通透，户型方正，楼层佳，视野开阔，阳光足，随时看房,1.户型周正，格局分布合理，空间感好，通透性强，居住舒适 2.楼层佳，南北朝向，视野开阔，采光通透 3.小区环境优美，绿化覆盖面积多，干净整洁，内有健身器材和小型娱乐设施。物业服务态度好。,,,小区环境优美，绿化面积大，人车分流，车位充足人文素养高，乐于助人 相处和谐物业方便快捷，安保24小时巡逻，本小区设有门禁 闲杂人等不得入内,此房产权清晰，房源真实，业主诚心出售，看房方便，过户全程陪同,,,,,,,
43,公园壹号三期 三开间朝南 楼层佳 视野开阔 阳光充足,180万,14174,经开区潞城,公园壹号花园,3室2厅1厨2卫,高楼层 (共18层),127㎡,平层,暂无数据,板楼,南,钢混结构,精装,暂无数据,暂无数据,暂无数据,2021-06-18,商品房,暂无数据,普通住宅,暂无数据,共有,无抵押,未上传房本照片,此房格局通透，户型方正，动静分离的格局，让您居住更舒适,1.户型周正，格局分布合理，空间感好，通透性强，居住舒适 2.楼层佳，南北朝向，视野开阔，采光通透 3.小区环境优美，绿化覆盖面积多，干净整洁，内有健身器材和小型娱乐设施。物业服务态度好。,,"1、契税：首套房，90平米以下成交价的1％，90平米以上成交价的1.5％, 二套房90平以上成交价的2%,2、增值税：产证满2年免收增值税，未满2年征收5.3％； 3、个税：产证满五年而且是唯 一套住房，免收个税，未满5年成交价的1",小区环境优美，绿化面积大，人车分流，车位充足人文素养高，乐于助人 相处和谐物业方便快捷，安保24小时巡逻，本小区设有门禁 闲杂人等不得入内,此房产权清晰，房源真实，业主诚心出售，看房方便，过户全程陪同,,,,,,,
44,蓝山湖！房东诚心出售 产权清晰 楼层佳 视野好 阳光足,185万,13806,经开区潞城,蓝山湖,3室2厅1厨2卫,中楼层 (共7层),134㎡,平层,暂无数据,板楼,南,钢混结构,毛坯,暂无数据,暂无数据,暂无数据,2021-05-24,商品房,暂无数据,普通住宅,暂无数据,共有,无抵押,未上传房本照片,此房格局通透，户型方正，楼层佳，视野开阔，随时方便看房,1.户型周正，格局分布合理，空间感好，通透性强，居住舒适 2.楼层佳，南北朝向，视野开阔，采光通透 3.小区环境优美，绿化覆盖面积多，干净整洁，内有健身器材和小型娱乐设施。物业服务态度好。,,"1、契税：首套房，90平米以下成交价的1％，90平米以上成交价的1.5％, 二套房90平以上成交价的2%,2、增值税：产证满2年免收增值税，未满2年征收5.3％； 3、个税：产证满五年而且是唯 一套住房，免收个税，未满5年成交价的1%",小区环境优美，绿化面积大，人车分流，车位充足人文素养高，乐于助人 相处和谐物业方便快捷，安保24小时巡逻，本小区设有门禁 闲杂人等不得入内,此房产权清晰，房源真实，业主诚心出售，看房方便，过户全程陪同,,,,,,,
45,港龙新港城！近地铁 生活气息强 房东诚心出售,174.9万,14337,经开区潞城,港龙.新港城,3室2厅1厨2卫,低楼层 (共34层),122㎡,平层,暂无数据,板塔结合,南,钢混结构,精装,两梯四户,有,暂无数据,2021-09-20,商品房,暂无数据,普通住宅,暂无数据,共有,有抵押 90万元 客户偿还,未上传房本照片,此房格局通透，户型方正，产权清晰，随时方便看房，价格可刀,1.户型周正，格局分布合理，空间感好，通透性强，居住舒适 2.楼层佳，南北朝向，视野开阔，采光通透 3.小区环境优美，绿化覆盖面积多，干净整洁，内有健身器材和小型娱乐设施。物业服务态度好,,"1、契税：首套房，90平米以下成交价的1％，90平米以上成交价的1.5％, 二套房90平以上成交价的2%,2、增值税：产证满2年免收增值税，未满2年征收5.3％； 3、个税：产证满五年而且是唯 一套住房，免收个税，未满5年成交价的1%",小区环境优美，绿化面积大，人车分流，车位充足人文素养高，乐于助人 相处和谐物业方便快捷，安保24小时巡逻，本小区设有门禁 闲杂人等不得入内,此房产权清晰，房源真实，业主诚心出售，看房方便，过户全程陪同,,,,,,,
46,户型方正，采光无影响，交通便利，配套齐全。,115万,14025,经开区潞城,公园壹号四期,2室2厅1厨1卫,低楼层 (共32层),82㎡,平层,暂无数据,塔楼,南,钢混结构,精装,两梯四户,有,暂无数据,2022-04-29,商品房,暂无数据,普通住宅,暂无数据,共有,有抵押 18万元 18 业主自还,未上传房本照片,此房格局通透，户型方正，楼层佳，视野开阔，阳光足,户型周正，格局分布合理，空间感好，通透性强，居住舒适 .小区环境优美，绿化覆盖面积多，干净整洁，内有健身器材和小型娱乐设施。物业服务态度好,,"契税：首套房，90平米以下成交价的1％，90平米以上成交价的1.5％, 二套房90平以上成交价的2%,2、增值税：产证满2年免收增值税，未满2年征收5.3％； 3、个税：产证满五年而且是唯 一套住房，免收个税，未满5年成交价的1%",,此房产权清晰，有抵押，房源真实，业主诚心出售，看房方便，过户全程陪同！,此房产权清晰，房源真实，业主诚心出售，看房方便，过户全程陪同,,,,,,
47,港龙紫荆城，地铁二号线旁，精装三房，楼层好采光刺眼,168万,13681,经开区潞城,港龙紫荆城,3室2厅1厨1卫,高楼层 (共29层),122.8㎡,平层,暂无数据,板楼,东南,钢混结构,精装,两梯四户,有,暂无数据,2021-10-10,商品房,暂无数据,普通住宅,暂无数据,共有,无抵押,未上传房本照片,此房格局通透，户型方正，阳光充足，房东诚心出售，产权清晰,1.户型周正，格局分布合理，空间感好，通透性强，居住舒适 2.楼层佳，南北朝向，视野开阔，采光通透 3.小区环境优美，绿化覆盖面积多，干净整洁，内有健身器材和小型娱乐设施。物业服务态度好,,"1、契税：首套房，90平米以下成交价的1％，90平米以上成交价的1.5％, 二套房90平以上成交价的2%,2、增值税：产证满2年免收增值税，未满2年征收5.3％； 3、个税：产证满五年而且是唯 一套住房，免收个税，未满5年成交价的1%",小区环境优美，绿化面积大，人车分流，车位充足人文素养高，乐于助人 相处和谐物业方便快捷，安保24小时巡逻，本小区设有门禁 闲杂人等不得入内,此房产权清晰，房源真实，业主诚心出售，看房方便，过户全程陪同,,,装修豪，华没得挑，家电家具房东都是选择的环保以及品牌的，因为是婚房所以买来可直接入住,,,,
48,公园壹号 顶复房 房东诚心出售 随时方便看房,109万,13598,经开区潞城,公园壹号四期,3室2厅1厨1卫,高楼层 (共33层),80.16㎡,平层,暂无数据,塔楼,南,钢混结构,精装,暂无数据,暂无数据,暂无数据,2021-04-23,商品房,暂无数据,普通住宅,暂无数据,共有,无抵押,未上传房本照片,此房精装，房东比较爱惜，装修保存比较完善，楼层.好,1.户型周正，格局分布合理，空间感好，通透性强，居住舒适 2.楼层佳，南北朝向，视野开阔，采光通透 3.小区环境优美，绿化覆盖面积多，干净整洁，内有健身器材和小型娱乐设施。物业服务态度好,,契税：A首套 90平以下1% B首套 90平以上1.5% C二套90平以下1% D二套90平以上2% E三套都是3%增值税：满两年免征 不满2年权.额征收5.6%个人所得税：不满5年征1%,小区生活设施齐，商场、菜市场、银行等，交通便捷；2、小区内有健身器材，小型篮球场，可供小区居民使用；3、小区内停车位充足，建有地上停车场和地下车库；4、小区内24小时保安巡逻。5.户型周正，格局分布合理，空间感好，通透性佳,,,,,,,,
49,港龙紫荆城两室两厅中等装修诚意出售,125万,13441,经开区潞城,港龙紫荆城,2室1厅1厨1卫,高楼层 (共29层),93㎡,平层,暂无数据,板楼,南,钢混结构,简装,暂无数据,暂无数据,暂无数据,2021-01-10,商品房,暂无数据,普通住宅,暂无数据,共有,无抵押,未上传房本照片,"：
生活方便 交通便利，地铁口350米 看房提前预约",,,"1、契税：首套房，90平米以下成交价的1％，90平米以上成交价的1.5％, 二套房90平以上成交价的2%,2、增值税：产证满2年免收增值税，未满2年征收5.6％； 3、个税：产证满五年而且是唯 一套住房，免收个税，未满5年成交价的1%",,业主现诚心出售，证件齐，欢迎看房，随时恭候，如看中房子，价格可谈。,此房产权清晰，房源真实，业主诚心出售，看房方便，过户全程陪同,,,,,,
50,港龙新港城毛坯两房有钥匙方便看房有车位可一起出售,125万,15068,经开区潞城,港龙.新港城,2室2厅1厨1卫,中楼层 (共34层),82.96㎡,平层,暂无数据,板塔结合,南,框架结构,毛坯,两梯四户,有,暂无数据,2020-12-26,商品房,暂无数据,普通住宅,暂无数据,共有,有抵押 40万元,未上传房本照片,此房格局通透，户型方正，楼层佳，阳光充足，价格可以小刀,1.户型周正，格局分布合理，空间感好，通透性强，居住舒适 2.楼层佳，南北朝向，视野开阔，采光通透,,"1、契税：首套房，90平米以下成交价的1％，90平米以上成交价的1.5％, 二套房90平以上成交价的2%,2、增值税：产证满2年免收增值税，未满2年征收5.3％； 3、个税：产证满五年而且是唯 一套住房，免收个税，未满5年成交价的1%",小区环境优美，绿化面积小区环境优美，绿化覆盖面积多，干净整洁，内有健身器材和小型娱乐设施。物业服务态度好 。人车分流，车位充足人文素养高，乐于助人 相处和谐物业方便快捷，安保24小时巡逻，本小区设有门禁 闲杂人等不得入内,此房产权清晰，房源真实，业主诚心出售，看房方便，过户全程陪同,,,,,,,
51,丁塘河湿地公园旁 精装三房 房东诚心出售,170万,17172,经开区潞城,美的云筑,3室2厅1厨1卫,低楼层 (共27层),99㎡,平层,暂无数据,暂无数据,南,未知结构,精装,暂无数据,暂无数据,暂无数据,2023-05-25,商品房,暂无数据,普通住宅,暂无数据,共有,有抵押,未上传房本照片,此房三房两厅，朝南双阳台开发商精装交付,,,首套房契税是1.5%，二套是2%，三套及以上是3%，不满二5.3增值税,美的开发的小区，刚刚交付，小区绿化好，物业服务到位，小区内设有儿童游乐区和健身区域，小区旁边就是丁塘河湿地公园，环境好。,,,小区交通便利，有地铁2号线和多路公交线路经过。有高架可以通往城市各个地方。,,,,,
52,此房满五不唯一，精装采光好，户型好，业主诚售,129万,14308,经开区潞城,港龙紫荆城,2室1厅1厨1卫,高楼层 (共29层),90.16㎡,平层,暂无数据,板塔结合,南 北,钢混结构,精装,两梯四户,有,暂无数据,2021-12-06,商品房,暂无数据,普通住宅,暂无数据,共有,有抵押 50万元 业主自还,未上传房本照片,此房满五不唯一，精装采光好，户型好，业主诚售,,小区西边有丁塘河湿地公园，南面有白金汉爵酒店，东面是爱情海商圈，北面是街道有大型市，医院，银行，幼儿园，,此房满五不唯一：故需要缴纳契税和个税。契税：A首套 90平以下1% B首套 90平以上1.5% C二套90平以下1% D二套90平以上2% E三套都是3%增值税：满两年免征 不满2年权.额征收5.6%个人所得税：不满5年征1%,1、小区生活设施齐，商场、菜市场、银行等，交通便捷；2、小区内有健身器材，小型篮球场，可供小区居民使用；3、小区内停车位充足，建有地上停车场和地下车库；4、小区内24小时保安巡逻。5.户型周正，格局分布合理，空间感好，通透性,,,小区门口有99路直达新北恐龙园，77路直达火车东站，门口有地铁2号线，西到钟楼区,,,,,
53,公园壹号花园80平米简装2房2厅环境物业较好满两年,99万,12354,经开区潞城,公园壹号花园,2室2厅1厨1卫,中楼层 (共26层),80.14㎡,平层,暂无数据,塔楼,南,钢混结构,简装,两梯三户,有,暂无数据,2022-02-09,商品房,暂无数据,普通住宅,暂无数据,共有,有抵押,未上传房本照片,此房简装，户型较好，楼层位置已挺好，满两年。,1.户型周正，格局分布合理，空间感好，通透性强，居住舒适 2.楼层佳，南北朝向，视野开阔，采光通透 3.小区环境优美，绿化覆盖面积多，干净整洁，内有健身器材和小型娱乐设施。物业服务态度好,,契税：A首套 90平以下1% B首套 90平以上1.5% C二套90平以下1% D二套90平以上2% E三套都是3%增值税：满两年免征 不满2年权.额征收5.6%个人所得税：不满5年征1%,1、小区生活设施齐，商场、c市、菜市场、银行等，交通便捷；2、小区内有健身器材，小型篮球场，可供小区居民使用；3、小区内停车位充足，建有地上停车场和地下车库；4、小区内24小时保安巡逻。5.户型周正，格局分布合理，空间感好，通透性佳,,,,,,,,
54,公园壹号四期！房子保养良好 拎包入住 随时可看,120万,14815,经开区潞城,公园壹号四期,2室2厅1厨1卫,高楼层 (共33层),81㎡,平层,暂无数据,塔楼,南,钢混结构,精装,暂无数据,暂无数据,暂无数据,2022-02-26,商品房,暂无数据,普通住宅,暂无数据,共有,无抵押,未上传房本照片,此房格局通透，户型方正，楼层佳， 视野开阔，阳光足,1.户型周正，格局分布合理，空间感好，通透性强，居住舒适 2.楼层佳，南北朝向，视野开阔，采光通透 3.小区环境优美，绿化覆盖面积多，干净整洁，内有健身器材和小型娱乐设施。物业服务态度好。,,"1、契税：首套房，90平米以下成交价的1％，90平米以上成交价的1.5％, 二套房90平以上成交价的2%,2、增值税：产证满2年免收增值税，未满2年征收5.3％； 3、个税：产证满五年而且是唯 一套住房，免收个税，未满5年成交价的1%",小区环境优美，绿化面积大，人车分流，车位充足人文素养高，乐于助人 相处和谐物业方便快捷，安保24小时巡逻，本小区设有门禁 闲杂人等不得入内,此房产权清晰，房源真实，业主诚心出售，看房方便，过户全程陪同,,,,,,,
55,公园壹号四期 3室1厅 南 北,125万,13441,经开区潞城,公园壹号四期,3室1厅1厨1卫,高楼层 (共33层),93㎡,平层,暂无数据,塔楼,南 北,钢混结构,精装,暂无数据,暂无数据,暂无数据,2023-02-12,商品房,暂无数据,普通住宅,暂无数据,共有,无抵押,未上传房本照片,,,,,,,,,,,,,
56,公园壹号毛坯3房2卫 满二 采光好 有钥匙随时看房,155万,11882,经开区潞城,公园壹号四期,3室2厅1厨2卫,低楼层 (共33层),130.46㎡,平层,暂无数据,塔楼,南,钢混结构,毛坯,两梯四户,有,暂无数据,2023-05-24,商品房,暂无数据,普通住宅,暂无数据,共有,无抵押,未上传房本照片,公园壹号毛坯3房2卫 满二 采光好 有钥匙随时看房,,综合市场，大卖场，德安医院，银行交通银行，中国工商银行，中国工商银行，邮政储蓄，吾悦广场。,税费解析：此房满二，故个税是1%。契税：首套房90平米以下是成交价的1％，90平米以上是成交价的1.5％； 二套房90平米以下是成交价的1％，90平米以上是成交价的2％；三套房是成交价的3％。,,此房无贷款，无抵押，产权清晰。房东对付款无要求，按照正常首付就可以。,,,,,,,
57,嘉州枫景苑 地铁口小区 产证清晰 有钥匙 随时方便看房,90万,10345,经开区潞城,嘉州枫景苑,2室2厅1厨1卫,低楼层 (共11层),87㎡,平层,暂无数据,板楼,南,钢混结构,精装,暂无数据,暂无数据,暂无数据,2021-07-16,商品房,暂无数据,普通住宅,暂无数据,共有,有抵押 60万元,未上传房本照片,此房格局通透，户型方正，楼层佳，视野开阔，阳光足，居住舒适,1.户型周正，格局分布合理，空间感好，通透性强，居住舒适 2.楼层佳，南北朝向，视野开阔，采光通透 3.小区环境优美，绿化覆盖面积多，干净整洁，内有健身器材和小型娱乐设施。物业服务态度好。,,"1、契税：首套房，90平米以下成交价的1％，90平米以上成交价的1.5％, 二套房90平以上成交价的2%,2、增值税：产证满2年免收增值税，未满2年征收5.3％； 3、个税：产证满五年而且是唯 一套住房，免收个税，未满5年成交价的1%",小区环境优美，绿化面积大，人车分流，车位充足人文素养高，乐于助人 相处和谐物业方便快捷，安保24小时巡逻，本小区设有门禁 闲杂人等不得入内,此房产权清晰，房源真实，业主诚心出售，看房方便，过户全程陪同,,,,,,,
58,房子原始房东，自住装修保养好，采光视野良好，,160万,12248,经开区潞城,公园壹号四期,3室2厅1厨2卫,中楼层 (共33层),130.64㎡,平层,暂无数据,板楼,南,钢混结构,精装,两梯四户,有,暂无数据,2023-08-02,商品房,暂无数据,普通住宅,暂无数据,共有,无抵押,未上传房本照片,房子原始房东，自住装修保养好，采光视野良好，省心舒适之选,房子户型是标准的两房 两个卧室和客厅的采光面都朝南 客厅位于中间 东西两侧为卧室的布局 很方正规整，便于家居家具的摆放。,,,公园壹号四期是公园壹号后期建造的一个花园式高层社区，绿化、楼间距都很优秀 邻湿地公园，健身休闲很方便 自驾出入高架也很便捷,,,交通情况：交通有地铁2号线潞城站和丁堰站，距离400米左右 公交车站牌在3期门口 环保自行车租赁归还点也在小区东门50米处 高架路龙城大道和青洋高架方便快速出行,,,,,
59,港龙紫荆城精装户型方正，阳光充足，房东诚心出售,90万,10000,经开区潞城,港龙紫荆城,2室2厅1厨1卫,低楼层 (共18层),90㎡,平层,暂无数据,板塔结合,南,钢混结构,精装,暂无数据,暂无数据,暂无数据,2021-08-01,商品房,暂无数据,普通住宅,暂无数据,共有,有抵押 5万元 业主自还,未上传房本照片,此房格局通透，户型方正，阳光充足，房东诚心出售，产权清晰,,小区西边有丁塘河湿地公园，南面有白金汉爵酒店，东面是爱情海商圈，北面是街道有大型市，医院，银行，幼儿园，,契税：A首套 90平以下1% B首套 90平以上1.5% C二套90平以下1% D二套90平以上2% E三套都是3%增值税：满两年免征 不满2年权.额征收5.6%个人所得税：不满5年征1%,小区生活设施齐，商场、、菜市场、银行等，交通便捷；2、小区内有健身器材，小型篮球场，可供小区居民使用；3、小区内停车位充足，建有地上停车场和地下车库；4、小区内24小时保安巡逻。5.户型周正，格局分布合理，空间感好，通透性,,,小区门口有99路直达新北恐龙园，77路直达火车东站，门口有地铁2号线，西到钟楼区,,,,,
60,港龙紫荆城 楼层佳 户型方正 格局通透 诚心出售,120万,13334,经开区潞城,港龙紫荆城,2室2厅1厨1卫,高楼层 (共29层),90㎡,平层,65.3㎡,板楼,南,钢混结构,简装,两梯四户,有,暂无数据,2021-06-07,商品房,暂无数据,普通住宅,暂无数据,非共有,有抵押 20万元,未上传房本照片,此房户型方正，看房方便，小区绿化遍及率较高，楼层佳，阳光充足,1.户型周正，格局分布合理，空间感好，通透性强，居住舒适 2.楼层佳，南北朝向，视野开阔，采光通透 3.小区环境优美，绿化覆盖面积多，干净整洁，内有健身器材和小型娱乐设施。物业服务态度好。,,契税：A首套 90平以下1% B首套 90平以上1.5% C二套90平以下1% D二套90平以上2% E三套都是3%增值税：满两年免征 不满2年权.额征收5.6%个人所得税：不满5年征1%,1、小区生活设施齐，商场、菜市场、银行等，交通便捷；2、小区内有健身器材，小型篮球场，可供小区居民使用；3、小区内停车位充足，建有地上停车场和地下车库；4、小区内24小时保安巡逻。5.户型周正，格局分布合理，空间感好，通透性,,,,,,,,
61,牡丹招商·公园学府 3室2厅 南,235万,20598,经开区潞城,牡丹招商·公园学府,3室2厅1厨2卫,低楼层 (共18层),114.09㎡,平层,暂无数据,暂无数据,南,未知结构,精装,暂无数据,暂无数据,暂无数据,2023-05-09,商品房,暂无数据,普通住宅,暂无数据,共有,有抵押,未上传房本照片,,,,,,,,,,,,,
62,蓝山湖精装大二房 房东工作调动 忍痛割爱 诚心出售,119万,13666,经开区潞城,蓝山湖,2室2厅1厨1卫,高楼层 (共34层),87.08㎡,平层,暂无数据,板楼,南,钢混结构,精装,两梯五户,有,暂无数据,2023-03-07,商品房,暂无数据,普通住宅,暂无数据,共有,有抵押 0万元,未上传房本照片,此房格局通透，户型方正，楼层佳，视野开阔，阳光充足,户型周正，格局分布合理，空间感好，通透性强，居住舒适 2.楼层佳，南北朝向，视野开阔，采光通透 3.小区环境优美，绿化覆盖面积多，干净整洁，内有健身器材和小型娱乐设施。物业服务态度好,,"1、契税：首套房，90平米以下成交价的1％，90平米以上成交价的1.5％, 二套房90平以上成交价的2%,2、增值税：产证满2年免收增值税，未满2年征收5.3％； 3、个税：产证满五年而且是唯 一套住房，免收个税，未满5年成交价的1%",小区环境优美，绿化面积大，人车分流，车位充足人文素养高，乐于助人 相处和谐物业方便快捷，安保24小时巡逻，本小区设有门禁,,,,,,,,
63,小区环境优雅，绿化面积大，东边高层视野好,89万,10988,经开区潞城,公园壹号花园,2室1厅1厨1卫,低楼层 (共18层),81㎡,平层,暂无数据,板楼,南,钢混结构,毛坯,暂无数据,暂无数据,暂无数据,2020-03-08,商品房,暂无数据,普通住宅,暂无数据,共有,无抵押,未上传房本照片,小区环境优雅，绿化面积大，东边高层视野好,,配套成熟，近有公园，酒店，*市，水果店，卫生服务站俱全。交通便利,首套房90㎡以下1%，以上1.5% 二套房90㎡以下1%，以上2% 三套房不论面积大小均为3% 2.增值税及附加： 满2年不论面积全免 不满2年全额的5.6% 3.个人所得税1%,,,业主人非 常友好、热情，很有诚意出售。欢迎看房，随时恭候户型棒，成熟小区管理,,,,,,
64,地铁口交通便利配套齐全 户型方正采光好 业主诚心出售,92万,11205,经开区潞城,公园壹号四期,2室2厅1厨1卫,低楼层 (共33层),82.11㎡,平层,63.41㎡,板塔结合,南,钢混结构,精装,一梯四户,有,暂无数据,2023-10-07,商品房,2014-03-05,普通住宅,暂无数据,共有,无抵押,已上传房本照片,房子原始房东，自住装修保养好，采光视野良好，省心舒适之选,房子户型是标准的两房 两个卧室和客厅的采光面都朝南 客厅位于中间 东西两侧为卧室的布局 很方正规整，便于家居家具的摆放。,,,公园壹号四期是公园壹号后期建造的一个花园式高层社区，绿化、楼间距都很优秀 邻湿地公园，健身休闲很方便 自驾出入高架也很便捷,,,交通有地铁2号线潞城站和丁堰站，距离400米左右 公交车站牌在3期门口 环保自行车租赁归还点也在小区东门50米处 高架路龙城大道和青洋高架方便快速出行,,,,,
65,公园壹号四期精致两房 保养好 诚心出售,115万,14078,经开区潞城,公园壹号四期,2室2厅1厨1卫,中楼层 (共33层),81.69㎡,平层,暂无数据,塔楼,南,钢混结构,精装,两梯四户,有,暂无数据,2023-05-07,商品房,暂无数据,普通住宅,暂无数据,共有,有抵押,未上传房本照片,房子满五年住房，装修清爽，保养很好 拎包即住 邻近湿地公园,三开间朝南的两居户型 方正明亮 结构合理，方便布局，居住舒适。,,,,贷款抵押：房子产权清晰 无任何纠纷 看房的话也很方便 业主诚售。,,,,,楼层采光良好 进出公园方便 装修好 节省装修时间和成本，拎包即住。,,
66,地鉄口 公园壹号四期 精装修两房 价好谈有钥匙随时看,115万,14375,经开区潞城,公园壹号四期,2室2厅1厨1卫,中楼层 (共33层),80㎡,平层,暂无数据,塔楼,南,钢混结构,精装,两梯三户,有,暂无数据,2023-05-12,商品房,暂无数据,普通住宅,暂无数据,共有,有抵押,未上传房本照片,房子楼层很好，装修清爽，保养很好 拎包即住 邻近湿地..,三开间朝南的两居户型 方正明亮 结构合理，方便布局，居住舒适。,,,,房子产权清晰 无任何纠纷 看房有钥匙，随时可以， 业主诚售。,,,,,楼层采光良好 进出公园方便 装修好 节省装修时间和成本，拎包即住。,,
67,公园壹号四期精装修，户型方正楼层好，业主诚心出售,95万,11628,经开区潞城,公园壹号四期,2室2厅1厨1卫,中楼层 (共32层),81.7㎡,平层,63.25㎡,塔楼,南,钢混结构,精装,两梯四户,有,暂无数据,2023-08-17,商品房,2013-03-15,普通住宅,暂无数据,共有,无抵押,已上传房本照片,公园壹号四期精装修，户型方正楼层好，业主诚心出售,户型方正，格局分布十分合理。空间感好。居住舒适。楼层佳。朝向南北。视野开阔。采光透亮。,,1.契税首套房90平方以下成交价的1%，90平方以上成交价的1.5%，二套房90平以上成交价的2% 增值税:产证满两年免收增值税，未满两年征收5.6% 个税:产证满五年，而且是一套住房，免收个税，未满五年成交价的1%,小区内有健身器材，可供小区居民使用 小区内停车位充足，建有地下停车场，人车分流，绿化到位,,,,,,,,
68,公园壹号四期中上楼层无遮挡阳光充裕2居邻湿地公园,110万,13415,经开区潞城,公园壹号四期,2室2厅1厨1卫,高楼层 (共33层),82㎡,平层,暂无数据,板塔结合,南,钢混结构,精装,一梯四户,有,暂无数据,2022-12-03,商品房,暂无数据,普通住宅,暂无数据,共有,有抵押 40万元,未上传房本照片,"1.中上楼层，视野采光皆佳
2.户型方正，无浪费面积
3.精致装修。","房间格局三开间朝南，采光充足
客餐厅一体，符合使用习惯
客厅朝南，视野佳。",商天宁吾悦商圈近在咫尺，工商银行，江南银行，5大购物C市家门口，小区前菜场!成熟小区繁华 小区生活实施齐全，商场，菜市场，银行等。 2：小区内有健身器材，小型篮球场，可供小区居民使用。 3：小区停车位充足，建有地面临时停车位以及底下停车位。,,生活实施齐全，商场，菜市场，银行等。 2：小区内有健身器材，小型篮球场，可供小区居民使用。 3：小区停车位充足，建有地面临时停车位以及底下停车位。 4：小区内24小时保安巡逻,,,,,,,,
69,美的云筑精装小三房，中上楼层，视野好。,220万,22000,经开区潞城,美的云筑,3室2厅1厨2卫,低楼层 (共27层),100㎡,平层,暂无数据,暂无数据,南,未知结构,精装,暂无数据,暂无数据,暂无数据,2023-08-30,商品房,暂无数据,普通住宅,暂无数据,共有,有抵押,未上传房本照片,房子是准新房，开发商精装修的。一天未入住，小区物业好。,房龄环境比较好，小区是新的，还不满二，但是可以交税过户。户型也是小三房格局，三朝南户型。小区采用人车分流。,地理位置比较理想，离地铁近，有大型综合市场，还有公园，出行的话有公交车。小区环境物业好，人车分流,,,,,,房子是可以拎包入住的，因为是开发商精装修交付的，只需要买软装。硬装用的都是品牌家具家电。楼层也是中间楼层，视野采光好。,,,,
70,港龙新港城 准新房 楼层佳 采光好 户型方正,120万,10923,经开区潞城,港龙.新港城,3室2厅1厨1卫,低楼层 (共35层),109.86㎡,平层,暂无数据,板塔结合,南 北,框架结构,精装,一梯四户,有,暂无数据,2024-02-20,商品房,2018-08-09,普通住宅,满五年,非共有,无抵押,已上传房本照片,港龙新港城 准新房 楼层佳 采光好 户型方正,,区旁成熟社区，配套设施齐，菜场，娱乐场所，公园 银行 医院，适宜居住 让你步行就满足一切需要,"税费解析： 税费解析： 税费分析 1、契税：首套房，90平米以下成交价的1％，90平米以上成交价的1.5％, 二套房90平以上成交价的2%,2、增值税：产证满2年免收增值税，未满2年征收5.6％； 3、个税：产证满五年而且是一套住房，免收个税，未满5年成交价的1%",小区环境优美，舒适安静 适宜居住，出门即有公交菜场，银行 美食等 人文素养好，乐于助人，相处和谐,,,,,,,,
71,小高层楼层佳三开间朝南户型方正房东诚心出售产权清晰,226万,18694,经开区潞城,东方君开,4室2厅1厨2卫,低楼层 (共7层),120.9㎡,平层,99.48㎡,暂无数据,南,未知结构,毛坯,暂无数据,暂无数据,暂无数据,2024-01-10,商品房,2023-04-04,普通住宅,未满两年,非共有,有抵押 常州融资担保公司,已上传房本照片,小高层 楼层佳 三开间朝南 户型方正 房东诚心出售 产权清晰,户型周正，格局分布合理，空间感好，通透性强，居住舒适； 2、楼层佳，朝向南北，视野开阔，采光透亮,好几家大型购物商场（永辉，好又多），综合菜场，药店，银行配套齐全，还有天宁吾悦购物广场，丁塘河湿地公园，爱琴海购物广场,"契税：首套房，90平米以下成交价的1％，90平米以上成交价的1.5％, 二套房90平以上成交价的2%,2、增值税：产证满2年免收增值税，未满2年征收5.3％； 3、个税：产证满五年而且是唯 一套住房，免收个税，未满5年成交价的1%",,,,,,,,,
72,此房南北通格局楼层好视野宽阔采光充足配套设施齐,234万,16995,经开区潞城,美的云筑,3室2厅1厨2卫,中楼层 (共20层),137.69㎡,平层,暂无数据,暂无数据,南,未知结构,精装,暂无数据,暂无数据,暂无数据,2024-02-29,商品房,暂无数据,普通住宅,暂无数据,共有,无抵押,未上传房本照片,此房南北通格局楼层好视野宽阔采光充足配套设施齐,,,"1、契税：首套房，90平米以下成交价的1％，90平米以上成交价的1.5％, 二套房90平以上成交价的2%，三套3% 2、增值税：产证满2年免收增值税，未满2年征收5.6％ 3、个税：产证满五年而且是一套住房，免收个税，未满5年成交价的1%。",小区地理位置好，交通、生活、健身、娱乐，都很方便，居住舒适。,,,门口就是高架，地铁口，距离校园，丁塘河湿地公园一路之隔，生活舒适交通便捷,,,,,
73,"此房格局好,方正户型,全天采光,户型方正视野好",250万,20578,经开区潞城,东方君开,4室2厅1厨2卫,高楼层 (共7层),121.49㎡,平层,暂无数据,暂无数据,南,未知结构,简装,暂无数据,暂无数据,暂无数据,2024-02-29,商品房,2023-04-10,普通住宅,未满两年,共有,有抵押 110万元,已上传房本照片,"此房格局好,方正户型,全天采光,户型方正视野好","房格局好,户型方正,全天采光,户型方正视野好,干湿分离,明厨明卫",,1.契税:A:首套 90平米以下1%B:首套90平米以上1.5%C;二套90平米以下1%D:二套90平米以上2%E:三套3%2.满2年免征，不满2年全额征收5.35%3.个人 :不满5年征1%满5年且房东名下唯一住房可免,1:小区生活实施齐全，商场，菜市场，银行等。2:小区内有健身器材，可供小区居民使用。3:小区停车位充足，建有地面临时停车位,,"业主人友好、热情,很有诚意出售。欢迎看房,随时恭候户型棒,成熟小区管",,,,,,
74,中间楼层 三开间朝南 户型方正 房东诚心出售 产权清晰,168万,14359,经开区潞城,东方君开,3室2厅0厨2卫,低楼层 (共27层),117㎡,平层,暂无数据,暂无数据,南,未知结构,毛坯,暂无数据,暂无数据,暂无数据,2024-01-17,商品房,暂无数据,普通住宅,暂无数据,非共有,有抵押 70万元 工商银行 客户偿还,未上传房本照片,中间楼层 三开间朝南 户型方正 房东诚心出售 产权清晰,户型周正，格局分布合理，空间感好，通透性强，居住舒适； 2、楼层佳，朝向南北，视野开阔，采光透亮,好几家大型购物商场（永辉，好又多），综合菜场，药店，银行配套齐全，还有天宁吾悦购物广场，丁塘河湿地公园，爱琴海购物广场,"契税：首套房，90平米以下成交价的1％，90平米以上成交价的1.5％, 二套房90平以上成交价的2%,2、增值税：产证满2年免收增值税，未满2年征收5.3％； 3、个税：产证满五年而且是唯 一套住房，免收个税，未满5年成交价的1%",,,,,,,,,
75,美的云筑精装三大件，紧靠公园和D铁口，三南大横厅。,235万,17318,经开区潞城,美的云筑,3室2厅1厨2卫,低楼层 (共22层),135.7㎡,平层,暂无数据,暂无数据,东 南 北,未知结构,精装,暂无数据,暂无数据,暂无数据,2023-12-24,商品房,2023-06-21,普通住宅,未满两年,共有,无抵押,已上传房本照片,美的云筑精装三大件，紧靠公园和D铁口，三南大横厅。,户型周正，格局分布合理，空间感好，通透性强，居住舒适； 2、楼层佳，朝向南北，视野开阔，采光透亮,好几家大型购物商场（永辉，好又多），综合菜场，药店，银行配套齐全，还有天宁吾悦购物广场，丁塘河湿地公园，爱琴海购物,,,此房产权清晰，房源真实，业主诚心出售，看房方便，过户全程陪同,,,,,,,
76,港龙新港城 准新房 楼层佳 采光好 户型方正,205万,17262,经开区潞城,港龙.新港城,3室1厅1厨1卫,高楼层 (共19层),118.76㎡,暂无数据,暂无数据,板塔结合,南,钢混结构,精装,暂无数据,暂无数据,暂无数据,2023-11-23,商品房,2020-09-14,普通住宅,暂无数据,非共有,无抵押,已上传房本照片,港龙新港城 准新房 楼层佳 采光好 户型方正,,区旁成熟社区，配套设施齐，菜场，娱乐场所，公园 银行 医院，适宜居住 让你步行就满足一切需要,"税费解析： 税费解析： 税费分析 1、契税：首套房，90平米以下成交价的1％，90平米以上成交价的1.5％, 二套房90平以上成交价的2%,2、增值税：产证满2年免收增值税，未满2年征收5.6％； 3、个税：产证满五年而且是一套住房，免收个税，未满5年成交价的1%",小区环境优美，舒适安静 适宜居住，出门即有公交菜场，银行 美食等 人文素养好，乐于助人，相处和谐,,,,,,,,
77,港龙新港城 准新房 楼层佳 采光好 户型方正,138万,13267,经开区潞城,港龙.新港城,3室1厅1厨1卫,中楼层 (共18层),104.02㎡,暂无数据,82.35㎡,暂无数据,南 北,未知结构,精装,暂无数据,暂无数据,暂无数据,2023-09-16,商品房,2020-05-22,普通住宅,暂无数据,非共有,无抵押,已上传房本照片,港龙新港城 准新房 楼层佳 采光好 户型方正,,区旁成熟社区，配套设施齐，菜场，娱乐场所，公园 银行 医院，适宜居住 让你步行就满足一切需要,"税费解析： 税费解析： 税费分析 1、契税：首套房，90平米以下成交价的1％，90平米以上成交价的1.5％, 二套房90平以上成交价的2%,2、增值税：产证满2年免收增值税，未满2年征收5.6％； 3、个税：产证满五年而且是一套住房，免收个税，未满5年成交价的1%",小区环境优美，舒适安静 适宜居住，出门即有公交菜场，银行 美食等 人文素养好，乐于助人，相处和谐,,,,,,,,
78,此房格局通透，户型方正，楼层佳，阳光足，,88万,10981,经开区潞城,公园壹号花园,2室2厅1厨1卫,中楼层 (共26层),80.14㎡,暂无数据,暂无数据,塔楼,南,钢混结构,简装,暂无数据,暂无数据,暂无数据,2023-11-21,商品房,暂无数据,普通住宅,暂无数据,共有,无抵押,未上传房本照片,此房格局通透，户型方正，楼层佳，视野开阔，阳光足，随时看房,.户型周正，格局分布合理，空间感好，通透性强，居住舒适 2.楼层佳，南北朝向，视野开阔，采光通透 3.小区环境优美，绿化覆盖面积多，干净整洁，内有健身器材和小型娱乐设施。物业服务态度好,,,小区环境优美，绿化面积大，人车分流，车位充足人文素养高，乐于助人 相处和谐物业方便快捷，安保24小时巡逻，本小区设有门禁 封闭管理。,此房产权清晰，房源真实，业主诚心出售，看房方便，服务全程陪同,,,,,,,
79,美的云筑 小洋房 地铁口 格局通透 环境优美,230万,18568,经开区潞城,美的云筑,3室2厅1厨2卫,低楼层 (共8层),123.87㎡,暂无数据,暂无数据,暂无数据,南,未知结构,毛坯,暂无数据,暂无数据,暂无数据,2023-11-03,商品房,暂无数据,普通住宅,暂无数据,共有,有抵押,未上传房本照片,此房南北通格局楼层好视野宽阔采光充足配套设施齐,,,"税费分析 1、契税：首套房，90平米以下成交价的1％，90平米以上成交价的1.5％, 二套房90平以上成交价的2%，三套3% 2、增值税：产证满2年免收增值税，未满2年征收5.6％ 3、个税：产证满五年而且是一套住房，免收个税，未满5年成交价的1%。",小区地理位置好，交通、生活、健身、娱乐，都很方便，居住舒适。,,,门口就是高架，地铁口，距离校园，丁塘河湿地公园一路之隔，生活舒适交通便捷,,,,,
80,港龙新港城，房东诚心售，有钥匙随时看房,110万,12609,经开区潞城,港龙.新港城,3室2厅1厨1卫,低楼层 (共34层),87.24㎡,暂无数据,暂无数据,板楼,南,钢混结构,精装,暂无数据,暂无数据,暂无数据,2022-08-05,商品房,2020-04-11,普通住宅,暂无数据,共有,有抵押 42万元,已上传房本照片,此房格局通透，户型方正，房东诚心出售，看房方便，楼层好。,1.户型周正，格局分布合理，空间感好，通透性强，居住舒适 2.楼层佳，南北朝向，视野开阔，采光通透 3.小区环境优美，绿化覆盖面积多，干净整洁，内有健身器材和小型娱乐设施。物业服务态度好。,,"1、契税：首套房，90平米以下成交价的1％，90平米以上成交价的1.5％, 二套房90平以上成交价的2%,2、增值税：产证满2年免收增值税，未满2年征收5.3％； 3、个税：产证满五年而且是唯 一套住房，免收个税，未满5年成交价的1%",小区环境优美，绿化面积大，人车分流，车位充足人文素养高，乐于助人 相处和谐物业方便快捷，安保24小时巡逻，本小区设有门禁 闲杂人等不得入内,,此房产权清晰，房源真实，业主诚心出售，看房方便，过户全程陪同,,,,,,
81,公园壹号3房 满五 全天采光 地铁口 随时看房,175万,13359,经开区潞城,公园壹号四期,3室2厅1厨2卫,低楼层 (共33层),131㎡,暂无数据,暂无数据,塔楼,北 南,钢混结构,精装,两梯三户,有,暂无数据,2023-05-17,商品房,暂无数据,普通住宅,暂无数据,非共有,无抵押,未上传房本照片,公园壹号3房 满五 全天采光 地铁口 随时看房,户型方正，格局分布十分合理。空间感好。居住舒适。楼层佳。朝向南北。视野开阔。采光透亮。小区环境优美。绿化面积高。干净整洁。内有健身器材和娱乐广场。物业服务态度好,综合市场，大卖场，医院，银行交通银行，中国工商银行，中国工商银行，邮政储蓄.爱琴海购物广场，吾悦广场。,税费分析1.契税首套房90平方以下成交价的1%，90平方以上成交价的1.5%，二套房90平以上成交价的2% 增值税:产证满两年免收增值税，未满两年征收5.6% 个税:产证满五年，而且是一套住房，免收个税，未满五年成交价的1%,小区内有健身器材，可供小区居民使用 小区内停车位充足，建有地下停车场，人车分流，绿化到位,,,小区门口有99路公交直达新北恐龙园，77路公交直达火车东站 门口有地铁2号线，往西边可到钟楼区,,,,,
82,诚售！地鉄口公园壹号三朝南双阳台户型 婚装拎包住,145万,11062,经开区潞城,公园壹号四期,3室2厅1厨2卫,中楼层 (共33层),131.08㎡,暂无数据,103.06㎡,塔楼,南,钢混结构,精装,暂无数据,暂无数据,暂无数据,2023-02-23,商品房,2013-02-01,普通住宅,暂无数据,非共有,有抵押 30万元,已上传房本照片,此房格局通透，户型方正，房东诚心出售，看房方便，看中价格..,1.户型周正，格局分布合理，空间感好，通透性强，居住舒适 2.楼层佳，南北朝向，视野开阔，采光通透 3.小区环境优美，绿化覆盖面积多，干净整洁，内有健身器材和小型娱乐设施。物业服务态度好。,,"1、契税：首套房，90平米以下成交价的1％，90平米以上成交价的1.5％, 二套房90平以上成交价的2%,2、增值税：产证满2年免收增值税，未满2年征收5.3％； 3、个税：产证满五年而且是唯 一套住房，免收个税，未满5年成交价的1%",小区环境优美，绿化面积大，人车分流，车位充足人文素养高，乐于助人 相处和谐物业方便快捷，安保24小时巡逻，本小区设有门禁 闲杂人等不得入内,,,,,,,,
83,港龙新港城  准新房 楼层佳 采光好 户型方正,195万,14694,经开区潞城,港龙.新港城,3室2厅1厨2卫,高楼层 (共18层),132.71㎡,暂无数据,暂无数据,暂无数据,南 北,未知结构,精装,暂无数据,暂无数据,暂无数据,2022-11-07,商品房,2020-08-17,普通住宅,暂无数据,非共有,无抵押,已上传房本照片,港龙新港城  准新房 楼层佳 采光好 户型方正,,区旁成熟社区，配套设施齐，菜场，娱乐场所，公园 银行 医院，适宜居住 让你步行就满足一切需要,"税费解析： 税费解析： 税费分析 1、契税：首套房，90平米以下成交价的1％，90平米以上成交价的1.5％, 二套房90平以上成交价的2%,2、增值税：产证满2年免收增值税，未满2年征收5.6％； 3、个税：产证满五年而且是一套住房，免收个税，未满5年成交价的1%",小区环境优美，舒适安静 适宜居住，出门即有公交菜场，银行 美食等 人文素养好，乐于助人，相处和谐,,,,,,,,
84,港龙新港城 楼层佳 采光好 户型方正,140万,11398,经开区潞城,港龙.新港城,3室2厅1厨2卫,高楼层 (共34层),122.83㎡,暂无数据,暂无数据,板塔结合,南,钢混结构,精装,两梯四户,有,暂无数据,2023-02-23,商品房,2018-11-06,普通住宅,暂无数据,共有,有抵押 20万元 业主自还,已上传房本照片,港龙新港城 楼层佳 采光好 户型方正,,小区旁成熟社区，配套设施齐，菜场，娱乐场所，公园 银行 医院，适宜居住 让你步行就满足一切需要,"税费解析： 税费解析： 税费分析 1、契税：首套房，90平米以下成交价的1％，90平米以上成交价的1.5％, 二套房90平以上成交价的2%,2、增值税：产证满2年免收增值税，未满2年征收5.6％； 3、个税：产证满五年而且是一套住房，免收个税，未满5年成交价的1%",小区介绍： 小区环境优美，舒适安静 适宜居住，出门即有公交菜场，银行 美食等 人文素养好，乐于助人，相处和谐,,,,,,,,
85,此房精装三房 中高楼层 采光刺眼 房东诚心出售,143万,10310,经开区潞城,港龙紫荆城,4室2厅1厨2卫,高楼层 (共18层),138.71㎡,暂无数据,暂无数据,板塔结合,南 北,钢混结构,精装,暂无数据,暂无数据,暂无数据,2022-12-07,商品房,2017-08-01,普通住宅,暂无数据,共有,无抵押,已上传房本照片,此房精装三房 中高楼层 采光好 房东诚心出售,1.户型周正，格局分布合理，空间感好，通透性强，居住舒适 2.楼层佳，南北朝向，视野开阔，采光通透 3.小区环境优美，绿化覆盖面积多，干净整洁，内有健身器材和小型娱乐设施。物业服务态度好,,"：
1、契税：首套房，90平米以下成交价的1％，90平米以上成交价的1.5％, 二套房90平以上成交价的2%,2、增值税：产证满2年免收增值税，未满2年征收5.3％； 3、个税：产证满五年而且是唯 一套住房，免收个税，未满5年成交价的1%",小区环境优美，绿化面积大，人车分流，车位充足人文素养高，乐于助人 相处和谐物业方便快捷，安保24小时巡逻，本小区设有门禁,,,,,,,,
86,公园壹号双阳台三朝南开阔三居双卫南北通风,145万,11048,经开区潞城,公园壹号四期,3室2厅1厨2卫,低楼层 (共33层),131.25㎡,暂无数据,暂无数据,塔楼,南,钢混结构,毛坯,两梯三户,有,暂无数据,2023-05-25,商品房,2021-09-03,普通住宅,暂无数据,非共有,有抵押 56万元 业主自还,已上传房本照片,1.三开间朝南通风效果好。2.双阳台户型开阔居住舒适。,客厅和两个卧室朝南，户型周正，格局分布合理，空间感好，通透性强，居住舒适 2.楼层佳，南北朝向，视野开阔，采光通透 3.小区环境优美，绿化覆盖面积多，干净整洁，内有健身器材和小型娱乐设施。,,"1、契税：首套房，90平米以下成交价的1％，90平米以上成交价的1.5％, 二套房90平以上成交价的2%,2、增值税：产证满2年免收增值税，未满2年征收5.3％； 3、个税：产证满五年而且是唯 一套住房，免收个税，未满5年成交价的1%",公园壹号是新城地产在经开区打造的居住标杆，物业管理品质和环境美化水准远高于同期经开区的住宅社区。 小区西侧就是丁塘河湿地公园，经开区全民健身、白金汉爵酒店、爱琴海购物广场、天宁吾悦广场、地铁2号线等配套齐全,,,,,,,,
87,此房格局通透，户型方正，楼层佳，视野开阔，阳光充足,115万,10158,经开区潞城,蓝山湖,3室2厅1厨1卫,高楼层 (共17层),113.22㎡,暂无数据,87.34㎡,板楼,南,框架结构,毛坯,两梯四户,有,暂无数据,2023-02-15,商品房,2019-04-01,普通住宅,暂无数据,非共有,有抵押,已上传房本照片,此房格局通透，户型方正，楼层佳，视野开阔，阳光充足,.户型周正，格局分布合理，空间感好，通透性强，居住舒适 2.楼层佳，南北朝向，视野开阔，采光通透 3.小区环境优美，绿化覆盖面积多，干净整洁，内有健身器材和小型娱乐设施。物业服务态度好,,"1、契税：首套房，90平米以下成交价的1％，90平米以上成交价的1.5％, 二套房90平以上成交价的2%,2、增值税：产证满2年免收增值税，未满2年征收5.3％； 3、个税：产证满五年而且是唯 一套住房，免收个税，未满5年成交价的1%",小区环境优美，绿化面积大，人车分流，车位充足人文素养高，乐于助人 相处和谐物业方便快捷，安保24小时巡逻，本小区设有门禁,,,,,,,,
88,蓝山湖精装洋房 3房2卫 满五唯一省税 随时看房,160万,12894,经开区潞城,蓝山湖,3室2厅1厨2卫,高楼层 (共8层),124.09㎡,暂无数据,暂无数据,板楼,南,钢混结构,精装,三梯两户,有,暂无数据,2023-07-22,商品房,2017-07-12,普通住宅,满五年,非共有,无抵押,已上传房本照片,蓝山湖精装洋房 3房2卫 满五唯一省税 另附10平方阳台房,,综合市场，大卖场，医院，银行交通银行，中国工商银行，中国工商银行，邮政储蓄，吾悦广场。,税费解析：此房满五唯一，故个税是0%。契税：首套房90平米以下是成交价的1％，90平米以上是成交价的1.5％； 二套房90平米以下是成交价的1％，90平米以上是成交价的2％；三套房是成交价的3％。,,此房无贷款，无抵押，产权清晰。房东对付款无要求，按照正常首付就可以。,,,,,,,
89,此房格局通透，户型方正精装拎包入住，南北院子,698万,30162,经开区潞城,公园壹号花园,5室2厅1厨3卫,低楼层 (共3层),231.42㎡,,225.44㎡,,南,未知结构,精装,,,暂无数据,2023-05-01,商品房,2009-08-18,别墅,暂无数据,共有,无抵押,已上传房本照片,此房格局通透，户型方正，阳光充足，精装，拎包入住，看房方便,"1.户型周正，格局分布合理，空间感好，通透性强，居住舒适 2.楼层佳，南北朝向，视野开阔，采光通透 3.小区环境优美，绿化覆盖面积多，干净整洁，内有健身器材和小型娱乐设施。物业服务态度好。
规划的地铁2号线丁堰站800米，距离brt白金汉爵..",,"1、契税：首套房，90平米以下成交价的1％，90平米以上成交价的1.5％, 二套房90平以上成交价的2%,2、增值税：产证满2年免收增值税，未满2年征收5.3％； 3、个税：产证满五年而且是唯 一套住房，免收个税，未满5年成交价的1%",小区环境优美，绿化面积大，人车分流，车位充足人文素养高，乐于助人 相处和谐物业方便快捷，安保24小时巡逻，本小区设有门禁 闲杂人等不得入内,,,,,暂无数据,,,
90,新城公园壹号三期，简装未入住，地铁二号线,132万,10769,经开区潞城,公园壹号花园,3室2厅1厨2卫,低楼层 (共18层),122.58㎡,暂无数据,100.5㎡,板楼,南,钢混结构,简装,暂无数据,暂无数据,暂无数据,2023-02-22,商品房,2016-05-04,普通住宅,暂无数据,共有,无抵押,已上传房本照片,"卖点：
房子满五年精装方正户型中低楼层上下楼方便",,"配套：
东有爱琴海购物广场 西有吾悦天宁 地铁2号线 毓秀园、丁塘河湿地公园双公园 龙城大道和青洋高架双高架 出行方便。",,"小区介绍：
公园壹号是新城地产在经开区打造的居住标杆，物业管理品质和环境美化水准远高于同期经开区的住宅社区。 小区西侧就是丁塘河湿地公园，经开区全民健身、白金汉爵酒店、爱琴海购物广场、天宁吾悦广场、地铁2号线等配套齐全。",,,"小区介绍：
公园壹号是新城地产在经开区打造的居住标杆，物业管理品质和环境美化水准远高于同期经开区的住宅社区。 小区西侧就是丁塘河湿地公园，经开区全民健身、白金汉爵酒店、爱琴海购物广场、天宁吾悦广场、地铁2号线等配套齐全。",,,,,
91,此房格局通透，户型方正，楼层佳，视野开阔，全天阳光,148万,11045,经开区潞城,亨达未来城,3室2厅1厨2卫,低楼层 (共10层),134㎡,暂无数据,暂无数据,板楼,南 北,钢混结构,毛坯,暂无数据,暂无数据,暂无数据,2023-02-18,商品房,2021-02-02,普通住宅,暂无数据,共有,有抵押 95万元,已上传房本照片,此房格局通透，户型方正，楼层佳，视野开阔，全天阳光,1.户型周正，格局分布合理，空间感好，通透性强，居住舒适 2.楼层佳，南北朝向，视野开阔，采光通透 3.小区环境优美，绿化覆盖面积多，干净整洁，内有健身器材和小型娱乐设施。物业服务态度好。,,"1、契税：首套房，90平米以下成交价的1％，90平米以上成交价的1.5％, 二套房90平以上成交价的2%,2、增值税：产证满2年免收增值税，未满2年征收5.3％； 3、个税：产证满五年而且是唯 一套住房，免收个税，未满5年成交价的1%",小区环境优美，绿化面积大，人车分流，车位充足人文素养高，乐于助人 相处和谐物业方便快捷，安保24小时巡逻，本小区设有门禁 闲杂人等不得入内,,,,,,,,
92,此房精装三房  房东诚心出售！！,160万,13459,经开区潞城,港龙紫荆城,3室1厅1厨1卫,低楼层 (共29层),118.88㎡,暂无数据,暂无数据,板塔结合,南 北,钢混结构,精装,两梯四户,有,暂无数据,2023-02-09,商品房,2020-06-19,普通住宅,暂无数据,非共有,有抵押,已上传房本照片,此房精装三房    房东诚心出售,户型周正，格局分布合理，空间感好，通透性强，居住舒适 ，南北朝向，小区环境优美，绿化覆盖面积多，干净整洁，内有健身器材和小型娱乐设施。物业服务态度好,,"1、契税：首套房，90平米以下成交价的1％，90平米以上成交价的1.5％, 二套房90平以上成交价的2%,2、增值税：产证满2年免收增值税，未满2年征收5.3％； 3、个税：产证满五年而且是唯 一套住房，免收个税，未满5年成交价的1%",小区环境优美，绿化面积大，人车分流，车位充足人文素养高，乐于助人 相处和谐物业方便快捷，安保24小时巡逻，本小区设有门禁,,,,,,,,
93,港龙新港城 精装三房高楼层 采光没影响有钥匙随时看房,135万,12564,经开区潞城,港龙.新港城,3室2厅1厨2卫,高楼层 (共34层),107.45㎡,暂无数据,暂无数据,板塔结合,南 北,钢混结构,精装,两梯四户,有,暂无数据,2022-09-17,商品房,2020-09-07,普通住宅,暂无数据,共有,无抵押,已上传房本照片,此房精装三房 高楼层 采光刺眼 房东诚心出售 钥匙已经给我,1.户型周正，格局分布合理，空间感好，通透性强，居住舒适 2.楼层佳，南北朝向，视野开阔，采光通透 3.小区环境优美，绿化覆盖面积多，干净整洁，内有健身器材和小型娱乐设施。物业服务态度好,,"1、契税：首套房，90平米以下成交价的1％，90平米以上成交价的1.5％, 二套房90平以上成交价的2%,2、增值税：产证满2年免收增值税，未满2年征收5.3％； 3、个税：产证满五年而且是唯 一套住房，免收个税，未满5年成交价的1%",小区环境优美，绿化面积大，人车分流，车位充足人文素养高，乐于助人 相处和谐物业方便快捷，安保24小时巡逻，本小区设有门禁 闲杂人等不得入内,,,,,,,,
94,联排别墅，小区头排，院子面积大,659万,23982,经开区潞城,港龙.新港城,4室2厅1厨3卫,低楼层 (共1层),274.8㎡,,暂无数据,,南 北,框架结构,毛坯,,,暂无数据,2023-03-15,商品房,暂无数据,别墅,暂无数据,共有,无抵押,未上传房本照片,小区头排视野开阔，院子拓展面积大！,,,"税费解析： 税费解析： 税费分析 1、契税：首套房，90平米以下成交价的1％，90平米以上成交价的1.5％, 二套房90平以上成交价的2%,2、增值税：产证满2年免收增值税，未满2年征收5.6％； 3、个税：产证满五年而且是一套住房，免收个税，未满5年成交价的1%",龙新港城位于常州市戚区，东城路和东方二路。项目占地约200亩(132460平米)，规划建筑面积约42万平米。由港龙公司于2012.9.30日挂牌竞得。,,,,,暂无数据,,,
95,美的云筑 3室2厅 南,290万,23016,经开区潞城,美的云筑,3室2厅1厨2卫,低楼层 (共8层),126㎡,暂无数据,暂无数据,暂无数据,南,未知结构,毛坯,暂无数据,暂无数据,暂无数据,2023-05-25,商品房,暂无数据,普通住宅,暂无数据,非共有,有抵押,未上传房本照片,,,,,,,,,,,,,
96,小高层 精装未入住 6月满2年,155万,15711,经开区潞城,亨达未来城,3室1厅1厨2卫,中楼层 (共11层),98.66㎡,暂无数据,暂无数据,暂无数据,西南,未知结构,精装,暂无数据,暂无数据,暂无数据,2023-03-28,商品房,2021-06-22,普通住宅,暂无数据,非共有,有抵押 业主自还,已上传房本照片,此房是11层小高层房源，一梯两户，私密性强，精装未入住,,,,,此房有抵押，产权清晰，2023年6月满2年，看房提前联系房东开门，,"出售原因：业主改善置换
装修情况：新装修，未入住，装修约27万",,新装修，可以拎包入住，装修花费27万。品牌家具家电，环保绿色材料。,,,,
97,港龙新港城别墅纯毛坯位置佳采光好带五个产权车位,600万,21796,经开区潞城,港龙.新港城,4室2厅1厨3卫,低楼层 (共1层),275.28㎡,暂无数据,暂无数据,暂无数据,南,未知结构,毛坯,暂无数据,暂无数据,暂无数据,2023-04-07,商品房,暂无数据,普通住宅,暂无数据,共有,无抵押,未上传房本照片,满二，别墅，纯毛坯，四房二厅三卫，大花园，五个产权车位。,,龙新港城位于常州市戚区，东城路和东方二路。项目占地约200亩(132460平米)，规划建筑面积约42万平米。由港龙公司于2012.9.30日挂牌竞得。,,龙新港城位于常州市戚区，东城路和东方二路。项目占地约200亩(132460平米)，规划建筑面积约42万平米。由港龙公司于2012.9.30日挂牌竞得。封闭式小区，别墅区式独立的院落。,,,上龙城高架1500米，到天宁吾悦1600米，到地铁二号线站口潞城站1200米。,,,,,
98,急售牡丹招商公园学府三房户型好价格可谈随时看房,216万,18557,经开区潞城,牡丹招商·公园学府,3室2厅1厨2卫,中楼层 (共27层),116.4㎡,暂无数据,暂无数据,暂无数据,南,未知结构,毛坯,暂无数据,暂无数据,暂无数据,2023-02-24,商品房,暂无数据,普通住宅,暂无数据,非共有,有抵押 客户偿还,未上传房本照片,此房户型好，户型位置好，房东诚心急卖,户型周正，格局分布合理，空间感好，通透性强，居住舒适； 2、楼层佳，朝向南北，视野开阔，采光透亮,,"契税：首套房，90平米以下成交价的1％，90平米以上成交价的1.5％, 二套房90平以上成交价的2%,2、增值税：产证满2年免收增值税，未满2年征收5.3％； 3、个税：产证满五年而且是唯 一套住房，免收个税，未满5年成交价的1%",环境优美：小区安静优雅，绿化较好，带有休闲设施，可在小区花园游玩，十分有情调。2.交通便利：公交车方向众多，外部道路宽阔，交通十分便利。 3.生活便利：小区内有，合理分布便利，生活用品及买菜十分便利，生活轻松,,,,,,,,
99,好房急售牡丹招商公园学府三房价格有来去看房提前联系,238万,20848,经开区潞城,牡丹招商·公园学府,3室2厅1厨2卫,低楼层 (共18层),114.16㎡,暂无数据,暂无数据,暂无数据,南,未知结构,毛坯,暂无数据,暂无数据,暂无数据,2023-03-11,商品房,暂无数据,普通住宅,暂无数据,共有,有抵押,未上传房本照片,此房户型好，户型位置好，房东诚心急卖,户型周正，格局分布合理，空间感好，通透性强，居住舒适； 2、楼层佳，朝向南北，视野开阔，采光透亮,好几家大型购物商场（永辉，好又多），综合菜场，药店，银行配套齐全，还有天宁吾悦购物广场，丁塘河湿地公园，爱琴海购物广场,"契税：首套房，90平米以下成交价的1％，90平米以上成交价的1.5％, 二套房90平以上成交价的2%,2、增值税：产证满2年免收增值税，未满2年征收5.3％； 3、个税：产证满五年而且是唯 一套住房，免收个税，未满5年成交价的1%",,,,,,,,,
100,急售东方君开洋房顶复户型好价格有来去,315万,23864,经开区潞城,东方君开,3室2厅1厨2卫,高楼层 (共7层),132㎡,暂无数据,暂无数据,暂无数据,南,未知结构,毛坯,暂无数据,暂无数据,暂无数据,2023-06-16,商品房,暂无数据,普通住宅,暂无数据,非共有,无抵押,未上传房本照片,此房产权清晰，房源真实，业主诚心出售，看房方便，过户全程陪同,户型周正，格局分布合理，空间感好，通透性强，居住舒适； 2、楼层佳，朝向南北，视野开阔，采光透亮,好几家大型购物商场（永辉，好又多），综合菜场，药店，银行配套齐全，还有天宁吾悦购物广场，丁塘河湿地公园，爱琴海购物,"契税：首套房，90平米以下成交价的1％，90平米以上成交价的1.5％, 二套房90平以上成交价的2%,2、增值税：产证满2年免收增值税，未满2年征收5.3％； 3、个税：产证满五年而且是唯 一套住房，免收个税，未满5年成交价的1%",,,,,,,,,
101,急售美的云筑三房精装修户型好价格可谈,230万,23301,经开区潞城,美的云筑,3室2厅1厨1卫,中楼层 (共27层),98.71㎡,暂无数据,暂无数据,暂无数据,南,未知结构,精装,暂无数据,暂无数据,暂无数据,2023-05-05,商品房,暂无数据,普通住宅,暂无数据,共有,有抵押,未上传房本照片,此房产权清晰，房源真实，业主诚心出售，看房方便，过户全程陪同,户型周正，格局分布合理，空间感好，通透性强，居住舒适； 2、楼层佳，朝向南北，视野开阔，采光透亮,好几家大型购物商场（永辉，好又多），综合菜场，药店，银行配套齐全，还有天宁吾悦购物广场，丁塘河湿地公园，爱琴海购物,"契税：首套房，90平米以下成交价的1％，90平米以上成交价的1.5％, 二套房90平以上成交价的2%,2、增值税：产证满2年免收增值税，未满2年征收5.3％； 3、个税：产证满五年而且是唯 一套住房，免收个税，未满5年成交价的1%",,,,,,,,,
102,招商学府毛坯，户型好，户型位置好，房东诚心出售,193万,16586,经开区潞城,牡丹招商·公园学府,3室2厅0厨2卫,中楼层 (共27层),116.37㎡,暂无数据,暂无数据,暂无数据,南,未知结构,毛坯,暂无数据,暂无数据,暂无数据,2023-10-08,商品房,2023-01-19,普通住宅,未满两年,共有,有抵押 130万元 中国建设,已上传房本照片,环境优美：小区安静优雅，绿化较好，带有休闲设施，可在小区花园游玩，十分有情调。2.交通便利：公交车方向众多，外部道路宽阔，交通十分便利。 3.生活便利：小区内有，合理分布便利，生活用品及买菜十分便利，生活轻松,"契税：首套房，90平米以下成交价的1％，90平米以上成交价的1.5％, 二套房90平以上成交价的2%,2、增值税：产证满2年免收增值税，未满2年征收5.3％； 3、个税：产证满五年而且是唯 一套住房，免收个税，未满5年成交价的1%",,,户型周正，格局分布合理，空间感好，通透性强，居住舒适； 2、楼层佳，朝向南北，视野开阔，采光透亮,,,,,,,052456189628,此房户型好，户型位置好，房东诚心出售
103,此房格局通透，户型方正，楼层佳，视野开阔，阳光好,82万,8900,经开区潞城,亨达未来城,2室2厅1厨1卫,高楼层 (共32层),92.14㎡,暂无数据,暂无数据,板塔结合,南,混合结构,毛坯,两梯四户,有,暂无数据,2023-11-02,商品房,暂无数据,普通住宅,暂无数据,共有,无抵押,未上传房本照片,此房格局通透，户型方正，楼层佳，视野开阔，阳光好,户型周正小三房格局分布合理空间感好通透性强居住舒适2楼层佳南北朝向视野开阔采光通透3小区环境优美绿化覆盖面积多干净整洁内有健身器材和小型娱乐设施物业服务态度好,,"契税：首套房，90平米以下成交价的1％，90平米以上成交价的1.5％, 二套房90平以上成交价的2%,2、增值税：产证满2年免收增值税，未满2年征收5.3％； 3、个税：产证满五年而且是唯 一套住房，免收个税，未满5年成交价的1%",小区环境优美，绿化面积大，人车分流，车位充足人文素养高，乐于助人 相处和谐物业方便快捷，安保24小时巡逻，本小区设有门禁 闲杂人等不得入内,,,,,,,,
104,"港龙紫荆城，2房好楼层，采光好，诚心出售,看房方便",120万,13459,经开区潞城,港龙紫荆城,2室2厅1厨1卫,中楼层 (共18层),89.16㎡,暂无数据,73.09㎡,板塔结合,南,钢混结构,毛坯,两梯三户,有,暂无数据,2022-10-15,商品房,2015-04-09,普通住宅,暂无数据,共有,无抵押,已上传房本照片,"港龙紫荆城，2房好楼层，采光好，诚心出售,看房方便",,综合市场，大卖场，医院，银行交通银行，中国工商银行，中国工商银行，邮政储蓄.爱琴海,税费解析：此房满二，故个税是1%。契税：首套房90平米以下是成交价的1％，90平米以上是成交价的1.5％； 二套房90平米以下是成交价的1％，90平米以上是成交价的2％；三套房是成交价的3％.,,此房无贷款，无抵押，产权清晰。房东对付款无要求，按照正常首付就可以。,,,,,,,
105,公园壹号四期清爽装修全天采光中层好房拐包即住,105万,13107,经开区潞城,公园壹号四期,2室2厅1厨1卫,低楼层 (共33层),80.11㎡,暂无数据,暂无数据,板塔结合,南,钢混结构,精装,两梯三户,有,暂无数据,2023-02-21,商品房,2014-03-08,普通住宅,暂无数据,非共有,无抵押,已上传房本照片,房子满五唯一，装修保养佳，户型方正，采光充足，南面有开阔绿化,公园壹号2013年房龄，绿化高，楼栋在中间位置，安静。三开间南，客厅卧室光线充裕。,,,,贷款抵押:房子无贷款无抵押，产权清晰，买卖流程简单。业主诚售，爽快的优质业主值得深交成朋友。,,,,,楼层佳，无遮无挡视野好。装修保养佳，未出租过，拐包即可居住。,,
106,公园壹号精装2房 满五 全天采光 地铁口 随时看房,95万,12274,经开区潞城,公园壹号花园,2室2厅1厨1卫,中楼层 (共18层),77.4㎡,暂无数据,暂无数据,板楼,南,钢混结构,简装,暂无数据,暂无数据,暂无数据,2023-02-11,商品房,2013-03-25,普通住宅,暂无数据,共有,无抵押,已上传房本照片,公园壹号精装2房 满五 全天采光 地铁口 随时看房,,综合市场，大卖场，医院，银行交通银行，中国工商银行，中国工商银行，邮政储蓄.爱琴海购物广场，吾悦广场。,税费解析：此房满二，故个税是1%。契税：首套房90平米以下是成交价的1％，90平米以上是成交价的1.5％； 二套房90平米以下是成交价的1％，90平米以上是成交价的2％；三套房是成交价的3％.,,此房有贷款，产权清晰。房东对付款无要求，按照正常首付就可以。,,,,,,,
107,此房格局通透，户型方正，楼层佳，视野开阔，阳光好,90万,9768,经开区潞城,亨达未来城,2室2厅1厨1卫,中楼层 (共32层),92.14㎡,暂无数据,暂无数据,板塔结合,南,混合结构,毛坯,两梯四户,有,暂无数据,2023-05-16,商品房,2021-07-02,普通住宅,暂无数据,共有,无抵押,已上传房本照片,小区环境优美，绿化面积大，人车分流，车位充足人文素养高，乐于助人 相处和谐物业方便快捷，安保24小时巡逻，本小区设有门禁 闲杂人等不得入内,"1、契税：首套房，90平米以下成交价的1％，90平米以上成交价的1.5％, 二套房90平以上成交价的2%,2、增值税：产证满2年免收增值税，未满2年征收5.3％； 3、个税：产证满五年而且是唯 一套住房，免收个税，未满5年成交价的1%",,,"：
1.户型周正，格局分布合理，空间感好，通透性强，居住舒适 2.楼层佳，南北朝向，视野开阔，采光通透 3.小区环境优美，绿化覆盖面积多，干净整洁，内有健身器材和小型娱乐设施。物业服务态度好。",,,,,,,052446723614,此房格局通透，户型方正，楼层佳，视野开阔，阳光好
108,新上 公园壹号 小高层 满五唯一中间楼层 采光好随时看,79万,10205,经开区潞城,公园壹号花园,2室2厅1厨1卫,中楼层 (共18层),77.42㎡,暂无数据,暂无数据,板楼,南,钢混结构,精装,一梯三户,有,暂无数据,2023-09-27,商品房,2016-07-19,普通住宅,暂无数据,非共有,有抵押,已上传房本照片,此房满五年唯一格局好 采光通风好视线好交通方便,,,首套房90平米以下成交价的1％，90平米以上成交价的1.5％，二套房90平以下1%，以上2%，三套房不论大小均为3%； 增值税分析：产证满2年免收增值税，未满2年征收5.3％；个税：产证满五年而且是唯一一套住房，免收个税，未满5年成交价的1%,1、小区生活设施齐，商场、c市、菜市场、银行等，交通便捷；2、小区内有健身器材，小型篮球场，可供小区居民使用；3、小区内停车位充足，建有地上停车场和地下车库；4、小区内24小时保安巡逻。5.户型周正，格局分布合理，空间感好，通透性佳,,业主诚心出售 房子自住 看房方便  满五年唯一住房   现在卖房改善换房,,,,,,
109,港龙紫荆城中间层三开间朝南两房毛坯诚售,96万,10619,经开区潞城,港龙紫荆城,2室2厅1厨1卫,中楼层 (共29层),90.41㎡,暂无数据,暂无数据,板楼,南,钢混结构,毛坯,两梯四户,有,暂无数据,2023-07-13,商品房,2018-01-23,普通住宅,暂无数据,共有,有抵押,已上传房本照片,房子满5年毛坯状态 中层户型方正良好视野采光 地铁2号线交通,1.户型周正，格局分布合理，空间感好，通透性强，居住舒适 2.楼层佳，南北朝向，视野开阔，采光明亮,,,小区环境优美，绿化面积大，人车分流，车位充足人文素养高，乐于助人 相处和谐物业方便快捷，安保24小时巡逻，本小区设有门禁安全感满满。,此房产权清晰，房源真实，业主诚心出售，看房方便，过户全程陪同,,,,,,,
110,此房格局通透，户型方正，楼层佳，视野开阔，阳光充足,120万,13260,经开区潞城,蓝山湖,3室2厅1厨1卫,高楼层 (共31层),90.5㎡,暂无数据,暂无数据,板楼,南,钢混结构,精装,一梯四户,有,暂无数据,2023-01-28,商品房,2016-12-22,普通住宅,暂无数据,非共有,有抵押,已上传房本照片,此房格局通透，户型方正，楼层佳，视野开阔，阳光充足,.户型周正，格局分布合理，空间感好，通透性强，居住舒适 2.楼层佳，南北朝向，视野开阔，采光通透 3.小区环境优美，绿化覆盖面积多，干净整洁，内有健身器材和小型娱乐设施。物业服务态度好,,"1、契税：首套房，90平米以下成交价的1％，90平米以上成交价的1.5％, 二套房90平以上成交价的2%,2、增值税：产证满2年免收增值税，未满2年征收5.3％； 3、个税：产证满五年而且是唯 一套住房，免收个税，未满5年成交价的1%",小区环境优美，绿化面积大，人车分流，车位充足人文素养高，乐于助人 相处和谐物业方便快捷，安保24小时巡逻，本小区设有门禁,,,,,,,,
111,位置优越好楼层出售诚意满满欲购从速,140万,9791,经开区潞城,嘉州枫景苑,3室2厅1厨2卫,高楼层 (共11层),143㎡,暂无数据,暂无数据,板楼,南 北,钢混结构,精装,一梯两户,有,暂无数据,2023-04-06,商品房,暂无数据,普通住宅,暂无数据,共有,有抵押 20万元 建设银行 业主自还,未上传房本照片,此房格局通透，户型方正，楼层佳，视野开阔，产权清晰，随时看房,1.户型周正，格局分布合理，空间感好，通透性强，居住舒适 2.楼层佳，南北朝向，视野开阔，采光通透 3.小区环境优美，绿化覆盖面积多，干净整洁，内有健身器材和小型娱乐设施。物业服务态度好。,,,小区环境优美，绿化面积大，多层和小高层组成的低密社区，车位充足人文素养高，安保24小时巡逻，本小区设有门禁,此房产权清晰，房源真实，业主诚心出售，看房方便，过户全程陪同,,,,,,,
112,公园小区 楼层佳 视野开阔 户型方正 采光好 阳光充足,190万,14286,经开区潞城,公园壹号四期,3室2厅1厨2卫,高楼层 (共33层),133㎡,暂无数据,暂无数据,塔楼,南,钢混结构,毛坯,两梯三户,有,暂无数据,2021-03-16,商品房,暂无数据,普通住宅,暂无数据,共有,无抵押,未上传房本照片,此房格局通透，户型方正，房东诚心出售，证件齐全，看房方便,,小区教育资源丰富   有两个公园，潞城公园，跟湿地公园，离得比较近的是湿地公园，走路一会就能到，周末一家人可以活动活动筋骨，丰富您的生活，有两所商*，爱情海奥特莱斯，白金汉爵酒店，离潞城菜市场仅300m,"1、契税：首套房，90平米以下成交价的1％，90平米以上成交价的1.5％, 二套房90平以上成交价的2%,2、增值税：产证满2年免收增值税，未满2年征收5.3％； 3、个税：产证满五年而且是唯 一套住房，免收个税，未满5年成交价的1%",公园小区，绿化普及率高，居住舒适，小区封闭式小区，比开放式小区更加安全，物业保安24小时有人值守，为您的生活填一份保障，,此房产权清晰，房源真实，业主诚心出售，看房方便，过户全程陪同,,,,,,,
113,港龙紫荆城精装三房，业主诚意出售,130万,10936,经开区潞城,港龙紫荆城,3室2厅1厨1卫,高楼层 (共29层),118.88㎡,暂无数据,暂无数据,板塔结合,南,钢混结构,精装,两梯四户,有,暂无数据,2023-11-09,商品房,暂无数据,普通住宅,暂无数据,共有,无抵押,未上传房本照片,此房为精装修三房，楼层好，业主诚意出售，,户型方正，布局合理，空间感好，通透性强，居住舒适，南北朝向。,,税费解析：此房满五唯一，故个税是0%。契税：首套房90平米以下是成交价的1％，90平米以上是成交价的1.5％； 二套房90平米以下是成交价的1％，90平米以上是成交价的2％；三套房是成交价的3％。,小区环境优美，绿化面积大，人车分流，车位充足，人文气息浓厚，物业服务贴心，24小时安保，本小区设有门禁,,,,,,,,
114,公园壹号联排别墅 满二随时看房 地铁口公园旁,598万,25776,经开区潞城,公园壹号花园,5室2厅1厨3卫,低楼层 (共2层),232㎡,,暂无数据,,南 北,未知结构,毛坯,,,暂无数据,2023-10-03,商品房,暂无数据,别墅,暂无数据,非共有,无抵押,未上传房本照片,公园壹号联排别墅 满二随时看房 地铁口公园旁,,综合市场，大卖场，医院，银行交通银行，中国工商银行，中国工商银行，邮政储蓄，吾悦广场。,税费解析：此房满二，故个税是1%。契税：首套房90平米以下是成交价的1％，90平米以上是成交价的1.5％； 二套房90平米以下是成交价的1％，90平米以上是成交价的2％；三套房是成交价的3％。,,此房无贷款，无抵押，产权清晰。房东对付款无要求，按照正常首付就可以。,,,,暂无数据,,,
115,东方君开 毛坯四房 小洋房 诚心出售 价格好谈,240万,17704,经开区潞城,东方君开,4室2厅1厨2卫,低楼层 (共7层),135.57㎡,暂无数据,暂无数据,暂无数据,南,未知结构,毛坯,暂无数据,暂无数据,暂无数据,2023-08-15,商品房,暂无数据,普通住宅,暂无数据,共有,有抵押,未上传房本照片,产权清晰 此房户型好，户型位置好，房东诚心急卖,户型周正，格局分布合理，空间感好，通透性强，居住舒适； 2、楼层佳，朝向南北，视野开阔，采光透亮,好几家大型购物商场（永辉，好又多），综合菜场，药店，银行配套齐全，还有天宁吾悦购物广场，丁塘河湿地公园，爱琴海购物广场,"契税：首套房，90平米以下成交价的1％，90平米以上成交价的1.5％, 二套房90平以上成交价的2%,2、增值税：产证满2年免收增值税，未满2年征收5.3％； 3、个税：产证满五年而且是唯 一套住房，免收个税，未满5年成交价的1%",,,,,,,,,
116,东方君开   精装修  诚心出售  价格可谈,225万,19235,经开区潞城,东方君开,3室2厅1厨2卫,中楼层 (共27层),116.98㎡,暂无数据,暂无数据,暂无数据,南 北,未知结构,精装,暂无数据,暂无数据,暂无数据,2023-03-09,商品房,暂无数据,普通住宅,暂无数据,非共有,有抵押,未上传房本照片,精装修  此房户型好，户型位置好，房东诚心急卖,户型周正，格局分布合理，空间感好，通透性强，居住舒适； 2、楼层佳，朝向南北，视野开阔，采光透亮,好几家大型购物商场（永辉，好又多），综合菜场，药店，银行配套齐全，还有天宁吾悦购物广场，丁塘河湿地公园，爱琴海购物广场,"契税：首套房，90平米以下成交价的1％，90平米以上成交价的1.5％, 二套房90平以上成交价的2%,2、增值税：产证满2年免收增值税，未满2年征收5.3％； 3、个税：产证满五年而且是唯 一套住房，免收个税，未满5年成交价的1%",,,,,,,,,
117,急售东方君开大三房随时看房价格有来去,190万,16339,经开区潞城,东方君开,3室2厅0厨2卫,低楼层 (共27层),116.29㎡,暂无数据,暂无数据,暂无数据,南,未知结构,毛坯,暂无数据,暂无数据,暂无数据,2023-03-08,商品房,2022-02-01,普通住宅,暂无数据,非共有,有抵押,已上传房本照片,此房户型好，户型位置好，房东诚心急卖,户型周正，格局分布合理，空间感好，通透性强，居住舒适； 2、楼层佳，朝向南北，视野开阔，采光透亮,好几家大型购物商场（永辉，好又多），综合菜场，药店，银行配套齐全，还有天宁吾悦购物广场，丁塘河湿地公园，爱琴海购物广场,"契税：首套房，90平米以下成交价的1％，90平米以上成交价的1.5％, 二套房90平以上成交价的2%,2、增值税：产证满2年免收增值税，未满2年征收5.3％； 3、个税：产证满五年而且是唯 一套住房，免收个税，未满5年成交价的1%",,,,,,,,,
118,港龙新港城经典三房  房东诚售,188万,16207,经开区潞城,港龙.新港城,3室2厅1厨2卫,中楼层 (共20层),116㎡,暂无数据,暂无数据,暂无数据,南,未知结构,简装,暂无数据,暂无数据,暂无数据,2023-08-21,商品房,暂无数据,普通住宅,暂无数据,共有,有抵押,未上传房本照片,此房户型方正，浪费面积少，开发商精装，业主花20..,,,,,此房有抵押，公积金约40万，业主可以自行结清，产权为夫妻可以随时签约过户。,业主目前自住，家里有人，白天可以随时看房，下午2点过后家里没人,,,,此房是业主自住房源，装修较好，保养干净整齐，现在因为改善诚心置换此房,,
119,港龙新港城 三室两卫 精装修拎包入住 楼层佳采光刺眼,178万,14688,经开区潞城,港龙.新港城,3室2厅1厨2卫,高楼层 (共34层),121.19㎡,暂无数据,暂无数据,板楼,南,钢混结构,精装,暂无数据,暂无数据,暂无数据,2023-09-11,商品房,暂无数据,普通住宅,暂无数据,非共有,无抵押,未上传房本照片,港龙新港城 楼层佳 采光好 户型方正,,小区旁成熟社区，配套设施齐，菜场，娱乐场所，公园 银行 医院，适宜居住 让你步行就满足一切需要,"税费解析： 税费分析 1、契税：首套房，90平米以下成交价的1％，90平米以上成交价的1.5％, 二套房90平以上成交价的2%,2、增值税：产证满2年免收增值税，未满2年征收5.6％； 3、个税：产证满五年而且是一套住房，免收个税，未满5年成交价的1%",小区环境优美，舒适安静 适宜居住，出门即有公交菜场，银行 美食等 人文素养好，乐于助人，相处和谐,,,,,,,,
120,港龙新港城 边户别墅 大花园 豪气装修,1350万,46552,经开区潞城,港龙.新港城,5室4厅1厨4卫,低楼层 (共1层),290㎡,,暂无数据,,南,钢混结构,精装,,,暂无数据,2023-06-07,商品房,暂无数据,别墅,暂无数据,共有,无抵押,未上传房本照片,满二，别墅，豪气装修，未入住，四房二厅三卫，大花园,,小区旁边有新怡华，爱情海商场。白金汉爵酒店。公交:B2至华丰站下 餐饮:龙腾大酒店、潞城大酒店 医院:潞城街道卫生服务、戚区医院 卖场:东升时代广场、自带港式风情街,"税费解析： 税费解析： 税费分析 1、契税：首套房，90平米以下成交价的1％，90平米以上成交价的1.5％, 二套房90平以上成交价的2%,2、增值税：产证满2年免收增值税，未满2年征收5.6％； 3、个税：产证满五年而且是一套住房，免收个税，未满5年成交价的1%",龙新港城位于常州市戚区，东城路和东方二路。项目占地约200亩(132460平米)，规划建筑面积约42万平米。由港龙公司于2012.9.30日挂牌竞得。封闭式小区，别墅区式独立的院落。,,,上龙城高架1500米，到天宁吾悦1600米，到地铁二号线站口潞城站1200米。,,暂无数据,,,
121,东方君开 大园加底下一层 下面一层与上面一样大 底复,245万,20417,经开区潞城,东方君开,4室2厅1厨2卫,低楼层 (共7层),120㎡,暂无数据,暂无数据,暂无数据,南,未知结构,毛坯,暂无数据,暂无数据,暂无数据,2023-04-04,商品房,暂无数据,普通住宅,暂无数据,共有,无抵押,未上传房本照片,卖点： 此房格局通透，楼层好，视野开阔，阳光充足，看房.,1.户型周正，格局分布合理，空间感好，通透性强，居住舒适 2.楼层佳，南北朝向，视野开阔，采光通透 3.小区环境优美，绿化覆盖面积多，干净整洁，内有健身器材和小型娱乐设施,,"1、契税：首套房，90平米以下成交价的1％，90平米以上成交价的1.5％, 二套房90平以上成交价的2%,2、增值税：产证满2年免收增值税，未满2年征收5.3％； 3、个税：产证满五年而且是唯 一套住房，免收个税，未满5年成交价",,此房产权清晰，房源真实，业主诚心出售，看房方便，过户全程陪同,,,,,,,
122,公园壹号！房东急售 随时方便看房 （双阳台）,178万,14127,经开区潞城,公园壹号花园,3室2厅1厨2卫,低楼层 (共10层),126㎡,暂无数据,暂无数据,板塔结合,南 北,钢混结构,简装,暂无数据,暂无数据,暂无数据,2022-04-03,商品房,暂无数据,普通住宅,暂无数据,非共有,无抵押,未上传房本照片,此房格局通透，户型方正，楼层佳，视野开阔，阳光足,1.户型周正，格局分布合理，空间感好，通透性强，居住舒适 2.楼层佳，南北朝向，视野开阔，采光通透 3.小区环境优美，绿化覆盖面积多，干净整洁，内有健身器材和小型娱乐设施。物业服务态度好,,"1、契税：首套房，90平米以下成交价的1％，90平米以上成交价的1.5％, 二套房90平以上成交价的2%,2、增值税：产证满2年免收增值税，未满2年征收5.3％； 3、个税：产证满五年而且是唯 一套住房，免收个税，未满5年成交价的1%",小区环境优美，绿化面积大，人车分流，车位充足人文素养高，乐于助人 相处和谐物业方便快捷，安保24小时巡逻，本小区设有门禁 闲杂人等不得入内,此房产权清晰，房源真实，业主诚心出售，看房方便，过户全程陪同,,,,,,,
123,东方君开  地铁二号线，白金汉爵，丁塘河湿地公园,230万,19064,经开区潞城,东方君开,3室2厅1厨2卫,中楼层 (共7层),120.65㎡,暂无数据,暂无数据,暂无数据,南,未知结构,毛坯,暂无数据,暂无数据,暂无数据,2023-02-23,商品房,暂无数据,普通住宅,暂无数据,共有,无抵押,未上传房本照片,"卖点：
此房格局通透，楼层好，视野开阔，阳光充足，看房.","户型介绍：
1.户型周正，格局分布合理，空间感好，通透性强，居住舒适 2.楼层佳，南北朝向，视野开阔，采光通透 3.小区环境优美，绿化覆盖面积多，干净整洁，内有健身器材和小型娱乐设施",,"税费解析：
1、契税：首套房，90平米以下成交价的1％，90平米以上成交价的1.5％, 二套房90平以上成交价的2%,2、增值税：产证满2年免收增值税，未满2年征收5.3％； 3、个税：产证满五年而且是唯 一套住房，免收个税，未满5年成交价",,"权属抵押：
此房产权清晰，房源真实，业主诚心出售，看房方便，过户全程陪同",,,,,,,
124,公园壹号精装别墅安静地段带院子联排中间户出入方便,710万,32569,经开区潞城,公园壹号花园,3室2厅1厨3卫,低楼层 (共3层),218㎡,,暂无数据,,南,未知结构,精装,,,暂无数据,2022-08-26,商品房,暂无数据,别墅,暂无数据,非共有,有抵押,未上传房本照片,房子满五年装修保养好 格局方正楼上三层楼下一层景观视野优秀,,东有爱琴海购物广场 西有吾悦天宁 地铁2号线 毓秀园、丁塘河湿地公园双公园 龙城大道和青洋高架双高架 出行方便。,,公园壹号是新城地产在经开区打造的居住标杆，物业管理品质和环境美化水准远高于同期经开区的住宅社区。 小区西侧就是丁塘河湿地公园，经开区全民健身、白金汉爵酒店、爱琴海购物广场、天宁吾悦广场、地铁2号线等配套齐全。,,,小区邻丁塘河湿地公园，休闲锻炼方便，西400米就是经开区健身中xin，撸铁、游泳等很方便。 龙城大道和青洋高架双高架通达全城，地铁2号线出行便捷。,,暂无数据,,,
125,小高层住房一直自住保养良好开阔三居室双阳台通..,150万,12196,经开区潞城,公园壹号花园,3室2厅1厨2卫,高楼层 (共18层),123㎡,暂无数据,暂无数据,板楼,南,钢混结构,精装,一梯三户,有,暂无数据,2023-05-21,商品房,暂无数据,普通住宅,暂无数据,共有,无抵押,未上传房本照片,小高层住房一直自住保养良好开阔三居室双阳台通..,三开间朝南的大三居户型 南面双阳台方正明亮 结构合理，方便布局，居住舒适。,"：
综合市场，大卖场，医院，银行交通银行，中国工商银行，中国工商银行，邮政储蓄.爱琴海购物广场，吾悦广场。",,,,,,,,适宜人群：适合喜欢安静的客户群体，整栋居住人口少，比较简单的邻里关系 楼层不高，出入方便，适合喜欢低楼层的家庭居住,,
126,公园壹号122平米3房2卫19年婚房装修保养好满五年唯一,142万,11640,经开区潞城,公园壹号花园,3室2厅1厨2卫,高楼层 (共18层),122㎡,暂无数据,暂无数据,板楼,南,钢混结构,精装,暂无数据,暂无数据,暂无数据,2023-07-30,商品房,暂无数据,普通住宅,暂无数据,共有,有抵押,未上传房本照片,此房满五年唯一格局好 采光通风好视线好交通方便,,,首套房90平米以下成交价的1％，90平米以上成交价的1.5％，二套房90平以下1%，以上2%，三套房不论大小均为3%； 增值税分析：产证满2年免收增值税，未满2年征收5.3％；个税：产证满五年而且是唯一一套住房，免收个税，未满5年成交价的1%,1、小区生活设施齐，商场、c市、菜市场、银行等，交通便捷；2、小区内有健身器材，小型篮球场，可供小区居民使用；3、小区内停车位充足，建有地上停车场和地下车库；4、小区内24小时保安巡逻。5.户型周正，格局分布合理，空间感好，通透性佳,,,,房东19年儿子结婚的婚房精装，装修时间不长 ，设施齐全， 拎包入住，,,,,
127,小高层住房一直自住保养良好开阔三居室双阳台通..,175万,14061,经开区潞城,公园壹号花园,3室2厅1厨2卫,高楼层 (共18层),124.46㎡,暂无数据,暂无数据,板楼,南,钢混结构,简装,暂无数据,暂无数据,暂无数据,2023-06-04,商品房,暂无数据,普通住宅,暂无数据,共有,有抵押 8万元 业主自还,未上传房本照片,小高层住房一直自住保养良好开阔三居室双阳台通..,三开间朝南的大三居户型 南面双阳台方正明亮 结构合理，方便布局，居住舒适,综合市场，大卖场，医院，银行交通银行，中国工商银行，中国工商银行，邮政储蓄.爱琴海购物广场，吾悦广场。,,,,,,,,适宜人群：适合喜欢安静的客户群体，整栋居住人口少，比较简单的邻里关系 楼层不高，出入方便，适合喜欢低楼层的家庭居住,,
128,次新小区 三开间朝南 户型方正 产权清晰 房东诚心出售,175万,15049,经开区潞城,东方君开,3室2厅1厨2卫,低楼层 (共27层),116.29㎡,暂无数据,暂无数据,暂无数据,西南,未知结构,毛坯,暂无数据,暂无数据,暂无数据,2023-10-05,商品房,暂无数据,普通住宅,暂无数据,共有,有抵押,未上传房本照片,小高层 楼层佳 三开间朝南 户型方正 房东诚心出售 产权清晰,户型周正，格局分布合理，空间感好，通透性强，居住舒适； 2、楼层佳，朝向南北，视野开阔，采光透亮,好几家大型购物商场（永辉，好又多），综合菜场，药店，银行配套齐全，还有天宁吾悦购物广场，丁塘河湿地公园，爱琴海购物广场,"契税：首套房，90平米以下成交价的1％，90平米以上成交价的1.5％, 二套房90平以上成交价的2%,2、增值税：产证满2年免收增值税，未满2年征收5.3％； 3、个税：产证满五年而且是唯 一套住房，免收个税，未满5年成交价的1%",,,,,,,,,
129,蓝山湖洋房底复 带前后花园 带地下室 随时看房,288万,11520,经开区潞城,蓝山湖,4室2厅1厨2卫,低楼层 (共7层),250㎡,暂无数据,暂无数据,板楼,南,钢混结构,毛坯,暂无数据,暂无数据,暂无数据,2023-06-21,商品房,暂无数据,普通住宅,暂无数据,共有,有抵押,未上传房本照片,蓝山湖洋房底复 带前后花园 带地下室 随时看房,,综合市场，大卖场，医院，银行交通银行，中国工商银行，中国工商银行，邮政储蓄，吾悦广场。,此房满二，故个税是1%。契税：首套房90平米以下是成交价的1％，90平米以上是成交价的1.5％； 二套房90平米以下是成交价的1％，90平米以上是成交价的2％；三套房是成交价的3％。,,此房有贷款，产权清晰。房东对付款无要求，按照正常首付就可以。,,,,,,,
130,自住装修保养好，采光视野良好，省心舒适之选,155万,11881,经开区潞城,公园壹号四期,3室2厅1厨2卫,低楼层 (共33层),130.47㎡,暂无数据,100.71㎡,塔楼,南,钢混结构,简装,两梯四户,有,暂无数据,2023-10-07,商品房,2012-11-05,普通住宅,暂无数据,非共有,有抵押,已上传房本照片,房子原始房东，自住装修保养好，采光视野良好，省心舒适之选,房子户型是标准的两房 两个卧室和客厅的采光面都朝南 客厅位于中间 东西两侧为卧室的布局 很方正规整，便于家居家具的摆放。,,,公园壹号四期是公园壹号后期建造的一个花园式高层社区，绿化、楼间距都很优秀 邻湿地公园，健身休闲很方便 自驾出入高架也很便捷,,,交通情况：交通有地铁2号线潞城站和丁堰站，距离400米左右 公交车站牌在3期门口 环保自行车租赁归还点也在小区东门50米处 高架路龙城大道和青洋高架方便快速出行,,,,,
131,公园壹号精装两房未入住 房东诚心出售 有密码随时看,103.8万,12358,经开区潞城,公园壹号花园,2室2厅1厨1卫,高楼层 (共26层),84㎡,暂无数据,暂无数据,板楼,南,钢混结构,精装,两梯四户,有,暂无数据,2023-07-31,商品房,暂无数据,普通住宅,暂无数据,非共有,无抵押,未上传房本照片,公园壹号精装2房 满五 全天采光 地铁口 随时看房,,综合市场，大卖场，医院，银行交通银行，中国工商银行，中国工商银行，邮政储蓄.爱琴海购物广场，吾悦广场。,税费解析：此房满二，故个税是1%。契税：首套房90平米以下是成交价的1％，90平米以上是成交价的1.5％； 二套房90平米以下是成交价的1％，90平米以上是成交价的2％；三套房是成交价的3％.,,此房无抵押！产权清晰。房东对付款无要求，按照正常首付就可以。,,,,,,,
132,亨达未来城  好楼层  房东诚心出售,120万,13044,经开区潞城,亨达未来城,3室2厅1厨1卫,中楼层 (共32层),92㎡,暂无数据,暂无数据,板塔结合,南 北,混合结构,其他,两梯四户,有,暂无数据,2023-08-21,商品房,暂无数据,普通住宅,暂无数据,共有,无抵押,未上传房本照片,此房格局通透，户型方正，楼层佳，视野开阔，阳光好,户型周正，格局分布合理，空间感好，通透性强，居住舒适 2.楼层佳，南北朝向，视野开阔，采光通透 3.小区环境优美，绿化覆盖面积多，干净整洁，内有健身器材和小型娱乐设施。,,"契税：首套房，90平米以下成交价的1％，90平米以上成交价的1.5％, 二套房90平以上成交价的2%,2、增值税：产证满2年免收增值税，未满2年征收5.3％； 3、个税：产证满五年而且是唯 一套住房，免收个税，未满5年成交价的1%",小区环境优美，绿化面积大，人车分流，车位充足人文素养高，乐于助人 相处和谐物业方便快捷，安保24小时巡逻，本小区设有门禁 闲杂人等不得入内,,,,,,,,
133,牡丹招商公园学府95平3房高楼层 房东诚售,196万,20632,经开区潞城,牡丹招商·公园学府,3室2厅1厨1卫,高楼层 (共18层),95㎡,暂无数据,暂无数据,暂无数据,南 北,未知结构,毛坯,暂无数据,暂无数据,暂无数据,2023-06-08,商品房,暂无数据,普通住宅,暂无数据,共有,有抵押 100万元 交行组合,未上传房本照片,此房户型方正，利用率高。 地段优越，交通便捷，配套齐全。,,,"1、契税：首套房，90平米以下成交价的1％，90平米以上成交价的1.5％, 二套房90平以上成交价的2%。 2、增值税：产证满2年免收增值税，未满2年征收5.3％。 3、个税：产证满五年而且是唯一套住房，免收个税，未满5年成交价的1%。",,贷款抵押：交通银行组合贷有100多万未还。。 房源不满二，房东承担个税，增值税买方承担。,"售房原因：房屋空置无自住需求，房东资产整合考虑出售。
 房屋现状：房屋空置，可预约看房。",,,,,,
134,蓝山湖精装3房 满二 全天采光 地铁口公园旁 随时看房,125万,12401,经开区潞城,蓝山湖,3室2厅1厨1卫,低楼层 (共31层),100.8㎡,暂无数据,暂无数据,板楼,南,钢混结构,精装,一梯四户,有,暂无数据,2023-04-19,商品房,2023-07-25,普通住宅,未满两年,共有,无抵押,已上传房本照片,蓝山湖精装3房 满二 全天采光 地铁口公园旁 随时看房,,综合市场，大卖场，医院，银行交通银行，中国工商银行，中国工商银行，邮政储蓄，吾悦广场。,税费解析：此房满二，故个税是1%。契税：首套房90平米以下是成交价的1％，90平米以上是成交价的1.5％； 二套房90平米以下是成交价的1％，90平米以上是成交价的2％；三套房是成交价的3％。,,此房无贷款，无抵押，产权清晰。房东对付款无要求，按照正常首付就可以。,,,,,,,
135,无遮挡  亨达未来城 三房  南北通透  房东诚售,130万,12955,经开区潞城,亨达未来城,3室2厅1厨1卫,中楼层 (共32层),100.35㎡,暂无数据,暂无数据,板塔结合,南 北,混合结构,毛坯,两梯四户,有,暂无数据,2023-08-21,商品房,2021-03-24,普通住宅,暂无数据,共有,无抵押,已上传房本照片,此房格局通透，户型方正，楼层佳，视野开阔，阳光好,户型周正，小三房格局，南北通透格局分布合理，空间感好，通透性强，居住舒适 2.楼层佳，南北朝向，视野开阔，采光通透 3.小区环境优美，绿化覆盖面积多，干净整洁，内有健身器材和小型娱乐设施。物业服务态度好。,,"契税：首套房，90平米以下成交价的1％，90平米以上成交价的1.5％, 二套房90平以上成交价的2%,2、增值税：产证满2年免收增值税，未满2年征收5.3％； 3、个税：产证满五年而且是唯 一套住房，免收个税，未满5年成交价的1%",小区环境优美，绿化面积大，人车分流，车位充足人文素养高，乐于助人 相处和谐物业方便快捷，安保24小时巡逻，本小区设有门禁 闲杂人等不得入内,,,,,,,,
136,此房格局通透，户型方正，房东诚心出售，看房方便。,125万,11905,经开区潞城,港龙.新港城,3室2厅1厨1卫,低楼层 (共18层),105㎡,暂无数据,暂无数据,暂无数据,南,未知结构,简装,暂无数据,暂无数据,暂无数据,2022-08-28,商品房,暂无数据,普通住宅,暂无数据,共有,有抵押 40万元,未上传房本照片,此房格局通透，户型方正，房东诚心出售，看房方便。,1.户型周正，格局分布合理，空间感好，通透性强，居住舒适 2.楼层佳，南北朝向，视野开阔，采光通透 3.小区环境优美，绿化覆盖面积多，干净整洁，内有健身器材和小型娱乐设施。物业服务态度好。,,"1、契税：首套房，90平米以下成交价的1％，90平米以上成交价的1.5％, 二套房90平以上成交价的2%,2、增值税：产证满2年免收增值税，未满2年征收5.3％； 3、个税：产证满五年而且是唯 一套住房，免收个税，未满5年成交价的1%",小区环境优美，绿化面积大，人车分流，车位充足人文素养高，乐于助人 相处和谐物业方便快捷，安保24小时巡逻，本小区设有门禁 闲杂人等不得入内,,此房产权清晰，房源真实，业主诚心出售，看房方便，过户全程陪同。,,,,,,
137,东方君开 三房 户型对比很nice 采光佳,150万,15625,经开区潞城,东方君开,3室1厅1厨1卫,低楼层 (共27层),96㎡,暂无数据,暂无数据,板塔结合,南 北,钢混结构,毛坯,两梯四户,有,暂无数据,2023-04-11,商品房,暂无数据,普通住宅,暂无数据,非共有,有抵押 90万元 建行,未上传房本照片,产权清晰 此房户型好，户型位置好，房东诚心急卖,户型周正，格局分布合理，空间感好，通透性强，居住舒适； 2、楼层佳，朝向南北，视野开阔，采光透亮,好几家大型购物商场（永辉，好又多），综合菜场，药店，银行配套齐全，还有天宁吾悦购物广场，丁塘河湿地公园，爱琴海购物广场,"契税：首套房，90平米以下成交价的1％，90平米以上成交价的1.5％, 二套房90平以上成交价的2%,2、增值税：产证满2年免收增值税，未满2年征收5.3％； 3、个税：产证满五年而且是唯 一套住房，免收个税，未满5年成交价的1%",,,,,,,,,
138,亨达未来城 小高层中高楼层 采光好 有钥匙随时看房,135万,13637,经开区潞城,亨达未来城,3室2厅1厨1卫,中楼层 (共11层),99㎡,暂无数据,暂无数据,板楼,南,钢混结构,毛坯,暂无数据,暂无数据,暂无数据,2023-02-01,商品房,暂无数据,普通住宅,暂无数据,非共有,有抵押 40万元,未上传房本照片,此房格局通透，户型方正，楼层佳，视野开阔，全天阳光,1.户型周正，格局分布合理，空间感好，通透性强，居住舒适 2.楼层佳，南北朝向，视野开阔，采光通透 3.小区环境优美，绿化覆盖面积多，干净整洁，内有健身器材和小型娱乐设施。物业服务态度好。,,"1、契税：首套房，90平米以下成交价的1％，90平米以上成交价的1.5％, 二套房90平以上成交价的2%,2、增值税：产证满2年免收增值税，未满2年征收5.3％； 3、个税：产证满五年而且是唯 一套住房，免收个税，未满5年成交价的1%",小区环境优美，绿化面积大，人车分流，车位充足人文素养高，乐于助人 相处和谐物业方便快捷，安保24小时巡逻，本小区设有门禁 闲杂人等不得入内,此房产权清晰，房源真实，业主诚心出售，看房方便，过户全程陪同,,,,,,,
139,此房格局通透，户型方正，楼层佳，视野开阔，全天阳光,83万,9223,经开区潞城,豪景家园,2室2厅1厨1卫,中楼层 (共25层),90㎡,暂无数据,暂无数据,板楼,南,钢混结构,简装,暂无数据,暂无数据,暂无数据,2023-08-06,商品房,暂无数据,普通住宅,暂无数据,共有,无抵押,未上传房本照片,此房格局通透，户型方正，楼层佳，视野开阔，全天阳光,1.户型周正，格局分布合理，空间感好，通透性强，居住舒适 2.楼层高，南北朝向，视野开阔，采光通透 3.小区环境优美，绿化覆盖面积多，干净整洁，内有健身器材和小型娱乐设施。物业服务态度好。,,"1.	税费信息
A.首套 90平以下1%
B.首套90平以上1.5%
C.二套90平以下1%
D.二套90平以上2%
E.三套或以上3%

2.增值税：满2年免征，不满2年全额征收5.3%

3.个人所得税：不满5年征1%，满5且家庭 住房，省个税",小区环境优美，绿化面积大，人车分流，车位充足人文素养高，乐于助人 相处和谐物业方便快捷，安保24小时巡逻，本小区设有门禁 闲杂人等不得入内,,,,,,,,
140,中海凤凰熙岸 户型方正格局好 中间楼层视野开阔采光好,165万,17020,经开区潞城,牡丹招商·公园学府,3室2厅1厨1卫,低楼层 (共27层),96.95㎡,暂无数据,暂无数据,暂无数据,南,未知结构,毛坯,暂无数据,暂无数据,暂无数据,2023-09-23,商品房,2023-01-19,普通住宅,未满两年,非共有,有抵押,已上传房本照片,格局好，户型方正 楼间距大 视野采光好,,交通银行，中国工商银行，中国农业银行，邮政储蓄，绿地公园，大润发 房主自荐(业主对房源的描述),"首套房，90平米以下成交价的1％，90平米以上成交价的1.5％, 二套房90平以上成交价的2%,2、增值税：产证满2年免收增值税，未满2年征收5.6％； 3、个税：产证满五年而且是一套住房，免收个税，未满5年成交价的1%",小区生活实施齐全，商场，菜市场，银行等。 2：小区内有健身器材，小型篮球场，可供小区居民使用。 3：小区停车位充足，建有地面临时停车位以及底下停车位。 4：小区内24小时保安巡逻,,,,,,,,
141,蓝山湖 2室2厅 南,100万,11557,经开区潞城,蓝山湖,2室2厅1厨1卫,高楼层 (共34层),86.53㎡,暂无数据,暂无数据,板楼,南,钢混结构,精装,暂无数据,暂无数据,暂无数据,2023-08-01,商品房,暂无数据,普通住宅,暂无数据,共有,无抵押,未上传房本照片,,,,,,,,,,,,,
142,此房格局通透，户型方正，楼层佳，视野开阔，阳光充足,95万,10923,经开区潞城,蓝山湖,2室2厅1厨1卫,高楼层 (共34层),86.98㎡,暂无数据,暂无数据,板楼,南,钢混结构,其他,两梯五户,有,暂无数据,2023-10-13,商品房,2022-10-28,普通住宅,未满两年,共有,无抵押,已上传房本照片,此房格局通透，户型方正，楼层佳，视野开阔，阳光充足小区环..,户型周正，格局分布合理，空间感好，通透性强，居住舒适 2.楼层佳，南北朝向，视野开阔，采光通透 3.小区环境优美，绿化覆盖面积多，干净整洁，内有健身器材和小型娱乐设施。物业服务态度好,,"1、契税：首套房，90平米以下成交价的1％，90平米以上成交价的1.5％, 二套房90平以上成交价的2%,2、增值税：产证满2年免收增值税，未满2年征收5.3％； 3、个税：产证满五年而且是唯 一套住房，免收个税，未满5年成交价的1%",小区环境优美，绿化面积大，人车分流，车位充足人文素养高，乐于助人 相处和谐物业方便快捷，安保24小时巡逻，本小区设有门禁,,,,,,,,
143,蓝山湖 2室2厅 北 南,90万,10231,经开区潞城,蓝山湖,2室2厅1厨1卫,低楼层 (共34层),87.97㎡,暂无数据,暂无数据,板楼,北 南,钢混结构,毛坯,两梯五户,有,暂无数据,2023-10-06,商品房,暂无数据,普通住宅,暂无数据,共有,无抵押,未上传房本照片,,,,,,,,,,,,,
144,此房格局通透，户型方正，楼层佳，视野开阔，阳光充足,95万,10923,经开区潞城,蓝山湖,2室2厅1厨1卫,低楼层 (共34层),86.98㎡,暂无数据,暂无数据,板楼,南,钢混结构,毛坯,两梯四户,有,暂无数据,2023-10-13,商品房,2023-10-13,普通住宅,未满两年,共有,无抵押,已上传房本照片,此房格局通透，户型方正，楼层佳，视野开阔，阳光充足小区环..,户型周正，格局分布合理，空间感好，通透性强，居住舒适 2.楼层佳，南北朝向，视野开阔，采光通透 3.小区环境优美，绿化覆盖面积多，干净整洁，内有健身器材和小型娱乐设施。物业服务态度好,,"、契税：首套房，90平米以下成交价的1％，90平米以上成交价的1.5％, 二套房90平以上成交价的2%,2、增值税：产证满2年免收增值税，未满2年征收5.3％； 3、个税：产证满五年而且是唯 一套住房，免收个税，未满5年成交价的1%",区环境优美，绿化面积大，人车分流，车位充足人文素养高，乐于助人 相处和谐物业方便快捷，安保24小时巡逻，本小区设有门禁,,,,,,,,
145,此房未满2，楼层好，采光足，交通便利。,95万,10560,经开区潞城,蓝山湖,2室2厅1厨1卫,高楼层 (共34层),89.97㎡,暂无数据,72.19㎡,板楼,南,钢混结构,毛坯,两梯五户,有,暂无数据,2023-10-07,商品房,2022-10-28,普通住宅,未满两年,共有,无抵押,已上传房本照片,此房未满2，楼层好，采光足，交通便利,"：
户型方正，格局分布合理，空间感好，通透性强，居住舒适。 2：楼层佳，朝向南北，视野开阔，采光充沛。 3：小区环境优美，绿化覆盖面积高，干净整洁，内有建设器材和娱乐场所，物业态度较好",,首套房成交价的1.5%，二套房成交价的2%，三套房成交价的3%。 增值税：满2年免征，不满2年成交额征收5.6%。 个税：不满5年征收1%,小区生活实施齐全，商场，菜市场，银行等。 2：小区内有健身器材，小型篮球场，可供小区居民使用。 3：小区停车位充足，建有地面临时停车位以及底下停车位。 4：小区内24小时保安巡逻,,,,,,,,
146,东方君开 次新小区 中间楼层 采光视野好 诚心出售,155万,15980,经开区潞城,东方君开,3室2厅1厨1卫,中楼层 (共27层),97㎡,暂无数据,暂无数据,暂无数据,南 北,未知结构,毛坯,暂无数据,暂无数据,暂无数据,2023-07-07,商品房,暂无数据,普通住宅,暂无数据,非共有,有抵押,未上传房本照片,产权清晰 此房户型好，户型位置好，房东诚心急卖,户型周正，格局分布合理，空间感好，通透性强，居住舒适； 2、楼层佳，朝向南北，视野开阔，采光透亮,好几家大型购物商场（永辉，好又多），综合菜场，药店，银行配套齐全，还有天宁吾悦购物广场，丁塘河湿地公园，爱琴海购物广场,"契税：首套房，90平米以下成交价的1％，90平米以上成交价的1.5％, 二套房90平以上成交价的2%,2、增值税：产证满2年免收增值税，未满2年征收5.3％； 3、个税：产证满五年而且是唯 一套住房，免收个税，未满5年成交价的1%",,,,,,,,,
147,公园壹号四期，户型好，楼层好，精装修，业主诚售。,115万,14025,经开区潞城,公园壹号四期,2室1厅1厨2卫,高楼层 (共33层),82㎡,暂无数据,暂无数据,塔楼,南 北,钢混结构,精装,暂无数据,暂无数据,暂无数据,2022-01-10,商品房,暂无数据,普通住宅,暂无数据,共有,无抵押,未上传房本照片,精装全新房格局舒适户型方正楼层佳视野开阔采光充足,"1.户型方正，格局分布合理，空间感好，居住舒适
 2.楼层佳，南北朝向，视野开阔，采光通透 
3.小区环境优美，绿化覆盖面积多，干净整洁，内有健身器材和小型娱乐设施。",,"1、契税：首套房，90平米以下成交价的1％，90平米以上成交价的1.5％, 二套房90平以上成交价的2%,2，个税：产证满五年而且是唯 一套住房，免收个税，未满5年成交价的1%",小区环境优美，绿化面积大，人车分流，车位充足人文素养高，相处和谐物业方便快捷，安保认真负责.,此房产权清晰，房源真实，业主诚心出售，看房方便，过户全程陪同,,,,,,,
148,亨达未来城92平 可以满2再过户,115万,12482,经开区潞城,亨达未来城,2室2厅1厨1卫,低楼层 (共32层),92.14㎡,暂无数据,暂无数据,板塔结合,南,混合结构,毛坯,两梯四户,有,暂无数据,2023-05-12,商品房,暂无数据,普通住宅,暂无数据,共有,有抵押,未上传房本照片,此房格局通透，户型方正，楼层佳，视野开阔，阳光好,1.户型周正，格局分布合理，空间感好，通透性强，居住舒适 2.楼层佳，南北朝向，视野开阔，采光通透 3.小区环境优美，绿化覆盖面积多，干净整洁，内有健身器材和小型娱乐设施。物业服务态度好。,,"1、契税：首套房，90平米以下成交价的1％，90平米以上成交价的1.5％, 二套房90平以上成交价的2%,2、增值税：产证满2年免收增值税，未满2年征收5.3％； 3、个税：产证满五年而且是唯 一套住房，免收个税，未满5年成交价的1%",小区环境优美，绿化面积大，人车分流，车位充足人文素养高，乐于助人 相处和谐物业方便快捷，安保24小时巡逻，本小区设有门禁 闲杂人等不得入内,此房有贷款，房东可以提前还款，24年1月满2年。有钥匙随时看房,房东是位有文化素养的人，诚心出售此房，价格也有来去，欢迎看房,,,,,,
149,蓝山湖洋房底复 带前后花园 带地下室 随时看房,95万,10560,经开区潞城,蓝山湖,2室2厅1厨1卫,高楼层 (共34层),89.97㎡,暂无数据,72.19㎡,板楼,南,钢混结构,毛坯,两梯五户,有,暂无数据,2023-10-07,商品房,2022-10-28,普通住宅,未满两年,共有,无抵押,已上传房本照片,蓝山湖洋房底复 带前后花园 带地下室 随时看房,,综合市场，大卖场，医院，银行交通银行，中国工商银行，中国工商银行，邮政储蓄，吾悦广场,此房满二，故个税是1%。契税：首套房90平米以下是成交价的1％，90平米以上是成交价的1.5％； 二套房90平米以下是成交价的1％，90平米以上是成交价的2％；三套房是成交价的3％。,,此房无贷款，产权清晰。房东对付款无要求，按照正常首付就可以。,,,,,,,
150,精装修，客厅宽敞， 采光好，公园旁。,70万,7763,经开区潞城,福康宁花园,2室2厅1厨1卫,低楼层 (共16层),90.18㎡,暂无数据,暂无数据,塔楼,南,钢混结构,精装,暂无数据,暂无数据,暂无数据,2023-10-25,商品房,暂无数据,普通住宅,暂无数据,非共有,无抵押,未上传房本照片,使用面积很多 ，房东诚心出售，价格从优,,,"一、契税

1）如果是首套房，且住宅面积不大于90㎡的，契税缴纳比例1%；住宅面积大于90㎡，契税缴纳为1.5%。

2）如果是二套房，且住宅面积不大于90㎡，契税为1%；大于90㎡，契税为2%。

3）三套一律按3%缴纳契税。",,,,有城市环保自行车、多方向的公交车，很多主路，咱们出行都很便利,,,该房源配套齐全，有菜场小区内停车方便有新能源充电桩。邻里关系融洽治安好，适合上班族。,,
151,新城公园壹号 朝南 带电梯 楼层好采光佳,95万,11594,经开区潞城,公园壹号四期,2室1厅1厨1卫,低楼层 (共33层),81.94㎡,暂无数据,63.25㎡,塔楼,南 北,钢混结构,精装,两梯四户,有,暂无数据,2023-03-24,商品房,2012-11-12,普通住宅,暂无数据,非共有,有抵押,已上传房本照片,房子满五年唯一 方正三房 低楼层 看房随时可以,三开间朝南的大三居户型 南面双阳台方正明亮 结构合理，方便布局，居住舒适。,,,,贷款抵押：房子产权清晰 无贷款，无任何产权纠纷 看房的话有钥匙也很方便 业主诚售。,,,,,适宜人群：适合喜欢安静的客户群体，整栋居住人口少，比较简单的邻里关系 楼层不高，出入方便，适合喜欢低楼层的家庭居住。,,
152,港龙紫荆城二房 格局通透，户型方正，阳光充足,103万,11840,经开区潞城,港龙紫荆城,2室2厅1厨1卫,低楼层 (共29层),87㎡,暂无数据,暂无数据,板塔结合,南,钢混结构,毛坯,两梯四户,有,暂无数据,2022-06-03,商品房,暂无数据,普通住宅,暂无数据,非共有,有抵押 35万元 工商银行,未上传房本照片,此房格局通透，户型方正，阳光充足，房东诚心出售，产权清晰,,,"1、契税：首套房，90平米以下成交价的1％，90平米以上成交价的1.5％, 二套房90平以上成交价的2%,2、增值税：产证满2年免收增值税，未满2年征收5.3％； 3、个税：产证满五年而且是唯 一套住房，免收个税，未满5年成交价的1%",小区环境优美，绿化面积大，人车分流，车位充足人文素养高，乐于助人 相处和谐物业方便快捷，安保24小时巡逻，本小区设有门禁 闲杂人等不得入内,,1.户型周正，格局分布合理，空间感好，通透性强，居住舒适 2.楼层佳，南北朝向，视野开阔，采光通透 3.小区环境优美，绿化覆盖面积多，干净整洁，内有健身器材和小型娱乐设施。物业服务态度好,,,,,,
153,蓝山湖 交通便利 生活配套齐全 环境优美,120万,13372,经开区潞城,蓝山湖,2室2厅1厨1卫,高楼层 (共34层),89.74㎡,暂无数据,暂无数据,板楼,南,钢混结构,精装,两梯五户,有,暂无数据,2023-01-03,商品房,暂无数据,普通住宅,暂无数据,非共有,无抵押,未上传房本照片,此房满二，楼层好，采光足，交通便利。,户型方正，格局分布合理，空间感好，通透性强，居住舒适。 2：楼层佳，朝向南北，视野开阔，采光充沛。 3：小区环境优美，绿化覆盖面积高，干净整洁，内有建设器材和娱乐场所，物业态度较好,,首套房成交价的1.5%，二套房成交价的2%，三套房成交价的3%。 增值税：满2年免征，不满2年成交额征收5.6%。 个税：不满5年征收1%,小区生活实施齐全，商场，菜市场，银行等。 2：小区内有健身器材，小型篮球场，可供小区居民使用。 3：小区停车位充足，建有地面临时停车位以及底下停车位。 4：小区内24小时保安巡逻。,,,,,,,,
154,福康宁普装两房 房间朝南 明厨明卫 交通便利,85万,9341,经开区潞城,福康宁花园,2室2厅1厨1卫,低楼层 (共16层),91㎡,暂无数据,暂无数据,塔楼,南,钢混结构,简装,暂无数据,暂无数据,暂无数据,2023-03-24,商品房,暂无数据,普通住宅,暂无数据,共有,无抵押,未上传房本照片,房间朝南，明厨明卫，交通便利 近商场,,丁塘河湿地公园。爱琴海购物广场，天宁吾悦广场等大型商 业综合体,契税 首套房90平以下 1%，90平以上1.5% 二套房90平以下1%，90平以上2% 三套房不论面积统一3% 2税： 不满二年 收全额的5.6% 3个人所得税： 满两年1% 满五免个人所得税,,,,2号线地铁潞城站，高架，高速入口，都比较方便，公交出行也很方便,,,,,
155,港龙新港城  楼层佳 采光好 户型方正,107万,12923,经开区潞城,港龙.新港城,2室2厅1厨1卫,低楼层 (共34层),82.8㎡,暂无数据,暂无数据,板塔结合,南 北,框架结构,简装,两梯四户,有,暂无数据,2023-01-31,商品房,暂无数据,普通住宅,暂无数据,共有,有抵押 40万元,未上传房本照片,港龙新港城 楼层佳 采光好 户型方正,,小区旁成熟社区，配套设施齐，菜场，娱乐场所，公园 银行 医院，适宜居住 让你步行就满足一切需要,"税费解析： 税费解析： 税费分析 1、契税：首套房，90平米以下成交价的1％，90平米以上成交价的1.5％, 二套房90平以上成交价的2%,2、增值税：产证满2年免收增值税，未满2年征收5.6％； 3、个税：产证满五年而且是一套住房，免收个税，未满5年成交价的1%",小区介绍： 小区环境优美，舒适安静 适宜居住，出门即有公交菜场，银行 美食等 人文素养好，乐于助人，相处和谐,,,,,,,,
156,蓝山湖 交通便利 生活配套齐全 环境优美,120万,13637,经开区潞城,蓝山湖,2室2厅1厨1卫,低楼层 (共34层),88㎡,暂无数据,暂无数据,板楼,南,钢混结构,简装,两梯四户,有,暂无数据,2023-03-14,商品房,2023-07-07,普通住宅,未满两年,共有,有抵押 20万元,已上传房本照片,此房满二，楼层好，采光足，交通便利。,户型方正，格局分布合理，空间感好，通透性强，居住舒适。 2：楼层佳，朝向南北，视野开阔，采光充沛。 3：小区环境优美，绿化覆盖面积高，干净整洁，内有建设器材和娱乐场所，物业态度较好,,此房满二，故个税是1%。契税：首套房90平米以下是成交价的1％，90平米以上是成交价的1.5％； 二套房90平米以下是成交价的1％，90平米以上是成交价的2％；三套房是成交价的3％.,,,,,,,适合刚需客户 房子从来没有住过 可以用来当婚房 挺不错的。。。,,
157,港龙新港城 刚满2年 准新房 楼层佳 采光好 户型方正,120万,14006,经开区潞城,港龙.新港城,2室2厅1厨1卫,高楼层 (共34层),85.68㎡,暂无数据,暂无数据,板塔结合,南 北,钢混结构,精装,暂无数据,暂无数据,暂无数据,2023-03-14,商品房,暂无数据,普通住宅,暂无数据,共有,无抵押,未上传房本照片,港龙新港城 刚满2年 准新房 楼层佳 采光好 户型方正,,小区旁成熟社区，配套设施齐，菜场，娱乐场所，公园 银行 医院，适宜居住 让你步行就满足一切需要,"首套房，90平米以下成交价的1%,90平米以上成交价的1.5%，二套房90平以上成交价的2%,2、增值税：产证满2年免收增值税，未满2年征收5.6%;3、个税：产证满五年而且是一套住房，免收个税，未满5年成交价的1%",,,,,,,适合刚需客户 刚需小三房！户型方正，价格可以谈 很适合考虑在常州安家置业的年轻人 挺不错的。。。。。,,
158,房东诚心卖出售， 价格可以谈，房东诚心卖,108万,12559,经开区潞城,港龙.新港城,2室2厅1厨1卫,低楼层 (共34层),86㎡,暂无数据,暂无数据,板塔结合,南,钢混结构,毛坯,暂无数据,暂无数据,暂无数据,2023-02-13,商品房,暂无数据,普通住宅,暂无数据,共有,有抵押,未上传房本照片,此房格局通透，户型方正，潞城必看,,小区旁成熟社区，配套设施齐，菜场，娱乐场所，公园 银行 医院，适宜居住 让你步行就满足一切需要,,小区介绍： 小区介绍： 小区介绍： 小区环境优美，舒适安静 适宜居住，出门即有公交菜场，银行 美食等 人文素养好，乐于助人，相处和谐,"税费解析： 税费分析 1、契税：首套房，90平米以下成交价的1％，90平米以上成交价的1.5％, 二套房90平以上成交价的2%,2、增值税：产证满2年免收增值税，未满2年征收5.6％； 3、个税：产证满五年而且是一套住房，免收个税，未满5年成交价的1%",,,,,,,
159,港龙新港城 楼层佳 采光好 户型方正,141.8万,13176,经开区潞城,港龙.新港城,3室2厅1厨1卫,中楼层 (共34层),107.62㎡,暂无数据,暂无数据,板楼,南,钢混结构,精装,暂无数据,暂无数据,暂无数据,2023-06-21,商品房,暂无数据,普通住宅,暂无数据,共有,无抵押,未上传房本照片,港龙新港城 楼层佳 采光好 户型方正,,小区旁成熟社区，配套设施齐，菜场，娱乐场所，公园 银行 医院，适宜居住 让你步行就满足一切需要,"税费解析： 税费分析 1、契税：首套房，90平米以下成交价的1％，90平米以上成交价的1.5％, 二套房90平以上成交价的2%,2、增值税：产证满2年免收增值税，未满2年征收5.6％； 3、个税：产证满五年而且是一套住房，免收个税，未满5年成交价的1%",小区环境优美，舒适安静 适宜居住，出门即有公交菜场，银行 美食等 人文素养好，乐于助人，相处和谐,,,,,,,,
160,公园壹号四期 2室2厅 南 北,130万,15854,经开区潞城,公园壹号四期,2室2厅1厨1卫,低楼层 (共32层),82㎡,暂无数据,暂无数据,塔楼,南 北,钢混结构,精装,两梯四户,有,暂无数据,2022-08-04,商品房,暂无数据,普通住宅,暂无数据,共有,无抵押,未上传房本照片,,,,,,,,,,,,,
161,港龙新港城 刚满2年 准新房 楼层佳 采光好 户型方正,110万,12644,经开区潞城,港龙.新港城,3室1厅1厨1卫,中楼层 (共34层),87㎡,暂无数据,暂无数据,板楼,南 北,钢混结构,简装,暂无数据,暂无数据,暂无数据,2022-08-25,商品房,暂无数据,普通住宅,暂无数据,非共有,无抵押,未上传房本照片,港龙新港城 刚满2年 准新房 楼层佳 采光好 户型方正,,,个税百分之一 契税百分之一 总共百分之二的税 。。。。。。。,,,,,开发商统一装修 置办点软装就可以入住 业主诚心出售。。。。。。。。,,适合刚需客户 房子从来没有住过 可以用来当婚房 挺不错的。。。。,,
162,东方君开次新小区 中间楼层 采光好视野开阔 随时看房,160万,16448,经开区潞城,东方君开,3室2厅1厨1卫,中楼层 (共27层),97.28㎡,暂无数据,暂无数据,暂无数据,南,未知结构,毛坯,暂无数据,暂无数据,暂无数据,2023-08-27,商品房,暂无数据,普通住宅,暂无数据,共有,有抵押,未上传房本照片,中间楼层 三开间朝南 户型方正 房东诚心出售 产权清晰,户型周正，格局分布合理，空间感好，通透性强，居住舒适； 2、楼层佳，朝向南北，视野开阔，采光透亮,好几家大型购物商场（永辉，好又多），综合菜场，药店，银行配套齐全，还有天宁吾悦购物广场，丁塘河湿地公园，爱琴海购物广场,"契税：首套房，90平米以下成交价的1％，90平米以上成交价的1.5％, 二套房90平以上成交价的2%,2、增值税：产证满2年免收增值税，未满2年征收5.3％； 3、个税：产证满五年而且是唯 一套住房，免收个税，未满5年成交价的1%",,,,,,,,,
163,公园壹号四期 2室2厅 南,108万,13163,经开区潞城,公园壹号四期,2室2厅1厨1卫,低楼层 (共33层),82.05㎡,暂无数据,暂无数据,板楼,南,钢混结构,精装,两梯四户,有,暂无数据,2023-08-11,商品房,暂无数据,普通住宅,暂无数据,非共有,无抵押,未上传房本照片,,,,,,,,,,,,,
164,地鉄口 港龙紫荆城 精装修两房朝南 拎包即住,120万,12807,经开区潞城,港龙紫荆城,2室2厅1厨1卫,中楼层 (共29层),93.7㎡,暂无数据,暂无数据,板塔结合,南,钢混结构,精装,两梯四户,有,暂无数据,2023-03-12,商品房,暂无数据,普通住宅,暂无数据,共有,有抵押 7万元,未上传房本照片,生活方便 交通便利，地铁口350米 看房提前预约,,,"1、契税：首套房，90平米以下成交价的1％，90平米以上成交价的1.5％, 二套房90平以上成交价的2%,2、增值税：产证满2年免收增值税，未满2年征收5.6％； 3、个税：产证满五年而且是唯 一套住房，免收个税，未满5年成交价的1%",,业主现诚心出售，证件齐，欢迎看房，随时恭候，如看中房子，价格可谈。,此房产权清晰，房源真实，业主诚心出售，看房方便，过户全程陪同,,,,,,
165,此房精装三房 高楼层 采光刺眼 房东诚心出售 看房方便,162万,15644,经开区潞城,港龙.新港城,3室2厅1厨1卫,低楼层 (共18层),103.56㎡,暂无数据,暂无数据,暂无数据,南,未知结构,精装,暂无数据,暂无数据,暂无数据,2022-10-19,商品房,暂无数据,普通住宅,暂无数据,共有,有抵押 25万元,未上传房本照片,此房精装三房 高楼层 采光刺眼 房东诚心出售 看房方便,1.户型周正，格局分布合理，空间感好，通透性强，居住舒适 2.楼层佳，南北朝向，视野开阔，采光通透 3.小区环境优美，绿化覆盖面积多，干净整洁，内有健身器材和小型娱乐设施。物业服务态度好,,"1、契税：首套房，90平米以下成交价的1％，90平米以上成交价的1.5％, 二套房90平以上成交价的2%,2、增值税：产证满2年免收增值税，未满2年征收5.3％； 3、个税：产证满五年而且是唯 一套住房，免收个税，未满5年成交价的1%",小区环境优美，绿化面积大，人车分流，车位充足人文素养高，乐于助人 相处和谐物业方便快捷，安保24小时巡逻，本小区设有门禁 闲杂人等不得入内,,,,,,,,
166,蓝山湖 三房 好楼层好采光 随时看房,95万,10440,经开区潞城,蓝山湖,3室2厅1厨1卫,低楼层 (共34层),91㎡,暂无数据,暂无数据,板楼,南,钢混结构,精装,两梯五户,有,暂无数据,2023-04-16,商品房,暂无数据,普通住宅,暂无数据,共有,无抵押,未上传房本照片,此房格局通透，户型方正，楼层佳，视野开阔，阳光充足,户型周正，格局分布合理，空间感好，通透性强，居住舒适 2.楼层佳，南北朝向，视野开阔，采光通透 3.小区环境优美，绿化覆盖面积多，干净整洁，内有健身器材和小型娱乐设施。物业服务态度好,,"1、契税：首套房，90平米以下成交价的1％，90平米以上成交价的1.5％, 二套房90平以上成交价的2%,2、增值税：产证满2年免收增值税，未满2年征收5.3％； 3、个税：产证满五年而且是唯 一套住房，免收个税，未满5年成交价的1%",小区环境优美，绿化面积大，人车分流，车位充足人文素养高，乐于助人 相处和谐物业方便快捷，安保24小时巡逻，本小区设有门禁,,,,,,,,
167,公园壹号三期三房中层偏下上下楼方便户型方正,120万,12904,经开区潞城,公园壹号花园,3室2厅1厨1卫,低楼层 (共26层),93㎡,暂无数据,暂无数据,板楼,南,钢混结构,简装,两梯四户,有,暂无数据,2022-10-11,商品房,暂无数据,普通住宅,暂无数据,非共有,无抵押,未上传房本照片,房子满五年不唯一，一直是自住 看房也比较方便 三居一卫实用户型,,小区生活设施齐全，商场、菜市场、银行等。交通便捷 小区内设有健身器材、小型篮球场可供小区居民使用 小区内停车位充足，建有地上停车场和地下停车场 小区内24小时保安巡逻 户型方正、格局分布合理空间感好.,,公园壹号是新城地产在经开区打造的居住标杆，物业管理品质和环境美化水准远高于同期经开区的住宅社区。 小区西侧就是丁塘河湿地公园，经开区全民健身、白金汉爵酒店、爱琴海购物广场、天宁吾悦广场、地铁2号线等配套齐全。,,,小区门口有99路公交直达新北恐龙园，77路公交直达火车东站 门口有地铁2号线，往西边可到钟楼区,,,,,
168,公园壹号四期 精装三房 位置好楼层佳采光没影响随时看,115万,12366,经开区潞城,公园壹号四期,3室2厅1厨1卫,低楼层 (共33层),93㎡,暂无数据,暂无数据,塔楼,南 北,钢混结构,精装,两梯四户,有,暂无数据,2022-09-17,商品房,暂无数据,普通住宅,暂无数据,共有,无抵押,未上传房本照片,此房精装三房 位置好 楼层好 采光没影响 诚心出售 价格可谈,1.户型周正，格局分布合理，空间感好，通透性强，居住舒适 2.楼层佳，南北朝向，视野开阔，采光通透 3.小区环境优美，绿化覆盖面积多，干净整洁，内有健身器材和小型娱乐设施。物业服务态度好,,"1、契税：首套房，90平米以下成交价的1％，90平米以上成交价的1.5％, 二套房90平以上成交价的2%,2、增值税：产证满2年免收增值税，未满2年征收5.3％； 3、个税：产证满五年而且是唯 一套住房，免收个税，未满5年成交价的1%",公园壹号是新城地产在经开区打造的居住标杆，物业管理品质和环境美化水准远高于同期经开区的住宅社区。 小区西侧就是丁塘河湿地公园，经开区全民健身、白金汉爵酒店、爱琴海购物广场、天宁吾悦广场、地铁2号线等配套齐全,,,,,,,,
169,东方君开 小高层前排无遮挡 毛坯三房高楼层采光好,153万,16227,经开区潞城,东方君开,3室2厅1厨1卫,高楼层 (共18层),94.29㎡,暂无数据,暂无数据,暂无数据,南 北,未知结构,毛坯,暂无数据,暂无数据,暂无数据,2023-08-15,商品房,暂无数据,普通住宅,暂无数据,共有,无抵押,未上传房本照片,产权清晰 此房户型好，户型位置好，房东诚心急卖,户型周正，格局分布合理，空间感好，通透性强，居住舒适； 2、楼层佳，朝向南北，视野开阔，采光透亮,好几家大型购物商场（永辉，好又多），综合菜场，药店，银行配套齐全，还有天宁吾悦购物广场，丁塘河湿地公园，爱琴海购物广场,"契税：首套房，90平米以下成交价的1％，90平米以上成交价的1.5％, 二套房90平以上成交价的2%,2、增值税：产证满2年免收增值税，未满2年征收5.3％； 3、个税：产证满五年而且是唯 一套住房，免收个税，未满5年成交价的1%",,,,,,,,,
170,此房精装三房 高楼层 采光刺眼 房东诚心出售,125万,12017,经开区潞城,港龙.新港城,3室2厅1厨1卫,低楼层 (共18层),104.02㎡,暂无数据,暂无数据,暂无数据,南,未知结构,毛坯,暂无数据,暂无数据,暂无数据,2022-09-28,商品房,暂无数据,普通住宅,暂无数据,共有,无抵押,未上传房本照片,此房精装三房 高楼层 采光刺眼 房东诚心出售,1.户型周正，格局分布合理，空间感好，通透性强，居住舒适 2.楼层佳，南北朝向，视野开阔，采光通透 3.小区环境优美，绿化覆盖面积多，干净整洁，内有健身器材和小型娱乐设施。物业服务态度好,,"1、契税：首套房，90平米以下成交价的1％，90平米以上成交价的1.5％, 二套房90平以上成交价的2%,2、增值税：产证满2年免收增值税，未满2年征收5.3％； 3、个税：产证满五年而且是唯 一套住房，免收个税，未满5年成交价的1%",小区环境优美，绿化面积大，人车分流，车位充足人文素养高，乐于助人 相处和谐物业方便快捷，安保24小时巡逻，本小区设有门禁 闲杂人等不得入内,,,,,,,,
171,公园壹号四期2年前精装两居全天阳光视野开阔公园湖景,100万,12346,经开区潞城,公园壹号四期,2室2厅1厨1卫,低楼层 (共33层),81㎡,暂无数据,暂无数据,塔楼,南,钢混结构,精装,两梯三户,有,暂无数据,2023-09-17,商品房,暂无数据,普通住宅,暂无数据,非共有,有抵押 公积金 业主自还,未上传房本照片,"房子一直是业主自住，工作调动诚售
公园河景全天采光2020年装修","新城标准的两房户型 客厅和两个卧室朝南 户型方正无浪费面积
新装修3年一直自住  保养很好。",,,"新城地产的公园壹号在经开区潞城 西邻丁塘河湿地公园 南邻毓秀园公园  地铁2号线潞城站和丁堰站都可以乘坐
小区整体半人车分流，东北门（人车）、西门（行人）和东南门（人车）三个出入口 方便出行逛街
爱琴海、天宁吾悦、新怡华、菜场等齐全 生活氛围好。",,,"交通方面：龙城大道、青洋高架、地铁2号线、东方路、华丰路等拥有立体交通
小区门口有公交、公用电动自行车，方便的不要不要的。",,,,,
172,公园壹号精装三居中层配套齐全看房方便,130万,13930,经开区潞城,公园壹号花园,3室2厅1厨1卫,中楼层 (共26层),93.33㎡,暂无数据,暂无数据,板楼,南,钢混结构,精装,两梯四户,有,暂无数据,2023-06-14,商品房,暂无数据,普通住宅,暂无数据,共有,无抵押,未上传房本照片,此房格局通透，户型方正，楼层佳，视野开阔，阳光足，随时看房,1.户型周正，格局分布合理，空间感好，通透性强，居住舒适 2.楼层佳，南北朝向，视野开阔，采光通透 3.小区环境优美，绿化覆盖面积多，干净整洁，内有健身器材和小型娱乐设施。物业服务态度好。,,,小区环境优美，绿化面积大，人车分流，车位充足人文素养高，乐于助人 相处和谐物业方便快捷，安保24小时巡逻，本小区设有门禁 封闭管理。,此房产权清晰，房源真实，业主诚心出售，看房方便，服务全程陪同,,,,,,,
173,蓝山湖精装修拎包住！局小和外国语分校！随时可看房！,120万,12000,经开区潞城,蓝山湖,3室2厅1厨2卫,高楼层 (共34层),100㎡,暂无数据,暂无数据,板楼,南,钢混结构,精装,两梯四户,有,暂无数据,2023-08-14,商品房,暂无数据,普通住宅,暂无数据,共有,有抵押,未上传房本照片,户型方正.采光充足.交通便利.配套齐全,,,"1、契税：首套房，90平米以下成交价的1％，90平米以上成交价的1.5％, 二套房90平以上成交价的2%, 2、增值税：产证满2年免收增值税，未满2年征收5.6％； 3、个税：产证满五年而且是一套住房，免收个税，未满5年成交价的1%",,房子里面有一些贷款，， 房东诚心卖，， 价格可以沟通，产权清晰,业主现诚心出售，证件齐，欢迎看房，随时恭候，如看中房子，价格可谈,,,,,,
174,此房格局通透，户型方正，楼层佳，视野开阔，阳光好,105万,11414,经开区潞城,亨达未来城,3室2厅1厨1卫,中楼层 (共32层),92㎡,暂无数据,暂无数据,板塔结合,南,混合结构,精装,两梯四户,有,暂无数据,2023-03-23,商品房,暂无数据,普通住宅,暂无数据,非共有,无抵押,未上传房本照片,此房格局通透，户型方正，楼层佳，视野开阔，阳光好,1.户型周正，格局分布合理，空间感好，通透性强，居住舒适 2.楼层佳，南北朝向，视野开阔，采光通透 3.小区环境优美，绿化覆盖面积多，干净整洁，内有健身器材和小型娱乐设施。物业服务态度好。,,"1、契税：首套房，90平米以下成交价的1％，90平米以上成交价的1.5％, 二套房90平以上成交价的2%,2、增值税：产证满2年免收增值税，未满2年征收5.3％； 3、个税：产证满五年而且是唯 一套住房，免收个税，未满5年成交价的1%",小区环境优美，绿化面积大，人车分流，车位充足人文素养高，乐于助人 相处和谐物业方便快捷，安保24小时巡逻，本小区设有门禁 闲杂人等不得入内,,,,,,,,
175,此房精装修，家具家电齐全，可直接拎包入住。户型方正,100万,10000,经开区潞城,亨达未来城,2室2厅1厨1卫,低楼层 (共32层),100㎡,暂无数据,暂无数据,板塔结合,南,混合结构,精装,两梯四户,有,暂无数据,2023-01-07,商品房,暂无数据,普通住宅,暂无数据,共有,无抵押,未上传房本照片,此房精装修，家具家电齐全，可直接拎包入住。户型方正,,综合市场，大卖场，医院，银行交通银行，中国工商银行，中国工商银行，邮政储蓄，吾悦广场。,税费解析：此房满二，故个税是1%。契税：首套房90平米以下是成交价的1％，90平米以上是成交价的1.5％； 二套房90平米以下是成交价的1％，90平米以上是成交价的2％；三套房是成交价的3％,,此房无贷款，无抵押，产权清晰。房东对付款无要求，按照正常首付就可以。,,,,,,,
176,蓝山湖毛坯三房户型方正 业主诚售,125万,11468,经开区潞城,蓝山湖,3室2厅1厨1卫,低楼层 (共33层),109㎡,暂无数据,暂无数据,板楼,南,钢混结构,毛坯,两梯四户,有,暂无数据,2023-04-15,商品房,暂无数据,普通住宅,暂无数据,共有,有抵押,未上传房本照片,此房满五，楼层好，采光足，交通便利。,户型方正，格局分布合理，空间感好，通透性强，居住舒适。 2：楼层佳，朝向南北，视野开阔，采光充沛。 3：小区环境优美，绿化覆盖面积高，干净整洁，内有建设器材和娱乐场所，物业态度较好,,首套房成交价的1.5%，二套房成交价的2%，三套房成交价的3%。 增值税：满2年免征，不满2年成交额征收5.6%。 个税：不满5年征收1%,小区生活实施齐全，商场，菜市场，银行等。 2：小区内有健身器材，小型篮球场，可供小区居民使用。 3：小区停车位充足，建有地面临时停车位以及底下停车位。 4：小区内24小时保安巡逻,,,,,,,,
177,此房格局通透，户型方正，楼层佳，视野开阔，阳光充足,76万,9645,经开区潞城,蓝山湖,2室1厅1厨1卫,中楼层 (共31层),78.8㎡,暂无数据,暂无数据,板楼,南,钢混结构,毛坯,一梯五户,有,暂无数据,2023-05-11,商品房,暂无数据,普通住宅,暂无数据,共有,有抵押 10万元,未上传房本照片,此房格局通透，户型方正，楼层佳，视野开阔，阳光充足,户型周正，格局分布合理，空间感好，通透性强，居住舒适 2.楼层佳，南北朝向，视野开阔，采光通透 3.小区环境优美，绿化覆盖面积多，干净整洁，内有健身器材和小型娱乐设施。物业服务态度好,,"1、契税：首套房，90平米以下成交价的1％，90平米以上成交价的1.5％, 二套房90平以上成交价的2%,2、增值税：产证满2年免收增值税，未满2年征收5.3％； 3、个税：产证满五年而且是唯 一套住房，免收个税，未满5年成交价的1%",小区环境优美，绿化面积大，人车分流，车位充足人文素养高，乐于助人 相处和谐物业方便快捷，安保24小时巡逻，本小区设有门禁,,,,,,,,
178,亨达未来城甄选好房，单价破万，企业力荐,90万,9768,经开区潞城,亨达未来城,2室1厅1厨1卫,低楼层 (共32层),92.14㎡,暂无数据,暂无数据,板塔结合,南,混合结构,毛坯,两梯四户,有,暂无数据,2023-10-07,商品房,2021-06-08,普通住宅,暂无数据,非共有,无抵押,已上传房本照片,"：
此房格局通透，户型方正，楼层佳，视野开阔，阳光好",户型周正，格局分布合理，空间感好，通透性强，居住舒适 2.楼层佳，南北朝向，视野开阔，采光通透 3.小区环境优美，绿化覆盖面积多，干净整洁，内有健身器材和小型娱乐设施。物业服务态度好。,,"契税：首套房，90平米以下成交价的1％，90平米以上成交价的1.5％, 二套房90平以上成交价的2%,2、增值税：产证满2年免收增值税，未满2年征收5.3％； 3、个税：产证满五年而且是唯 一套住房，免收个税，未满5年成交价的1%",小区环境优美，绿化面积大，人车分流，车位充足人文素养高，乐于助人 相处和谐物业方便快捷，安保24小时巡逻，本小区设有门禁 闲杂人等不得入内,,,,,,,,
179,公园壹号四期 3室2厅 东南 南,150万,11381,经开区潞城,公园壹号四期,3室2厅1厨2卫,低楼层 (共33层),131.8㎡,暂无数据,暂无数据,塔楼,东南 南,钢混结构,精装,暂无数据,暂无数据,暂无数据,2023-11-25,商品房,暂无数据,普通住宅,暂无数据,共有,有抵押,未上传房本照片,,,,,,,,,,,,,
180,港龙新港城 准新房 楼层佳 采光好 户型方正,125万,14334,经开区潞城,港龙.新港城,3室1厅1厨1卫,中楼层 (共34层),87.21㎡,暂无数据,暂无数据,板塔结合,南,钢混结构,精装,两梯四户,有,暂无数据,2023-10-26,商品房,2020-01-20,普通住宅,暂无数据,共有,无抵押,已上传房本照片,港龙新港城 准新房 楼层佳 采光好 户型方正,,区旁成熟社区，配套设施齐，菜场，娱乐场所，公园 银行 医院，适宜居住 让你步行就满足一切需要,"税费解析： 税费解析： 税费分析 1、契税：首套房，90平米以下成交价的1％，90平米以上成交价的1.5％, 二套房90平以上成交价的2%,2、增值税：产证满2年免收增值税，未满2年征收5.6％； 3、个税：产证满五年而且是一套住房，免收个税，未满5年成交价的1%",小区环境优美，舒适安静 适宜居住，出门即有公交菜场，银行 美食等 人文素养好，乐于助人，相处和谐,,,,,,,,
181,港龙紫荆城 精装三房 中高楼层 采光刺眼 户型方正,156万,13123,经开区潞城,港龙紫荆城,3室2厅1厨1卫,高楼层 (共29层),118.88㎡,暂无数据,暂无数据,板塔结合,南 北,钢混结构,精装,两梯四户,有,暂无数据,2023-09-21,商品房,暂无数据,普通住宅,暂无数据,非共有,无抵押,未上传房本照片,此房精装三房 中间楼层 房东诚心出售,户型周正，格局分布合理，空间感好，通透性强，居住舒适 ，南北朝向，小区环境优美，绿化覆盖面积多，干净整洁，内有健身器材和小型娱乐设施。物业服务态度好,,"1、契税：首套房，90平米以下成交价的1％，90平米以上成交价的1.5％, 二套房90平以上成交价的2%,2、增值税：产证满2年免收增值税，未满2年征收5.3％； 3、个税：产证满五年而且是唯 一套住房，免收个税，未满5年成交价的1%",小区环境优美，绿化面积大，人车分流，车位充足人文素养高，乐于助人 相处和谐物业方便快捷，安保24小时巡逻，本小区设有门禁,,,,,,,,
182,港龙新港城 电梯三房 楼层好视野佳 随时看,142万,13028,经开区潞城,港龙.新港城,3室2厅1厨1卫,中楼层 (共33层),109㎡,暂无数据,暂无数据,板塔结合,南,钢混结构,精装,两梯四户,有,暂无数据,2022-08-30,商品房,暂无数据,普通住宅,暂无数据,共有,无抵押,未上传房本照片,此房格局通透，户型方正，楼层佳， 视野开阔，阳光足,1.户型周正，格局分布合理，空间感好，通透性强，居住舒适 2.楼层佳，南北朝向，视野开阔，采光通透 3.小区环境优美，绿化覆盖面积多，干净整洁，内有健身器材和小型娱乐设施。物业服务态度好。,,"1、契税：首套房，90平米以下成交价的1％，90平米以上成交价的1.5％, 二套房90平以上成交价的2%,2、增值税：产证满2年免收增值税，未满2年征收5.3％； 3、个税：产证满五年而且是唯 一套住房，免收个税，未满5年成交价的1%",小区环境优美，绿化面积大，人车分流，车位充足人文素养高，乐于助人 相处和谐物业方便快捷，安保24小时巡逻，本小区设有门禁 闲杂人等不得入内,此房产权清晰，房源真实，业主诚心出售，看房方便，过户全程陪同,,,,,,,
183,东方君开 毛坯四房 小洋房 诚心出售价格可谈 随时看房,228万,18843,经开区潞城,东方君开,4室2厅1厨2卫,低楼层 (共7层),121㎡,暂无数据,暂无数据,暂无数据,南,未知结构,毛坯,暂无数据,暂无数据,暂无数据,2023-08-02,商品房,暂无数据,普通住宅,暂无数据,共有,有抵押,未上传房本照片,中间楼层 三开间朝南 户型方正 房东诚心出售 产权清晰,户型周正，格局分布合理，空间感好，通透性强，居住舒适； 2、楼层佳，朝向南北，视野开阔，采光透亮,好几家大型购物商场（永辉，好又多），综合菜场，药店，银行配套齐全，还有天宁吾悦购物广场，丁塘河湿地公园，爱琴海购物广场,"契税：首套房，90平米以下成交价的1％，90平米以上成交价的1.5％, 二套房90平以上成交价的2%,2、增值税：产证满2年免收增值税，未满2年征收5.3％； 3、个税：产证满五年而且是唯 一套住房，免收个税，未满5年成交价的1%",,,,,,,,,
184,东方君开 白金汉爵 次新小区小洋房 户型方正 诚心出售,225万,18596,经开区潞城,东方君开,3室2厅1厨2卫,低楼层 (共7层),121㎡,暂无数据,暂无数据,暂无数据,南,未知结构,毛坯,暂无数据,暂无数据,暂无数据,2023-09-08,商品房,暂无数据,普通住宅,暂无数据,非共有,无抵押,未上传房本照片,小高层 楼层佳 三开间朝南 户型方正 房东诚心出售 产权清晰,户型周正，格局分布合理，空间感好，通透性强，居住舒适； 2、楼层佳，朝向南北，视野开阔，采光透亮,好几家大型购物商场（永辉，好又多），综合菜场，药店，银行配套齐全，还有天宁吾悦购物广场，丁塘河湿地公园，爱琴海购物广场,"契税：首套房，90平米以下成交价的1％，90平米以上成交价的1.5％, 二套房90平以上成交价的2%,2、增值税：产证满2年免收增值税，未满2年征收5.3％； 3、个税：产证满五年而且是唯 一套住房，免收个税，未满5年成交价的1%",,,,,,,,,
185,此房产权清晰，房源真实，业主诚心出售，看房方便，,200万,20000,经开区潞城,美的云筑,3室2厅1厨1卫,低楼层 (共27层),100㎡,暂无数据,暂无数据,暂无数据,南,未知结构,精装,暂无数据,暂无数据,暂无数据,2023-10-29,商品房,暂无数据,普通住宅,暂无数据,共有,有抵押,未上传房本照片,此房产权清晰，房源真实，业主诚心出售，看房方便，过户全程陪同,户型周正，格局分布合理，空间感好，通透性强，居住舒适； 2、楼层佳，朝向南北，视野开阔，采光透亮,好几家大型购物商场（永辉，好又多），综合菜场，药店，银行配套齐全，还有天宁吾悦购物广场，丁塘河湿地公园，爱琴海购物,"契税：首套房，90平米以下成交价的1％，90平米以上成交价的1.5％, 二套房90平以上成交价的2%,2、增值税：产证满2年免收增值税，未满2年征收5.3％； 3、个税：产证满五年而且是唯 一套住房，免收个税，未满5年成交价的1%",,,,,,,,,
186,此房格局通透户型方正房东诚心出售，看房方便，楼层好,110万,10186,经开区潞城,港龙.新港城,3室2厅1厨1卫,高楼层 (共34层),108㎡,暂无数据,暂无数据,板楼,南,钢混结构,精装,暂无数据,暂无数据,暂无数据,2023-10-14,商品房,暂无数据,普通住宅,暂无数据,共有,无抵押,未上传房本照片,此房格局通透，户型方正，房东诚心出售，看房方便，楼层好,,区旁成熟社区，配套设施齐，菜场，娱乐场所，公园 银行 医院，适宜居住 让你步行就满足一切需要,"税费解析： 税费解析： 税费分析 1、契税：首套房，90平米以下成交价的1％，90平米以上成交价的1.5％, 二套房90平以上成交价的2%,2、增值税：产证满2年免收增值税，未满2年征收5.6％； 3、个税：产证满五年而且是一套住房，免收个税，未满5年成交价的1%",小区环境优美，舒适安静 适宜居住，出门即有公交菜场，银行 美食等 人文素养好，乐于助人，相处和谐,,,,,,,,
187,亨达未来城好房出售，单价已破万，楼层好,85万,9226,经开区潞城,亨达未来城,2室2厅1厨1卫,高楼层 (共32层),92.14㎡,暂无数据,暂无数据,板塔结合,南,混合结构,毛坯,两梯四户,有,暂无数据,2023-10-07,商品房,2021-12-29,普通住宅,暂无数据,非共有,无抵押,已上传房本照片,此房格局通透，户型方正，楼层佳，视野开阔，阳光好,户型周正小三房格局分布合理空间感好通透性强居住舒适2楼层佳南北朝向视野开阔采光通透3小区环境优美绿化覆盖面积多干净整洁内有健身器材和小型娱乐设施物业服务态度好,,"契税：首套房，90平米以下成交价的1％，90平米以上成交价的1.5％, 二套房90平以上成交价的2%,2、增值税：产证满2年免收增值税，未满2年征收5.3％； 3、个税：产证满五年而且是唯 一套住房，免收个税，未满5年成交价的1%",小区环境优美，绿化面积大，人车分流，车位充足人文素养高，乐于助人 相处和谐物业方便快捷，安保24小时巡逻，本小区设有门禁 闲杂人等不得入内,,,,,,,,
188,常钢宿舍 2室1厅 南 北,53万,8178,经开区潞城,常钢宿舍,2室1厅1厨1卫,高楼层 (共4层),64.81㎡,暂无数据,暂无数据,板楼,南 北,钢混结构,简装,暂无数据,暂无数据,暂无数据,2024-02-21,商品房,2020-02-22,普通住宅,暂无数据,非共有,无抵押,已上传房本照片,,,,,,,,,,,,,
189,洋房社区大横厅好楼层全天采光有钥匙,330万,23077,经开区潞城,美的云筑,4室2厅1厨2卫,中楼层 (共8层),143㎡,暂无数据,暂无数据,暂无数据,南,未知结构,毛坯,暂无数据,暂无数据,暂无数据,2024-02-19,商品房,暂无数据,普通住宅,暂无数据,共有,无抵押,未上传房本照片,此房南北通格局楼层好视野宽阔采光充足配套设施齐,,,"1、契税：首套房，90平米以下成交价的1％，90平米以上成交价的1.5％, 二套房90平以上成交价的2%，三套3% 2、增值税：产证满2年免收增值税，未满2年征收5.6％ 3、个税：产证满五年而且是一套住房，免收个税，未满5年成交价的1%。",小区地理位置好，交通、生活、健身、娱乐，都很方便，居住舒适。,,,门口就是高架，地铁口，距离校园，丁塘河湿地公园一路之隔，生活舒适交通便捷,,,,,
190,万科潮起东方精装交付双阳台业主诚心出售,165万,17011,经开区潞城,万科潮起东方,3室2厅0厨1卫,中楼层 (共18层),97㎡,暂无数据,暂无数据,暂无数据,南,未知结构,精装,暂无数据,暂无数据,暂无数据,2024-01-07,商品房,暂无数据,普通住宅,暂无数据,非共有,无抵押,未上传房本照片,精装3房1卫双阳台 现房，无遮挡全天采光 随时看房,,综合市场，爱琴海购物广场，常青里巷，银行交通银行，中国工商银行，中国工商银行，邮政储蓄，吾悦广场。,税费解析：此房不满二，故个税是1%。契税：首套房90平米以上是成交价的1.5％； 二套房90平米以上是成交价的2％；三套房是成交价的3％，增值税5.3%。,,此房无贷款，无抵押，产权清晰。按照正常首付，可以开发商处改合同。,,,,,,,
191,此房户型方正，利用率高。 地段优越，交通便捷，,225万,19335,经开区潞城,牡丹招商·公园学府,3室2厅1厨2卫,低楼层 (共27层),116.37㎡,暂无数据,暂无数据,暂无数据,南 北,未知结构,毛坯,暂无数据,暂无数据,暂无数据,2024-01-16,商品房,2023-01-19,普通住宅,未满两年,非共有,有抵押,已上传房本照片,此房户型方正，利用率高。 地段优越，交通便捷，配套齐全。,户型周正，格局分布合理，空间感好，通透性强，居住舒适； 2、楼层佳，朝向南北，视野开阔，采光透亮,,"1、契税：首套房，90平米以下成交价的1％，90平米以上成交价的1.5％, 二套房90平以上成交价的2%。 2、增值税：产证满2年免收增值税，未满2年征收5.3％。 3、个税：产证满五年而且是唯一套住房，免收个税，未满5年成交价的1%。",环境优美：小区安静优雅，绿化较好，带有休闲设施，外部道路宽阔，交通十分便利。,,,,,,,,
192,小高层楼层佳三开间朝南户型方正房东诚心出售产权清晰,300万,22389,经开区潞城,东方君开,3室2厅1厨2卫,高楼层 (共7层),134㎡,暂无数据,暂无数据,暂无数据,南,未知结构,毛坯,暂无数据,暂无数据,暂无数据,2024-01-10,商品房,暂无数据,普通住宅,暂无数据,共有,无抵押,未上传房本照片,小高层 楼层佳 三开间朝南 户型方正 房东诚心出售 产权清晰,户型周正，格局分布合理，空间感好，通透性强，居住舒适； 2、楼层佳，朝向南北，视野开阔，采光透亮,好几家大型购物商场（永辉，好又多），综合菜场，药店，银行配套齐全，还有天宁吾悦购物广场，丁塘河湿地公园，爱琴海购物广场,"契税：首套房，90平米以下成交价的1％，90平米以上成交价的1.5％, 二套房90平以上成交价的2%,2、增值税：产证满2年免收增值税，未满2年征收5.3％； 3、个税：产证满五年而且是唯 一套住房，免收个税，未满5年成交价的1%",,,,,,,,,
193,出门地铁，公园，新小区，双阳台，楼层好采光好,215万,22165,经开区潞城,牡丹招商·公园学府,3室2厅1厨1卫,中楼层 (共27层),97㎡,暂无数据,暂无数据,暂无数据,南,未知结构,毛坯,暂无数据,暂无数据,暂无数据,2023-12-16,商品房,暂无数据,普通住宅,暂无数据,非共有,无抵押,未上传房本照片,出门地铁，公园，新小区，双阳台，楼层好采光好,户型周正，格局分布合理，空间感好，通透性强，居住舒适； 2、楼层佳，朝向南北，视野开阔，采光透亮,好几家大型购物商场（永辉，好又多），综合菜场，药店，银行配套齐全，还有天宁吾悦购物广场，丁塘河湿地公园，爱琴海购物广场,"契税：首套房，90平米以下成交价的1％，90平米以上成交价的1.5％, 二套房90平以上成交价的2%,2、增值税：产证满2年免收增值税，未满2年征收5.3％； 3、个税：产证满五年而且是唯 一套住房，免收个税，未满5年成交价的1%",,,,,,,,,
194,公园壹号四期精装修，户型方正楼层好，业主诚心出售,95万,11579,经开区潞城,公园壹号四期,2室2厅1厨1卫,中楼层 (共33层),82.05㎡,暂无数据,暂无数据,板楼,南,钢混结构,精装,两梯四户,有,暂无数据,2024-02-20,商品房,2014-02-14,普通住宅,暂无数据,非共有,有抵押 27.2万元 中国建设银行,已上传房本照片,小区内有健身器材，可供小区居民使用 小区内停车位充足，建有地下停车场，人车分流，绿化到位,1.契税首套房90平方以下成交价的1%，90平方以上成交价的1.5%，二套房90平以上成交价的2% 增值税:产证满两年免收增值税，未满两年征收5.6% 个税:产证满五年，而且是一套住房，免收个税，未满五年成交价的1%,小区门口有99路公交直达新北恐龙园，77路公交直达火车东站 门口有地铁2号线，往西边可到钟楼区,综合市场，大卖场，医院，银行交通银行，中国工商银行，中国工商银行，邮政储蓄.爱琴海购物广场，吾悦广场。,户型方正，格局分布十分合理。空间感好。居住舒适。楼层佳。朝向南北。视野开阔。采光透亮。小区环境优美。绿化面积高。干净整洁。内有健身器材和娱乐广场。物业服务态度好,,,,,,,052466460951,公园壹号四期精装修，户型方正楼层好，业主诚心出售
195,公园壹号三期通透双阳台三朝南户型低层三居双卫安静,115万,9236,经开区潞城,公园壹号花园,3室2厅1厨2卫,低楼层 (共18层),124.52㎡,暂无数据,102.05㎡,板楼,南,钢混结构,简装,暂无数据,暂无数据,暂无数据,2023-12-21,商品房,2011-12-11,普通住宅,暂无数据,共有,无抵押,已上传房本照片,公园壹号经典户型 三开间朝南，格局通透，户型方正三居双卫,户型周正，格局分布合理，空间感好，通透性强，居住舒适 2南北朝向，视野开阔，采光通透 3.小区环境优美，绿化覆盖面积多，干净整洁，内有健身器材和小型娱乐设施。物业服务态度好。,,,新城地产建设和物业服务，小区环境优美，绿化面积大，车位充足，入住率高，生活氛围浓郁，人文素养高，相处和谐，物业方便快捷，安保24小时巡逻，本小区设有门禁管理完善。,此房产权清晰无贷款、抵押，房源真实，业主诚心出售，看房方便，享受贝壳优质服务承诺。,,,,,,,
196,亨达未来城两房户型，全天采光无遮，业主诚售,85万,9993,经开区潞城,亨达未来城,3室2厅1厨1卫,高楼层 (共26层),85.06㎡,暂无数据,暂无数据,板楼,南,钢混结构,简装,暂无数据,暂无数据,暂无数据,2023-12-29,商品房,2021-02-07,普通住宅,暂无数据,共有,无抵押,已上传房本照片,此房格局通透，户型方正，楼层佳，视野开阔，阳光好,户型方正格局分布合理空间感好通透性强居住舒适2楼层佳南北朝向视野开阔采光通透3小区环境优美绿化覆盖面积多干净整洁内有健身器材和小型娱乐设施物业服务态度好,,"契税：首套房，90平米以下成交价的1％，90平米以上成交价的1.5％, 二套房90平以上成交价的2%,2、增值税：产证满2年免收增值税，未满2年征收5.3％； 3、个税：产证满五年而且是唯 一套住房，免收个税，未满5年成交价的1%",小区环境优美，绿化面积大，人车分流，车位充足人文素养高，乐于助人 相处和谐物业方便快捷，安保24小时巡逻，本小区设有门禁 闲杂人等不得入内,,,,,,,,
197,公园壹号联排别墅诚心卖有装修，潞城有花园,580万,25083,经开区潞城,公园壹号花园,5室2厅1厨3卫,低楼层 (共3层),231.24㎡,,暂无数据,,南,未知结构,简装,,,暂无数据,2024-03-06,商品房,暂无数据,别墅,暂无数据,共有,有抵押,未上传房本照片,公园壹号精装修小别墅看房随时，诚心卖，价格可谈,1.户型周正，格局分布合理，空间感好，通透性强，居住舒适 2.楼层佳，南北朝向，视野开阔，采光通透 3.小区环境优美，绿化覆盖面积多，干净整洁，内有健身器材和小型娱乐设施。物业服务态度好。 规划的地铁2号线丁堰站800米，距离brt白金汉爵..,,"1、契税：首套房，90平米以下成交价的1％，90平米以上成交价的1.5％, 二套房90平以上成交价的2%,2、增值税：产证满2年免收增值税，未满2年征收5.3％； 3、个税：产证满五年而且是唯 一套住房，免收个税，未满5年成交价的1%",小区环境优美，绿化面积大，人车分流，车位充足人文素养高，乐于助人 相处和谐物业方便快捷，安保24小时巡逻，本小区设有门禁 闲杂人等不得入内,,,,,暂无数据,,,
198,公园壹号花园 3室2厅 南,138万,14787,经开区潞城,公园壹号花园,3室2厅1厨1卫,低楼层 (共26层),93.33㎡,暂无数据,暂无数据,板楼,南,钢混结构,精装,两梯四户,有,暂无数据,2024-02-27,商品房,暂无数据,普通住宅,暂无数据,共有,无抵押,未上传房本照片,,,,,,,,,,,,,
199,公园壹号四期 2室1厅 南,85万,10604,经开区潞城,公园壹号四期,2室1厅1厨1卫,高楼层 (共33层),80.16㎡,暂无数据,暂无数据,塔楼,南,钢混结构,其他,暂无数据,暂无数据,暂无数据,2024-03-02,商品房,暂无数据,普通住宅,暂无数据,非共有,暂无数据,未上传房本照片,,,,,,,,,,,,,
200,房子原始房东，自住装修保养好，采光视野良好，,168万,13144,经开区潞城,公园壹号四期,3室1厅1厨2卫,中楼层 (共33层),127.82㎡,暂无数据,暂无数据,塔楼,南,钢混结构,简装,两梯三户,有,暂无数据,2023-12-07,商品房,2020-07-16,普通住宅,暂无数据,非共有,有抵押 110万元,已上传房本照片,房子原始房东，自住装修保养好，采光视野良好，省心舒适之选,房子户型是标准的两房 两个卧室和客厅的采光面都朝南 客厅位于中间 东西两侧为卧室的布局 很方正规整，便于家居家具的摆放。,,,公园壹号四期是公园壹号后期建造的一个花园式高层社区，绿化、楼间距都很优秀 邻湿地公园，健身休闲很方便 自驾出入高架也很便捷,,,交通情况：交通有地铁2号线潞城站和丁堰站，距离400米左右 公交车站牌在3期门口 环保自行车租赁归还点也在小区东门50米处 高架路龙城大道和青洋高架方便快速出行,,,,,
201,此房格局通透，户型方正，房东诚心出售，看房方便，,110万,12529,经开区潞城,港龙紫荆城,2室2厅2厨1卫,低楼层 (共29层),87.8㎡,暂无数据,暂无数据,板塔结合,南,钢混结构,精装,两梯四户,有,暂无数据,2023-12-23,商品房,暂无数据,普通住宅,暂无数据,共有,有抵押,未上传房本照片,此房格局通透，户型方正，房东诚心出售，看房方便，楼层好,,,"1、契税：首套房，90平米以下成交价的1％，90平米以上成交价的1.5％, 二套房90平以上成交价的2%,2、增值税：产证满2年免收增值税，未满2年征收5.3％； 3、个税：产证满五年而且是唯 一套住房，免收个税，未满5年成交价的1%",小区环境优美，绿化面积大，，车位充足人文素养高， 相处和谐物业方便快捷，安保24小时巡逻，本小区设有门禁 闲杂人等不得入内,,此房产权清晰，房源真实，业主诚心出售，看房方便，过户全程陪同,,,,,,
202,精装3房1卫双阳台 现房，无遮挡全天采光 随时看房,160万,16448,经开区潞城,万科潮起东方,3室2厅1厨1卫,中楼层 (共18层),97.28㎡,平层,暂无数据,暂无数据,南,未知结构,精装,暂无数据,暂无数据,暂无数据,2024-03-12,商品房,暂无数据,普通住宅,暂无数据,共有,有抵押,未上传房本照片,精装3房1卫双阳台 现房，无遮挡全天采光 随时看房,,综合市场，爱琴海购物广场，常青里巷，银行交通银行，中国工商银行，中国工商银行，邮政储蓄，吾悦广场。,税费解析：此房不满二，故个税是1%。契税：首套房90平米以上是成交价的1.5％； 二套房90平米以上是成交价的2％；三套房是成交价的3％，增值税5.3%。,,房东诚心出售 首付没要求 贷款全款都可以 没有贷款 过户全程陪同,,,,,,,
203,蓝山湖 2室1厅 南,88万,10106,经开区潞城,蓝山湖,2室1厅1厨1卫,高楼层 (共34层),87.08㎡,暂无数据,暂无数据,板楼,南,钢混结构,精装,两梯四户,有,暂无数据,2024-02-29,商品房,暂无数据,普通住宅,暂无数据,非共有,暂无数据,未上传房本照片,,,,,,,,,,,,,
204,豪景家园 3室2厅 北 南,130万,9842,经开区潞城,豪景家园,3室2厅1厨2卫,低楼层 (共25层),132.09㎡,暂无数据,100.59㎡,板楼,北 南,钢混结构,简装,暂无数据,暂无数据,暂无数据,2024-03-05,商品房,2014-09-15,普通住宅,暂无数据,共有,无抵押,已上传房本照片,,,,,,,,,,,,,
205,嘉州枫景苑 1室1厅 东南,98万,22218,经开区潞城,嘉州枫景苑,1室1厅1厨1卫,低楼层 (共6层),44.11㎡,暂无数据,暂无数据,板楼,东南,钢混结构,毛坯,暂无数据,暂无数据,暂无数据,2024-03-05,商品房,暂无数据,商业,暂无数据,共有,无抵押,未上传房本照片,,,,,,,,,,,,,
206,世茂云筑1楼洋房带地下室花园业主诚心出售,360万,25175,经开区潞城,美的云筑,4室2厅1厨2卫,低楼层 (共8层),143㎡,暂无数据,暂无数据,暂无数据,南,未知结构,毛坯,暂无数据,暂无数据,暂无数据,2024-03-02,商品房,暂无数据,普通住宅,暂无数据,非共有,有抵押 170万元 中行,未上传房本照片,此房毛坯 户型方正 1楼洋房带院子地下室 诚心出售。,,好几家大型购物商场（永辉，好又多），综合菜场，药店，银行配套齐全，还有天宁吾悦购物广场，丁塘河湿地公园，爱琴海购物,"契税：首套房成交价的1.5％, 二套房成交价的2%,三套及以上3%，2、增值税：产证满2年免收增值税，未满2年征收5.3％；",小区地理位置好，交通、生活、健身、娱乐，都很方便，居住舒适 环境好,,,,,,,,
207,中间楼层 三开间朝南 户型方正 房东诚心出售 产权清晰,160万,13684,经开区潞城,东方君开,3室2厅1厨2卫,低楼层 (共27层),116.93㎡,暂无数据,暂无数据,暂无数据,南,未知结构,毛坯,暂无数据,暂无数据,暂无数据,2024-03-05,商品房,暂无数据,普通住宅,暂无数据,共有,有抵押,未上传房本照片,中间楼层 三开间朝南 户型方正 房东诚心出售 产权清晰,户型周正，格局分布合理，空间感好，通透性强，居住舒适； 2、楼层佳，朝向南北，视野开阔，采光透亮,好几家大型购物商场（永辉，好又多），综合菜场，药店，银行配套齐全，还有天宁吾悦购物广场，丁塘河湿地公园，爱琴海购物,"契税：首套房，90平米以下成交价的1％，90平米以上成交价的1.5％, 二套房90平以上成交价的2%,2、增值税：产证满2年免收增值税，未满2年征收5.3％； 3、个税：产证满五年而且是唯 一套住房，免收个税，未满5年成交价的1%",,,,,,,,,
208,经开次新房！牡丹公园学府靠地铁！靠学@校  随时可看,233万,20035,经开区潞城,牡丹招商·公园学府,3室1厅1厨2卫,低楼层 (共27层),116.3㎡,暂无数据,暂无数据,暂无数据,南 北,未知结构,毛坯,暂无数据,暂无数据,暂无数据,2024-03-12,商品房,暂无数据,普通住宅,暂无数据,共有,有抵押,未上传房本照片,此房户型好，户型位置好，房东诚心出售,户型周正，格局分布合理，空间感好，通透性强，居住舒适； 2、楼层佳，朝向南北，视野开阔，采光透亮,,"契税：首套房，90平米以下成交价的1％，90平米以上成交价的1.5％, 二套房90平以上成交价的2%,2、增值税：产证满2年免收增值税，未满2年征收5.3％； 3、个税：产证满五年而且是唯 一套住房，免收个税，未满5年成交价的1%",环境优美：小区安静优雅，绿化较好，带有休闲设施，可在小区花园游玩，十分有情调。2.交通便利：公交车方向众多，外部道路宽阔，交通十分便利。 3.生活便利：小区内有，合理分布便利，生活用品及买菜十分便利，生活轻松,,,,,,,,
209,出售港龙紫荆城中上好楼层毛坯二房,105万,11414,经开区潞城,港龙紫荆城,2室2厅1厨1卫,中楼层 (共29层),92㎡,暂无数据,暂无数据,板楼,南,钢混结构,简装,两梯四户,有,暂无数据,2024-03-01,商品房,暂无数据,普通住宅,暂无数据,共有,有抵押,未上传房本照片,此房位于潞城生活圈中，成熟小区，楼层中上层，视野开阔采光,户型好，格局分布合理，利用空间大，通透性强，楼层佳，南北朝向，视野开阔,,存量房需要缴纳个人所得税1%。契税（看买方名下房屋套数决定费率），若买方此次购 房为首套房且购买房屋为90㎡及以下，收取契税为：1%。90㎡以上契税收取：1.5%。 二套房90㎡及以下依旧收取：1%，若90㎡以上将收取2%。三套房不论面积大小契税 均按照3%收取。,小区环境优美，绿化面积大，人车分流，车位充足人文素养高， 安保24小时巡逻，本小区设有门禁安全感满满。,,,,目前这套房子差不多可以按毛坯房算，出租给二房东，也就是简单装修而已,,本房为近毛坯房，合适年轻人购房结婚需要，以及一家三口或上了年纪的都很好,,
210,公园壹号精装三房 楼层好 业主诚心出售。看房方便,105万,11171,经开区潞城,公园壹号四期,3室2厅1厨1卫,低楼层 (共33层),94㎡,暂无数据,暂无数据,塔楼,东南,钢混结构,简装,暂无数据,暂无数据,暂无数据,2024-03-06,商品房,2019-07-30,普通住宅,暂无数据,共有,有抵押 110万元,已上传房本照片,新城公园壹号精装三房 拎包入住 楼层好 看房方便,,小区生活设施齐全，商场、菜市场、银行等。交通便捷 小区内设有健身器材、小型篮球场可供小区居民使用 小区内停车位充足，建有地上停车场和地下停车场 小区内24小时保安巡逻 户型方正、格局分布合理空间感好，通透性佳,税费分析1.契税首套房90平方以下成交价的1%，90平方以上成交价的1.5%，二套房90平以上成交价的2% 增值税:产证满两年免收增值税，未满两年征收5.6% 个税:产证满五年，而且是一套住房，免收个税，未满五年成交价的1%,小区环境优美，绿化面积大，人车分流，车位充足人文素养高，乐于助人 相处和谐物业方便快捷，安保24小时巡逻，本小区设有门禁 闲杂人等不得入内,,,,,,,,
211,此房格局通透，户型方正，楼层佳，视野开阔，阳光充足,166万,13696,经开区潞城,港龙.新港城,3室2厅1厨2卫,中楼层 (共35层),121.21㎡,暂无数据,暂无数据,板塔结合,南 北,钢混结构,精装,暂无数据,暂无数据,暂无数据,2024-02-27,商品房,暂无数据,普通住宅,暂无数据,共有,无抵押,未上传房本照片,此房格局通透，户型方正，楼层佳，视野开阔，阳光充足,户型周正，格局分布合理，空间感好，通透性强，居住舒适 2.楼层佳，南北朝向，视野开阔，采光通透 3.小区环境优美，绿化覆盖面积多，干净整洁，内有健身器材和小型娱乐设施。物业服务态度好,,"契税：首套房，90平米以下成交价的1％，90平米以上成交价的1.5％, 二套房90平以上成交价的2%,2、增值税：产证满2年免收增值税，未满2年征收5.3％； 3、个税：产证满五年而且是唯 一套住房，免收个税，未满5年成交价的1%",区环境优美，绿化面积大，人车分流，车位充足人文素养高，乐于助人 相处和谐物业方便快捷，安保24小时巡逻，本小区设有门禁,,,,,,,,
212,低总价两房！好楼层公园壹号四期劲爆来袭,85万,10374,经开区潞城,公园壹号四期,2室2厅1厨1卫,低楼层 (共33层),81.94㎡,暂无数据,暂无数据,塔楼,南,钢混结构,精装,两梯四户,有,暂无数据,2024-02-21,商品房,暂无数据,普通住宅,暂无数据,共有,有抵押,未上传房本照片,公园壹号经典户型 朝南，格局通透，户型方正,户型周正，格局分布合理，空间感好，通透性强，居住舒适 2南北朝向，视野开阔，采光通透 3.小区环境优美，绿化覆盖面积多，干净整洁，内有健身器材和小型娱乐设施。物业服务态度好。,,,新城地产建设和物业服务，小区环境优美，绿化面积大，车位充足，入住率高，生活氛围浓郁，人文素养高，相处和谐，物业方便快捷，安保24小时巡逻，本小区设有门禁管理完善。,此房产权清晰有贷款，房源真实，业主诚心出售，看房方便，享受贝壳优质服务承诺。,,,,,,,
213,港龙新港城 小高层 楼层佳 采光好 户型方正,150万,14493,经开区潞城,港龙.新港城,3室2厅1厨1卫,低楼层 (共18层),103.5㎡,暂无数据,暂无数据,暂无数据,南,未知结构,精装,暂无数据,暂无数据,暂无数据,2024-03-10,商品房,暂无数据,普通住宅,暂无数据,共有,无抵押,未上传房本照片,港龙新港城 小高层 楼层佳 采光好 户型方正,,小区旁成熟社区，配套设施齐，菜场，娱乐场所，公园 银行 医院，适宜居住 让你步行就满足一切需要,"税费解析： 税费分析 1、契税：首套房，90平米以下成交价的1％，90平米以上成交价的1.5％, 二套房90平以上成交价的2%,2、增值税：产证满2年免收增值税，未满2年征收5.6％； 3、个税：产证满五年而且是一套住房，免收个税，未满5年成交价的1%",小区环境优美，舒适安静 适宜居住，出门即有公交菜场，银行 美食等 人文素养好，乐于助人，相处和谐,,,,,,,,
214,牡丹招商·公园学府 3室2厅 南 北,225万,19566,经开区潞城,牡丹招商·公园学府,3室2厅1厨2卫,低楼层 (共18层),115㎡,暂无数据,暂无数据,暂无数据,南 北,未知结构,其他,暂无数据,暂无数据,暂无数据,2024-03-16,商品房,暂无数据,普通住宅,暂无数据,非共有,暂无数据,未上传房本照片,,,,,,,,,,,,,
215,"此房格局好,方正户型,全天采光,户型方正视野好",195万,19500,经开区潞城,美的云筑,3室2厅1厨1卫,中楼层 (共27层),100㎡,暂无数据,暂无数据,暂无数据,南,未知结构,精装,暂无数据,暂无数据,暂无数据,2024-03-05,商品房,暂无数据,普通住宅,暂无数据,共有,有抵押,未上传房本照片,"此房格局好,方正户型,全天采光,户型方正视野好",1:小区生活实施齐全，商场，菜市场，银行等。2:小区内有健身器材，可供小区居民使用。3:小区停车位充足，建有地面临时停车位,,1.契税:A:首套 90平米以下1%B:首套90平米以上1.5%C;二套90平米以下1%D:二套90平米以上2%E:三套3%2.满2年免征，不满2年全额征收5.35%3.个人 :不满5年征1%满5年且房东名下唯一住房可免,"房格局好,户型方正,全天采光,户型方正视野好,干湿分离,明厨明卫",,"业主人友好、热情,很有诚意出售。欢迎看房,随时恭候户型棒,成熟小区管",,,,,,
216,房间朝南，明厨明卫，交通便利 近商场,65万,7472,经开区潞城,福康宁花园,3室1厅1厨1卫,低楼层 (共16层),87㎡,暂无数据,暂无数据,塔楼,南,钢混结构,简装,两梯六户,有,暂无数据,2024-02-12,商品房,2013-09-03,普通住宅,暂无数据,共有,无抵押,已上传房本照片,房间朝南，明厨明卫，交通便利 近商场,,丁塘河湿地公园。爱琴海购物广场，天宁吾悦广场等大型商 业综合体,契税 首套房90平以下 1%，90平以上1.5% 二套房90平以下1%，90平以上2% 三套房不论面积统一3% 2税： 不满二年 收全额的5.6% 3个人所得税： 满两年1% 满五免个人所得税,,,,2号线地铁潞城站，高架，高速入口，都比较方便，公交出行也很方便,,,,,
217,福康宁花园2室，出门方便！！！,78万,8966,经开区潞城,福康宁花园,2室2厅1厨1卫,中楼层 (共16层),87㎡,暂无数据,暂无数据,塔楼,南,钢混结构,精装,暂无数据,暂无数据,暂无数据,2023-12-06,商品房,2019-05-13,普通住宅,暂无数据,共有,无抵押,已上传房本照片,使用面积很多 ，房东诚心出售，价格从优,,,"一、契税

1）如果是首套房，且住宅面积不大于90㎡的，契税缴纳比例1%；住宅面积大于90㎡，契税缴纳为1.5%。

2）如果是二套房，且住宅面积不大于90㎡，契税为1%；大于90㎡，契税为2%。

3）三套一律按3%缴纳契税。",,,,有城市环保自行车、多方向的公交车，很多主路，咱们出行都很便利,,,该房源配套齐全，有菜场小区内停车方便有新能源充电桩。邻里关系融洽治安好，适合上班族。,,
218,亨达未来城 2室2厅 南,85万,10120,经开区潞城,亨达未来城,2室2厅1厨1卫,中楼层 (共34层),84㎡,暂无数据,暂无数据,板楼,南,钢混结构,精装,暂无数据,暂无数据,暂无数据,2024-03-12,商品房,暂无数据,普通住宅,暂无数据,非共有,有抵押 15万元,未上传房本照片,,,,,,,,,,,,,
219,小高层 楼层佳 三开间朝南 户型方正,159万,13595,经开区潞城,东方君开,3室2厅1厨2卫,中楼层 (共27层),116.96㎡,平层,暂无数据,暂无数据,南,未知结构,精装,暂无数据,暂无数据,暂无数据,2024-03-01,商品房,暂无数据,普通住宅,暂无数据,共有,有抵押 100万元,未上传房本照片,小高层 楼层佳 三开间朝南 户型方正 房东诚心出售 产权清晰,户型周正，格局分布合理，空间感好，通透性强，居住舒适； 2、楼层佳，朝向南北，视野开阔，采光透亮,好几家大型购物商场（永辉，好又多），综合菜场，药店，银行配套齐全，还有天宁吾悦购物广场，丁塘河湿地公园，爱琴海购物广场,"契税：首套房，90平米以下成交价的1％，90平米以上成交价的1.5％, 二套房90平以上成交价的2%,2、增值税：产证满2年免收增值税，未满2年征收5.3％； 3、个税：产证满五年而且是唯 一套住房，免收个税，未满5年成交价的1%",,,,,,,,,
220,此房毛坯三房 户型方正 洋房 中间楼层 诚心出售。,255万,20400,经开区潞城,美的云筑,3室2厅1厨2卫,中楼层 (共8层),125㎡,暂无数据,暂无数据,暂无数据,南,未知结构,毛坯,暂无数据,暂无数据,暂无数据,2023-12-28,商品房,暂无数据,普通住宅,暂无数据,非共有,有抵押,未上传房本照片,此房毛坯三房 户型方正 洋房 中间楼层 诚心出售。看房有钥匙,,好几家大型购物商场（永辉，好又多），综合菜场，药店，银行配套齐全，还有天宁吾悦购物广场，丁塘河湿地公园，爱琴海购物,"契税：首套房，90平米以下成交价的1％，90平米以上成交价的1.5％, 二套房90平以上成交价的2%,2、增值税：产证满2年免收增值税，未满2年征收5.3％； 3、个税：产证满五年而且是唯 一套住房，免收个税，未满5年成交价的1",小区地理位置好，交通、生活、健身、娱乐，都很方便，居住舒适。,,,,,,,,
221,经开区公园壹号花园经典小三房 南北通风 楼层上佳,120万,12904,经开区潞城,公园壹号花园,3室2厅1厨1卫,高楼层 (共26层),93㎡,暂无数据,暂无数据,板楼,南,钢混结构,精装,暂无数据,暂无数据,暂无数据,2024-03-08,商品房,暂无数据,普通住宅,暂无数据,共有,无抵押,未上传房本照片,"：
此房格局好 小区环境好 新城物业 业主诚心出售看房方便",,小区生活设施齐全，商场、菜市场、银行等。交通便捷 小区内设有健身器材、小型篮球场可供小区居民使用 小区内停车位充足，建有地上停车场和地下停车场 小区内24小时保安巡逻 户型方正、格局分布合理空间感好.,,公园壹号是新城地产在经开区打造的居住标杆，物业管理品质和环境美化水准远高于同期经开区的住宅社区。 小区西侧就是丁塘河湿地公园，经开区全民健身、白金汉爵酒店、爱琴海购物广场、天宁吾悦广场、地铁2号线等配套齐全。,,,小区门口有99路公交直达新北恐龙园，77路公交直达火车东站 门口有地铁2号线，往西边可到钟楼区,,,,,
222,亨达未来城精装2房 中上楼层全天采光 新装保养好,99万,11674,经开区潞城,亨达未来城,2室2厅1厨1卫,高楼层 (共34层),84.81㎡,暂无数据,暂无数据,板楼,南,钢混结构,精装,暂无数据,暂无数据,暂无数据,2024-02-26,商品房,暂无数据,普通住宅,暂无数据,共有,无抵押,未上传房本照片,亨达未来城精装2房 中上楼层全天采光 新装保养好,,综合市场，大卖场，医院，银行交通银行，中国工商银行，中国工商银行，邮政储蓄，吾悦广场。,税费解析：此房满二，故个税是1%。契税：首套房90平米以下是成交价的1％，90平米以上是成交价的1.5％； 二套房90平米以下是成交价的1％，90平米以上是成交价的2％；三套房是成交价的3％。,,此房无贷款，无抵押，产权清晰。房东对付款无要求，按照正常首付就可以。,,,,,,,
223,美的云筑 3室2厅 南,230万,16808,经开区潞城,美的云筑,3室2厅1厨2卫,中楼层 (共27层),136.84㎡,暂无数据,暂无数据,暂无数据,南,未知结构,精装,暂无数据,暂无数据,暂无数据,2024-03-17,商品房,暂无数据,普通住宅,暂无数据,共有,无抵押,未上传房本照片,,,,,,,,,,,,,
224,公园学府毛坯三房 格局好 楼间距大 视野采光好,175万,18051,经开区潞城,牡丹招商·公园学府,2室2厅1厨1卫,低楼层 (共27层),96.95㎡,平层,73.66㎡,暂无数据,南,未知结构,毛坯,暂无数据,暂无数据,暂无数据,2024-03-08,商品房,2023-01-25,普通住宅,未满两年,非共有,有抵押,已上传房本照片,此房户型方正，利用率高。 地段优越，交通便捷，配套齐全。,户型周正，格局分布合理，空间感好，通透性强，居住舒适； 2、楼层佳，朝向南北，视野开阔，采光透亮,,"1、契税：首套房，90平米以下成交价的1％，90平米以上成交价的1.5％, 二套房90平以上成交价的2%。 2、增值税：产证满2年免收增值税，未满2年征收5.3％。 3、个税：产证满五年而且是唯一套住房，免收个税，未满5年成交价的1%。",环境优美：小区安静优雅，绿化较好，带有休闲设施，外部道路宽阔，交通十分便利,,,,,,,,
225,此房南北通格局楼层好视野宽阔采光充足配套设施齐,150万,15065,经开区潞城,美的云筑,2室1厅1厨1卫,低楼层 (共27层),99.57㎡,暂无数据,暂无数据,暂无数据,南,未知结构,精装,暂无数据,暂无数据,暂无数据,2024-02-29,商品房,暂无数据,普通住宅,暂无数据,共有,无抵押,未上传房本照片,此房南北通格局楼层好视野宽阔采光充足配套设施齐,,,"1、契税：首套房，90平米以下成交价的1％，90平米以上成交价的1.5％, 二套房90平以上成交价的2%，三套3% 2、增值税：产证满2年免收增值税，未满2年征收5.6％ 3、个税：产证满五年而且是一套住房，免收个税，未满5年成交价的1%。",小区地理位置好，交通、生活、健身、娱乐，都很方便，居住舒适。,,,门口就是高架，地铁口，距离校园，丁塘河湿地公园一路之隔，生活舒适交通便捷,,,,,
226,公园壹号四期 3室2厅 南,230万,17693,经开区潞城,公园壹号四期,3室2厅1厨2卫,低楼层 (共33层),130㎡,暂无数据,暂无数据,塔楼,南,钢混结构,其他,两梯三户,有,暂无数据,2024-03-08,商品房,暂无数据,普通住宅,暂无数据,非共有,暂无数据,未上传房本照片,,,,,,,,,,,,,
227,蓝山湖中上层两房精装全天采光开阔视野诚售不靠铁路,88万,11169,经开区潞城,蓝山湖,2室1厅1厨1卫,高楼层 (共31层),78.79㎡,暂无数据,暂无数据,板楼,南,钢混结构,精装,一梯四户,有,暂无数据,2024-03-18,商品房,2019-11-18,普通住宅,暂无数据,共有,无抵押,已上传房本照片,"房子满五年
无贷款产权清晰
全天采光精装两房不靠铁路","客厅和阳台朝南
两个卧室朝南 
户型方正带飘窗
明厨明卫带设备阳台",,,,"贷款抵押：房子无贷款 全款购买 产权清晰
2020年装修 整体保养良好 拎包即住",,交通出行：龙城大道、青洋高架出行便捷 地铁2号丁堰站通主城、钟楼。,,,,,
228,东方君开小高层 楼层佳 三开间朝南,165万,14110,经开区潞城,东方君开,3室2厅1厨1卫,低楼层 (共27层),116.94㎡,暂无数据,暂无数据,暂无数据,南,未知结构,精装,暂无数据,暂无数据,暂无数据,2023-12-25,商品房,暂无数据,普通住宅,暂无数据,共有,有抵押 50万元 江南农村商业银行,未上传房本照片,户型周正，格局分布合理，空间感好，通透性强，居住舒适； 2、楼层佳，朝向南北，视野开阔，采光透亮,"契税：首套房，90平米以下成交价的1％，90平米以上成交价的1.5％, 二套房90平以上成交价的2%,2、增值税：产证满2年免收增值税，未满2年征收5.3％； 3、个税：产证满五年而且是唯 一套住房，免收个税，未满5年成交价的1%",,好几家大型购物商场（永辉，好又多），综合菜场，药店，银行配套齐全，还有天宁吾悦购物广场，丁塘河湿地公园，爱琴海购物广场,,,,,,,,052483866312,小高层 楼层佳 三开间朝南 户型方正 房东诚心出售 产权清晰
229,此房户型方正， 地段优越，交通便捷，配套齐全。,180万,15653,经开区潞城,牡丹招商·公园学府,3室2厅0厨2卫,低楼层 (共27层),115㎡,暂无数据,暂无数据,暂无数据,南,未知结构,毛坯,暂无数据,暂无数据,暂无数据,2024-01-02,商品房,暂无数据,普通住宅,暂无数据,共有,无抵押,未上传房本照片,此房户型方正，利用率高。 地段优越，交通便捷，配套齐全。,户型周正，格局分布合理，空间感好，通透性强，居住舒适； 2、楼层佳，朝向南北，视野开阔，采光透亮,,"1、契税：首套房，90平米以下成交价的1％，90平米以上成交价的1.5％, 二套房90平以上成交价的2%。 2、增值税：产证满2年免收增值税，未满2年征收5.3％。 3、个税：产证满五年而且是唯一套住房，免收个税，未满5年成交价的1%。",环境优美：小区安静优雅，绿化较好，带有休闲设施，外部道路宽阔，交通十分便利。,,,,,,,,
230,：港龙新港城 准新房 楼层佳 采光好 户型方正,116万,13302,经开区潞城,港龙.新港城,3室2厅1厨1卫,低楼层 (共35层),87.21㎡,暂无数据,暂无数据,板塔结合,南 北,钢混结构,精装,暂无数据,暂无数据,暂无数据,2024-02-28,商品房,2020-09-02,普通住宅,暂无数据,非共有,有抵押,已上传房本照片,"：
港龙新港城 准新房 楼层佳 采光好 户型方正",,区旁成熟社区，配套设施齐，菜场，娱乐场所，公园 银行 医院，适宜居住 让你步行就满足一切需要,"税费解析： 税费解析： 税费分析 1、契税：首套房，90平米以下成交价的1％，90平米以上成交价的1.5％, 二套房90平以上成交价的2%,2、增值税：产证满2年免收增值税，未满2年征收5.6％； 3、个税：产证满五年而且是一套住房，免收个税，未满5年成交价的1%","：
小区环境优美，舒适安静 适宜居住，出门即有公交菜场，银行 美食等 人文素养好，乐于助人，相处和谐",,,,,,,,
231,公园壹号四期 3室2厅 南,150万,11429,经开区潞城,公园壹号四期,3室2厅1厨2卫,高楼层 (共33层),131.25㎡,暂无数据,103.06㎡,塔楼,南,钢混结构,精装,暂无数据,暂无数据,暂无数据,2024-03-01,商品房,2014-04-25,普通住宅,暂无数据,共有,有抵押 业主自还,已上传房本照片,,,,,,,,,,,,,
232,好房！地鉄口电梯四房两卫福康宁 价格可议诚意出售,110万,6861,经开区潞城,福康宁花园,4室2厅1厨2卫,中楼层 (共10层),160.34㎡,暂无数据,暂无数据,塔楼,南 北,钢混结构,精装,暂无数据,暂无数据,暂无数据,2024-03-09,商品房,2019-12-11,普通住宅,暂无数据,共有,有抵押,已上传房本照片,电梯四房两卫，房间朝南，明厨明卫，交通便利 近商场,,丁塘河湿地公园。爱琴海购物广场，天宁吾悦广场等大型商 业综合体,契税 首套房90平以下 1%，90平以上1.5% 二套房90平以下1%，90平以上2% 三套房不论面积统一3% 2税： 不满二年 收全额的5.6% 3个人所得税： 满两年1% 满五免个人所得税,,,,2号线地铁潞城站，高架，高速入口，都比较方便，公交出行也很方便,,,,,
233,公园学府毛坯三房！局小外国语在旁边！靠2号线 诚心卖,178万,18542,经开区潞城,牡丹招商·公园学府,3室2厅1厨2卫,高楼层 (共18层),96㎡,暂无数据,暂无数据,暂无数据,南,未知结构,毛坯,暂无数据,暂无数据,暂无数据,2024-02-26,商品房,暂无数据,普通住宅,暂无数据,共有,有抵押,未上传房本照片,此房户型好，户型位置好，房东诚心出售,户型周正，格局分布合理，空间感好，通透性强，居住舒适； 2、楼层佳，朝向南北，视野开阔，采光透亮,,"契税：首套房，90平米以下成交价的1％，90平米以上成交价的1.5％, 二套房90平以上成交价的2%,2、增值税：产证满2年免收增值税，未满2年征收5.3％； 3、个税：产证满五年而且是唯 一套住房，免收个税，未满5年成交价的1%",环境优美：小区安静优雅，绿化较好，带有休闲设施，可在小区花园游玩，十分有情调。2.交通便利：公交车方向众多，外部道路宽阔，交通十分便利。 3.生活便利：小区内有，合理分布便利，生活用品及买菜十分便利，生活轻松,,,,,,,,
234,美的云筑双阳台开发商精装交付带地暖环境优美,230万,23320,经开区潞城,美的云筑,3室2厅1厨1卫,高楼层 (共22层),98.63㎡,暂无数据,暂无数据,暂无数据,南,未知结构,精装,暂无数据,暂无数据,暂无数据,2024-03-18,商品房,暂无数据,普通住宅,暂无数据,非共有,有抵押,未上传房本照片,此房南北通格局楼层好视野宽阔采光充足配套设施齐,,,"1、契税：首套房，90平米以下成交价的1％，90平米以上成交价的1.5％, 二套房90平以上成交价的2%，三套3% 2、增值税：产证满2年免收增值税，未满2年征收5.6％ 3、个税：产证满五年而且是一套住房，免收个税，未满5年成交价的1%",小区地理位置好，交通、生活、健身、娱乐，都很方便，居住舒适。,,,门口就是高架，地铁口，距离校园，丁塘河湿地公园一路之隔，生活舒适交通便捷,,,,,
235,此房格局通透，户型方正，楼层佳，视野开阔，阳光充足,115万,10631,经开区潞城,蓝山湖,3室2厅1厨1卫,低楼层 (共32层),108.18㎡,暂无数据,暂无数据,板楼,南,钢混结构,简装,两梯三户,有,暂无数据,2024-02-01,商品房,2019-03-01,普通住宅,暂无数据,共有,有抵押,已上传房本照片,此房格局通透，户型方正，楼层佳，视野开阔，阳光充足,户型周正，格局分布合理，空间感好，通透性强，居住舒适 2.楼层佳，南北朝向，视野开阔，采光通透 3.小区环境优美，绿化覆盖面积多，干净整洁，内有健身器材和小型娱乐设施。物业服务态度好,,"契税：首套房，90平米以下成交价的1％，90平米以上成交价的1.5％, 二套房90平以上成交价的2%,2、增值税：产证满2年免收增值税，未满2年征收5.3％； 3、个税：产证满五年而且是唯 一套住房，免收个税，未满5年成交价的1%",区环境优美，绿化面积大，人车分流，车位充足人文素养高，乐于助人 相处和谐物业方便快捷，安保24小时巡逻，本小区设有门禁,,,,,,,,
236,公园壹号花园 2室1厅 南,98万,12229,经开区潞城,公园壹号花园,2室1厅1厨1卫,低楼层 (共26层),80.14㎡,平层,暂无数据,塔楼,南,钢混结构,精装,两梯三户,有,暂无数据,2024-03-20,商品房,暂无数据,普通住宅,暂无数据,非共有,无抵押,未上传房本照片,,,,,,,,,,,,,
237,港龙新港城 准新房 楼层佳 采光好 户型方正,110万,12609,经开区潞城,港龙.新港城,3室1厅1厨1卫,中楼层 (共34层),87.24㎡,暂无数据,暂无数据,板楼,南,钢混结构,毛坯,暂无数据,暂无数据,暂无数据,2023-12-21,商品房,2020-06-05,普通住宅,暂无数据,共有,无抵押,已上传房本照片,港龙新港城 准新房 楼层佳 采光好 户型方正,,区旁成熟社区，配套设施齐，菜场，娱乐场所，公园 银行 医院，适宜居住 让你步行就满足一切需要,"税费解析： 税费解析： 税费分析 1、契税：首套房，90平米以下成交价的1％，90平米以上成交价的1.5％, 二套房90平以上成交价的2%,2、增值税：产证满2年免收增值税，未满2年征收5.6％； 3、个税：产证满五年而且是一套住房，免收个税，未满5年成交价的1%",小区环境优美，舒适安静 适宜居住，出门即有公交菜场，银行 美食等 人文素养好，乐于助人，相处和谐,,,,,,,,
238,急售！公园壹号 新城物业 环境好 业主急售看房方便,120万,12858,经开区潞城,公园壹号花园,3室2厅1厨2卫,低楼层 (共26层),93.33㎡,暂无数据,暂无数据,板楼,南,钢混结构,精装,两梯四户,有,暂无数据,2024-02-18,商品房,2011-11-20,普通住宅,暂无数据,共有,无抵押,已上传房本照片,此房格局好 小区环境好 新城物业 业主诚心出售看房方便,,小区生活设施齐全，商场、菜市场、银行等。交通便捷 小区内设有健身器材、小型篮球场可供小区居民使用 小区内停车位充足，建有地上停车场和地下停车场 小区内24小时保安巡逻 户型方正、格局分布合理空间感好.,,公园壹号是新城地产在经开区打造的居住标杆，物业管理品质和环境美化水准远高于同期经开区的住宅社区。 小区西侧就是丁塘河湿地公园，经开区全民健身、白金汉爵酒店、爱琴海购物广场、天宁吾悦广场、地铁2号线等配套齐全。,,,小区门口有99路公交直达新北恐龙园，77路公交直达火车东站 门口有地铁2号线，往西边可到钟楼区,,,,,
