,标题,总价格,单价,地段,小区名,房屋户型,所在楼层,建筑面积,户型结构,套内面积,建筑类型,房屋朝向,建筑结构,装修情况,梯户比例,配备电梯,楼层高度,挂牌时间,交易权属,上次交易,房屋用途,房屋年限,产权所属,抵押信息,房本备件,核心卖点,户型介绍,售房详情,装修描述,小区介绍,税费解析,周边配套,适宜人群,权属抵押,房源核验码,查询房管备案记录
0,经开区 中间楼层 毛胚小三房 业主诚心出售 看房有钥匙,95万,10675,经开区横山桥镇,万象府,3室2厅1厨1卫,中楼层 (共20层),89㎡,暂无数据,暂无数据,暂无数据,南 北,未知结构,毛坯,两梯四户,有,暂无数据,2022-12-09,商品房,2021-04-13,普通住宅,暂无数据,非共有,无抵押,已上传房本照片,此房采光好，视野很好，看房方便，业主诚心出售。,此房是两开间朝南的三房户型，南北朝向，房屋的户型较为规整，没有太多的浪费面积。,业主早年开盘的时候购入的新房，现在已经去其他城市发展，决定将此房源处理多余财产，卖房诚心。,此房为开发商的毛坯交付的新房，新购入的客户可以完全按照自己的喜好装修，避免了对旧装修的拆除的情况。,,,,,,,
1,万象府毛坯三房 楼层好 采光好 诚心出售,95万,10675,经开区横山桥镇,万象府,3室2厅1厨1卫,高楼层 (共20层),89㎡,暂无数据,暂无数据,暂无数据,南,未知结构,简装,两梯四户,有,暂无数据,2024-03-11,商品房,2021-04-13,普通住宅,暂无数据,非共有,有抵押 80万元,已上传房本照片,万象府毛坯三房 楼层好 业主诚心出售 看房方便,1.户型周正，格局分布合理，空间感好，通透性强，居住舒适 2.楼层佳，南北朝向，视野开阔，采光通透 3.小区环境优美，绿化覆盖面积多，干净整洁，内有健身器材和小型娱乐设施。物业服务态度好。,,,小区环境优美，绿化面积大，人车分流，车位充足人文素养高，乐于助人 相处和谐物业方便快捷，安保24小时巡逻，本小区设有门禁 闲杂人等不得入内,"1、契税：首套房，90平米以下成交价的1％，90平米以上成交价的1.5％, 二套房90平以上成交价的2%,2、增值税：产证满2年免收增值税，未满2年征收5.3％； 3、个税：产证满五年而且是唯 一套住房，免收个税，未满5年成交价的1%",,,,,
2,横山家苑三室两厅 精装修 急卖 看中价格好说,148万,9474,经开区横山桥镇,横山家苑,3室2厅1厨2卫,低楼层 (共10层),156.22㎡,平层,暂无数据,暂无数据,南,未知结构,精装,暂无数据,暂无数据,暂无数据,2022-09-21,商品房,2011-11-15,普通住宅,满五年,共有,无抵押,已上传房本照片,此房满五年，楼层好，视野开阔，采光充足，配套设齐全 诚心卖..,出让土地住宅商品房 交易无忧 三室两厅两卫 采光很好 前面无遮挡,,精装修 家电全留 当时用的材料都环保好材料 使用放心 拎包即住,,,配套齐全银行 医院  幼儿园都在旁边 小区位于街上 商场在旁边 买东西很方便,,,,
3,地铁二号线旁，户型方正 诚心急售钥匙随时看房,74.9万,10655,经开区横山桥镇,万象府,2室2厅1厨1卫,低楼层 (共20层),70.3㎡,平层,暂无数据,板塔结合,南,钢混结构,毛坯,两梯四户,有,暂无数据,2023-10-22,商品房,2021-04-13,普通住宅,暂无数据,非共有,有抵押 60万元,已上传房本照片,此房格局通透，户型方正，楼层佳，视野开阔，阳光好,户型周正，格局分布合理，空间感好，通透性强，居住舒适 2.楼层佳，南北朝向，视野开阔，采光通透 3.小区环境优美，绿化覆盖面积多，干净整洁，内有健身器材和小型娱乐设施。物业服务态度好,,,小区生活设施齐，商场、菜市场、银行等，交通便捷；2、小区内有健身器材，小型篮球场，可供小区居民使用；3、小区内停车位充足，建有地上停车场和地下车库；4、小区内24小时保安巡逻。5.户型周正，格局分布合理，空间感好，通透性佳,契税：A首套 90平以下1% B首套 90平以上1.5% C二套90平以下1% D二套90平以上2% E三套都是3%增值税：满两年免征 不满2年权.额征收5.6%个人所得税：不满5年征1%,,,,,
4,华润万象府，地铁二号线  精装三房 诚心出售,147万,13739,经开区横山桥镇,万象府,3室2厅1厨2卫,低楼层 (共20层),107㎡,平层,暂无数据,暂无数据,南,未知结构,精装,暂无数据,暂无数据,暂无数据,2023-05-07,商品房,暂无数据,普通住宅,暂无数据,非共有,有抵押 90万元 中国银行 业主自还,未上传房本照片,此房格局通透，户型方正，空间感好，居住舒适的,此房是三叶草户型 三个房间 都是分开的 私密性好 住着通风 三开间朝南,,,小区是华润开发的，小区内都是小高层，楼栋间距很大，小区环境优美,,,此房适合刚需人群，婚房，一家四五口人住着也比较舒适，两个卫生间,,,
5,低总价，精装修，可以拎包住，房东诚心卖,128万,11381,经开区横山桥镇,东方福郡,3室2厅1厨1卫,低楼层 (共18层),112.47㎡,平层,暂无数据,塔楼,南,钢混结构,精装,暂无数据,暂无数据,暂无数据,2022-12-06,商品房,暂无数据,普通住宅,暂无数据,共有,有抵押,未上传房本照片,交通便利，小区设备齐全，房子产权清晰，能正常交易,,,,小区生活实施齐全，商场，菜市场，银行等。2：小区内有健身器材，小型篮球场，可供小区居民使用。3：小区停车位充足，建有地面临时停车位以及底下停车位。4：小区内24小时保安巡逻,"首套房，90平米以下成交价的1%,90平米以上成交价的1.5%，二套房90平以上成交价的2%,2、增值税：产证满2年免收增值税，未满2年征收5.6%;3、个税：产证满五年而且是一套住房，免收个税，未满5年成交价的1%",交通银行，中国工商银行，中国农业银行，邮政储蓄，绿地公园，大润发房主自荐（业主对房源的描述）,,,,
6,经开区 7区上东 116平精装3房 145万,145万,12483,经开区横山桥镇,7区上东,3室2厅1厨1卫,中楼层 (共33层),116.16㎡,平层,暂无数据,暂无数据,南,未知结构,精装,暂无数据,暂无数据,暂无数据,2023-10-13,商品房,2019-11-18,普通住宅,暂无数据,非共有,有抵押,已上传房本照片,小区环境优雅，配套成熟，交通便利，居住舒适。,,业主人非 常友好、热情，很有诚意出售。欢迎看房，随时恭候户型棒，成熟小区管理。,,,首套房契税是1.5%，二套是2%，三套及以上是3%，如不满两年增加5.3%的增值税。,生活设施齐 银行 菜场 商场 饮食近在咫尺 生活起居很方便。,,,,
7,七区上东！房东诚心出售 产权清晰 楼层佳 阳光充足,130万,17922,经开区横山桥镇,7区上东,2室1厅1厨1卫,低楼层 (共1层),72.54㎡,平层,暂无数据,暂无数据,南,未知结构,精装,暂无数据,暂无数据,暂无数据,2021-05-21,商品房,暂无数据,商业,暂无数据,共有,无抵押,未上传房本照片,此房格局通透，户型方正，是动静分离的格局，不会互相打扰，舒适,1.户型周正，格局分布合理，空间感好，通透性强，居住舒适 2.楼层佳，南北朝向，视野开阔，采光通透 3.小区环境优美，绿化覆盖面积多，干净整洁，内有健身器材和小型娱乐设施。物业服务态度好。,,,小区环境优美，绿化面积大，人车分流，车位充足人文素养高，乐于助人 相处和谐物业方便快捷，安保24小时巡逻，本小区设有门禁 闲杂人等不得入内,"1、契税：首套房，90平米以下成交价的1％，90平米以上成交价的1.5％, 二套房90平以上成交价的2%,2、增值税：产证满2年免收增值税，未满2年征收5.3％； 3、个税：产证满五年而且是唯 一套住房，免收个税，未满5年成交价的1%",,,此房产权清晰，房源真实，业主诚心出售，看房方便，过户全程陪同,,
8,天宁区政府，爱情海商圈，7区上东，精装房，房东诚售,128万,15516,经开区横山桥镇,7区上东,3室2厅1厨1卫,低楼层 (共33层),82.5㎡,平层,暂无数据,暂无数据,南,未知结构,精装,暂无数据,暂无数据,暂无数据,2021-10-27,商品房,暂无数据,普通住宅,暂无数据,共有,有抵押,未上传房本照片,小区环境优雅，配套成熟，交通便利，居住舒适。,,业主人非 常友好、热情，很有诚意出售。欢迎看房，随时恭候户型棒，成熟小区管理。,,,首套房契税是1.5%，二套是2%，三套及以上是3%，如不满两年增加5.3%的增值税。,生活设施齐 银行 菜场 商场 饮食近在咫尺 生活起居很方便。,,,,
9,此房格局通透，户型方正，楼层佳，视野开阔，阳光好,105万,11798,经开区横山桥镇,万象府,2室1厅1厨1卫,中楼层 (共20层),89㎡,平层,暂无数据,板塔结合,南,钢混结构,毛坯,两梯四户,有,暂无数据,2023-10-01,商品房,暂无数据,普通住宅,暂无数据,非共有,有抵押 106万元,未上传房本照片,此房格局通透，户型方正，楼层佳，视野开阔，阳光好,1.户型周正，格局分布合理，空间感好，通透性强，居住舒适 2.楼层佳，南北朝向，视野开阔，采光通透 3.小区环境优美，绿化覆盖面积多，干净整洁，内有健身器材和小型娱乐设施。物业服务态度好,,,小区环境优美，绿化面积大，人车分流，车位充足人文素养高，乐于助人 相处和谐物业方便快捷，安保24小时巡逻，本小区设有门禁 闲杂人等不得入内,"1、契税：首套房，90平米以下成交价的1％，90平米以上成交价的1.5％, 二套房90平以上成交价的2%,2、增值税：产证满2年免收增值税，未满2年征收5.3％； 3、个税：产证满五年而且是唯 一套住房，免收个税，未满5年成交价的1%",,,,,
10,此房格局通透，户型方正，楼层佳，视野开阔，阳光好,116万,13489,经开区横山桥镇,万象府,3室2厅1厨1卫,中楼层 (共20层),86㎡,平层,暂无数据,暂无数据,南,未知结构,精装,暂无数据,暂无数据,暂无数据,2023-10-09,商品房,暂无数据,普通住宅,暂无数据,非共有,有抵押,未上传房本照片,此房格局通透，户型方正，楼层佳，视野开阔，阳光好,.户型周正，格局分布合理，空间感好，通透性强，居住舒适 2.楼层佳，南北朝向，视野开阔，采光通透 3.小区环境优美，绿化覆盖面积多，干净整洁，内有健身器材和小型娱乐设施。物业服务态度好,,,、小区生活设施齐，商场、菜市场、银行等，交通便捷；2、小区内有健身器材，小型篮球场，可供小区居民使用；3、小区内停车位充足，建有地上停车场和地下车库；4、小区内24小时保安巡逻。5.户型周正，格局分布合理，空间感好，通透性佳,契税：A首套 90平以下1% B首套 90平以上1.5% C二套90平以下1% D二套90平以上2% E三套都是3%增值税：满两年免征 不满2年权.额征收5.6%个人所得税：不满5年征1%,,,,,
11,万象府 三房精装修 中yang空调 本来自住 现诚心出售,130万,14607,经开区横山桥镇,万象府,3室2厅1厨1卫,低楼层 (共20层),89㎡,平层,暂无数据,板塔结合,南,钢混结构,精装,两梯四户,有,暂无数据,2023-05-27,商品房,暂无数据,普通住宅,暂无数据,共有,有抵押 45万元 江南银行,未上传房本照片,此房户型好，户型位置好，房东诚心急卖,户型周正，格局分布合理，空间感好，通透性强，居住舒适； 2、楼层佳，朝向南北，视野开阔，采光透亮,,,,"契税：首套房，90平米以下成交价的1％，90平米以上成交价的1.5％, 二套房90平以上成交价的2%,2、增值税：产证满2年免收增值税，未满2年征收5.3％； 3、个税：产证满五年而且是唯 一套住房，免收个税，未满5年成交价的1%",好几家大型购物商场（永辉，好又多），综合菜场，药店，银行配套齐全，还有天宁吾悦购物广场，丁塘河湿地公园，爱琴海购物广场,,,,
12,房子精装修 保养干净清爽 采光好 楼层好 看房方便,118万,13213,经开区横山桥镇,万象府,2室2厅1厨1卫,中楼层 (共20层),89.31㎡,平层,暂无数据,板塔结合,南 北,混合结构,精装,暂无数据,暂无数据,暂无数据,2023-12-22,商品房,2021-04-28,普通住宅,满两年,共有,无抵押,已上传房本照片,房子精装修 保养的干净清爽 采光好 楼层好 看房方便,户型方正 中间户 三开间朝南 两梯四户 楼栋间距大,,,小区位于经开区 东方东路 地铁站配套设齐全,,,,房子目前有公积金贷款 产权清晰 过户全程陪同,,
13,新上房源  好房出售 价格美丽 房东外地发展诚意出,85万,9664,经开区横山桥镇,领秀江南,2室1厅1厨1卫,低楼层 (共18层),87.96㎡,平层,暂无数据,暂无数据,南,未知结构,精装,暂无数据,暂无数据,暂无数据,2024-03-05,商品房,暂无数据,普通住宅,暂无数据,共有,无抵押,未上传房本照片,新上 此房房东外地发展急出  精装2室  小区环境好,,,,环境优美小区安静优雅绿化较好带有休闲设施，可在小区花园游玩，十分有情调。2.交通便利:公交车方向众多，外部道路宽阔，交通十分便利。3生活便利:小区内有，合理分布便利，生活用品及买菜+分便利，生活轻松,房屋产权:房子为商品房。税费信息满两年省增值税。首套房90M以下1%、90M以上15二套房90M以下1%90M以上2%三套房不论面积统-3%,小区生活设施齐全、菜市场、银行、交通便捷2、小区内有健身器材，可供小区居民使用:3、小区内停车位充足，建有地上停车场和地下车库;4、小区内24小时保安巡逻。,,,,
14,二号线地铁口精装修小三房，刚需首付二十即可拎包入住,107万,12001,经开区横山桥镇,万象府,3室2厅1厨1卫,低楼层 (共20层),89.16㎡,平层,暂无数据,暂无数据,南,未知结构,精装,暂无数据,暂无数据,暂无数据,2024-02-26,商品房,2013-04-01,普通住宅,满五年,非共有,有抵押 85万元,已上传房本照片,此房是三开间朝南的三房户型，南北朝向，房屋的户型较为规整，没有太多的浪费面积。,业主早年开盘的时候购入的新房，现在已经去其他城市发展，决定将此房源处理多余财产，卖房诚心。,此房是精装修，业主原先自住的保养很好，装修也才两年时间，各方面都干净整洁,,,,,,,052496734857,此房采光好，视野很好，看房方便，业主诚心出售。
15,此房格局通透，户型方正，楼层佳，视野开阔，阳光好,81万,9085,经开区横山桥镇,万象府,3室2厅1厨1卫,低楼层 (共20层),89.16㎡,平层,暂无数据,暂无数据,南,未知结构,毛坯,暂无数据,暂无数据,暂无数据,2024-01-03,商品房,暂无数据,普通住宅,暂无数据,非共有,有抵押 75万元,未上传房本照片,此房格局通透，户型方正，楼层佳，视野开阔，阳光好,1.户型周正，格局分布合理，空间感好，通透性强，居住舒适 2.楼层佳，南北朝向，视野开阔，采光通透 3.小区环境优美，绿化覆盖面积多，干净整洁，内有健身器材和小型娱乐设施。物业服务态度好,,,小区环境优美，绿化面积大，人车分流，车位充足人文素养高，乐于助人 相处和谐物业方便快捷，安保24小时巡逻，本小区设有门禁 闲杂人等不得入内,"1、契税：首套房，90平米以下成交价的1％，90平米以上成交价的1.5％, 二套房90平以上成交价的2%,2、增值税：产证满2年免收增值税，未满2年征收5.3％； 3、个税：产证满五年而且是唯 一套住房，免收个税，未满5年成交价的1%",,,,,
16,此房采光好，视野很好，看房方便，业主诚心出售,132万,14847,经开区横山桥镇,万象府,3室1厅1厨1卫,高楼层 (共20层),88.91㎡,平层,暂无数据,暂无数据,南,未知结构,精装,暂无数据,暂无数据,暂无数据,2024-03-04,商品房,暂无数据,普通住宅,暂无数据,共有,无抵押,未上传房本照片,此房采光好，视野很好，看房方便，业主诚心出售,此房是两开间朝南的三房户型，南北朝向，房屋的户型较为规整，没有太多的浪费面积。,业主早年开盘的时候购入的新房，现在已经去其他城市发展，决定将此房源处理多余财产，卖房诚心,,小区环境优美，绿化面积大，人车分流，车位充足人文素养高，乐于助人 相处和谐物业方便快捷，安保24小时巡逻，本小区设有门禁 闲杂人等不得入内,,,,,,
17,万象府4房高区楼层房东诚售，采光视野佳，随时看房。,168万,13911,经开区横山桥镇,万象府,4室2厅1厨2卫,高楼层 (共18层),120.77㎡,平层,暂无数据,暂无数据,南 北,未知结构,毛坯,暂无数据,暂无数据,暂无数据,2023-05-20,商品房,2021-06-25,普通住宅,暂无数据,共有,有抵押 50万元 公积金 客户偿还,已上传房本照片,四房户型满足使用需求；楼层好，无遮挡，采光视野佳。,,"售房原因：房东本人在外地工作，房屋空置。出售变现。
房屋状态：随时可以看房，随时可以签约。",,"万象府是华润地产在常州经开区布局的力作，位于东方东路与常青路交汇处西侧。项目地段优越，交通便捷，配套齐全，生活方便。
小区环境优美，设施齐全，入住率高。","1、契税：首套房，90平米以下成交价的1％，90平米以上成交价的1.5％, 二套房90平以上成交价的2%。
2、增值税：产证满2年免收增值税，未满2年征收5.3％。
3、个税：产证满五年而且是唯一套住房，免收个税，未满5年成交价的1%。",,,,,
18,房东诚心出售万象府三房 看房方便,110万,12281,经开区横山桥镇,万象府,2室2厅1厨1卫,低楼层 (共17层),89.57㎡,暂无数据,暂无数据,暂无数据,南 北,未知结构,毛坯,暂无数据,暂无数据,暂无数据,2023-03-04,商品房,2021-04-21,普通住宅,暂无数据,非共有,有抵押,已上传房本照片,此房格局通透，户型方正，楼层佳，视野开阔，阳光好,户型周正，格局分布合理，空间感好，通透性强，居住舒适 2.楼层佳，南北朝向，视野开阔，采光通透 3.小区环境优美，绿化覆盖面积多，干净整洁，内有健身器材和小型娱乐设施。物业服务态度好。,,,小区环境优美，绿化面积大，人车分流，车位充足人文素养高，乐于助人 相处和谐物业方便快捷，安保24小时巡逻，本小区设有门禁 闲杂人等不得入内,"1、契税：首套房，90平米以下成交价的1％，90平米以上成交价的1.5％, 二套房90平以上成交价的2%,2、增值税：产证满2年免收增值税，未满2年征收5.3％； 3、个税：产证满五年而且是唯 一套住房，免收个税，未满5年成交价的1%",,,,,
19,此房格局通透，户型方正，楼层佳，阳光足，视野开阔,160万,13139,经开区横山桥镇,万象府,4室2厅1厨2卫,高楼层 (共18层),121.78㎡,暂无数据,暂无数据,暂无数据,南,未知结构,毛坯,暂无数据,暂无数据,暂无数据,2022-09-28,商品房,暂无数据,普通住宅,暂无数据,非共有,有抵押 100万元,未上传房本照片,此房格局通透，户型方正，楼层佳，阳光足，视野开阔，居住舒适,1.户型周正，格局分布合理，空间感好，通透性强，居住舒适 2.楼层佳，南北朝向，视野开阔，采光通透 3.小区环境优美，绿化覆盖面积多，干净整洁，内有健身器材和小型娱乐设施。物业服务态度好,,,小区环境优美，绿化面积大，人车分流，车位充足人文素养高，乐于助人 相处和谐物业方便快捷，安保24小时巡逻，本小区设有门禁 闲杂人等不得入内,"1、契税：首套房，90平米以下成交价的1％，90平米以上成交价的1.5％, 二套房90平以上成交价的2%,2、增值税：产证满2年免收增值税，未满2年征收5.3％； 3、个税：产证满五年而且是唯 一套住房，免收个税，未满5年成交价的1%",,,此房产权清晰，房源真实，业主诚心出售，看房方便，过户全程陪同,,
20,急售万象府三房户型好 诚心出售看房方便价格可谈,125万,13967,经开区横山桥镇,万象府,3室2厅1厨1卫,低楼层 (共20层),89.5㎡,暂无数据,暂无数据,暂无数据,南,未知结构,毛坯,暂无数据,暂无数据,暂无数据,2023-05-05,商品房,2021-03-17,普通住宅,暂无数据,共有,有抵押 70万元 工商,已上传房本照片,小区生活设施齐，商场、菜市场、银行等，交通便捷,户型周正，格局分布合理，空间感好，通透性强，居住舒适 2.楼层佳，南北朝向，视野开阔，采光通透,,,小区生活设施齐，商场、菜市场、银行等，交通便捷；2、小区内有健身器材，小型篮球场，可供小区居民使用；3、小区内停车位充足，建有地上停车场和地下车库；4、小区内24小时保安巡逻。5.户型周正，格局分布合理，空间感好，通透性佳,"税费分析 1、契税：首套房，90平米以下成交价的1％，90平米以上成交价的1.5％, 二套房90平以上成交价的2%,2、增值税：产证满2年免收增值税，未满2年征收5.6％； 3、个税：产证满五年而且是一套住房，免收个税，未满5年成交价的1%",,,,,
21,华润开发，二号线地铁口小三房打骨折出售，急卖急卖！,102万,11473,经开区横山桥镇,万象府,3室1厅1厨1卫,高楼层 (共20层),88.91㎡,暂无数据,暂无数据,板楼,南 北,混合结构,毛坯,四梯四户,有,暂无数据,2023-03-04,商品房,2021-04-28,普通住宅,暂无数据,共有,有抵押 70万元,已上传房本照片,此房格局通透，户型方正，楼层佳，视野开阔，阳光好,1.户型周正，格局分布合理，空间感好，通透性强，居住舒适 2.楼层佳，南北朝向，视野开阔，采光通透 3.小区环境优美，绿化覆盖面积多，干净整洁，内有健身器材和小型娱乐设施。物业服务态度好,,,小区环境优美，绿化面积大，人车分流，车位充足人文素养高，乐于助人 相处和谐物业方便快捷，安保24小时巡逻，本小区设有门禁 闲杂人等不得入内,"1、契税：首套房，90平米以下成交价的1％，90平米以上成交价的1.5％, 二套房90平以上成交价的2%,2、增值税：产证满2年免收增值税，未满2年征收5.3％； 3、个税：产证满五年而且是唯 一套住房，免收个税，未满5年成交价的1%",,,,,
22,急售万象府三房诚心出售有钥匙看房 价格可谈,170万,19003,经开区横山桥镇,万象府,3室2厅1厨1卫,低楼层 (共20层),89.46㎡,暂无数据,暂无数据,暂无数据,南,未知结构,毛坯,暂无数据,暂无数据,暂无数据,2023-05-08,商品房,2021-03-17,普通住宅,暂无数据,非共有,无抵押,已上传房本照片,房产权清晰，房源真实，业主诚心出售，看房方便，过户全程..,户型周正，格局分布合理，空间感好，通透性强，居住舒适； 2、楼层佳，朝向南北，视野开阔，采光透亮,,,,"首套房，90平米以下成交价的1％，90平米以上成交价的1.5％, 二套房90平以上成交价的2%,2、增值税：产证满2年免收增值税，未满2年征收5.3％； 3、个税：产证满五年而且是唯 一套住房，免收个税，未满5年成交价的1%",好几家大型购物商场（永辉，好又多），综合菜场，药店，银行配套齐全，还有天宁吾悦购物广场，丁塘河湿地公园，爱琴海购物广场,,,,
23,爱琴海奥特莱斯旁 精装 三房 边户 通透格局 2卫,150万,13527,经开区横山桥镇,7区上东,3室2厅1厨2卫,中楼层 (共34层),110.89㎡,暂无数据,暂无数据,暂无数据,南,未知结构,精装,暂无数据,暂无数据,暂无数据,2022-06-23,商品房,2019-11-28,普通住宅,暂无数据,非共有,有抵押 100万元,已上传房本照片,爱琴海奥特莱斯旁 精装 三房 边户 通透 格局 有 2个卫生间,,业主现诚心出售，证件齐，欢迎看房，随时恭候，如看中房子，可以出价  有钥匙 随时看房,,,"首套房90平米以下成交价的1%,90平米以上成交价的1.5%,二套房90 平以下1%,以上2%,三套房不论大小均为3%;增值税分析:产证满2年免收增值 税,未满2年征收5.3%;个税:产证满五年而且是唯套住房,免收个税,未满5 年成交价的1%",,,此房产权清晰，房源真实，业主诚心出售，看房方便，过户全程陪同,,
24,万象府毛坯四房，楼层佳，采光好,163万,13487,经开区横山桥镇,万象府,4室2厅1厨2卫,中楼层 (共20层),120.86㎡,暂无数据,暂无数据,板塔结合,南 北,钢混结构,毛坯,两梯四户,有,暂无数据,2023-09-09,商品房,2021-03-17,普通住宅,暂无数据,非共有,无抵押,已上传房本照片,小区环境优美，绿化面积大，人车分流，车位充足人文素养高，乐于助人 相处和谐物业方便快捷，安保24小时巡逻，本小区设有门禁 闲杂人等不得入内,"1、契税：首套房，90平米以下成交价的1％，90平米以上成交价的1.5％, 二套房90平以上成交价的2%,2、增值税：产证满2年免收增值税，未满2年征收5.3％； 3、个税：产证满五年而且是唯 一套住房，免收个税，未满5年成交价的1%",,,1.户型周正，格局分布合理，空间感好，通透性强，居住舒适 2.楼层佳，南北朝向，视野开阔，采光通透 3.小区环境优美，绿化覆盖面积多，干净整洁，内有健身器材和小型娱乐设施。物业服务态度好,,,,,052488467484,此房格局通透，户型方正，楼层佳，视野开阔，阳光好
25,7区上东 中间楼层 精装修领包入住 随时看房,140万,13726,经开区横山桥镇,7区上东,3室2厅1厨2卫,中楼层 (共34层),102㎡,暂无数据,暂无数据,暂无数据,南,未知结构,精装,暂无数据,暂无数据,暂无数据,2023-11-02,商品房,暂无数据,普通住宅,暂无数据,共有,有抵押,未上传房本照片,此房格局通透，户型方正，楼层佳， 视野开阔，阳光足,户型周正，格局分布合理，空间感好，通透性强，居住舒适 2.楼层佳，南北朝向，视野开阔，采光通透 3.小区环境优美，绿化覆盖面积多，干净整洁，内有健身器材和小型娱乐设施。物业服务态度好。,,,小区环境优美，绿化面积大，人车分流，车位充足人文素养高，乐于助人 相处和谐物业方便快捷，安保24小时巡逻，本小区设有门禁 闲杂人等不得入内,"1、契税：首套房，90平米以下成交价的1％，90平米以上成交价的1.5％, 二套房90平以上成交价的2%,2、增值税：产证满2年免收增值税，未满2年征收5.3％； 3、个税：产证满五年而且是唯 一套住房，免收个税，未满5年成交价的1%",,,,,
26,此房格局通透，户型方正，楼层佳，视野开阔，阳光好,125万,13956,经开区横山桥镇,万象府,3室2厅1厨1卫,高楼层 (共17层),89.57㎡,暂无数据,暂无数据,暂无数据,南,未知结构,简装,暂无数据,暂无数据,暂无数据,2023-08-03,商品房,暂无数据,普通住宅,暂无数据,共有,有抵押,未上传房本照片,此房格局通透，户型方正，楼层佳，视野开阔，阳光好,1.户型周正，格局分布合理，空间感好，通透性强，居住舒适 2.楼层佳，南北朝向，视野开阔，采光通透 3.小区环境优美，绿化覆盖面积多，干净整洁，内有健身器材和小型娱乐设施。物业服务态度好,,,小区环境优美，绿化面积大，人车分流，车位充足人文素养高，乐于助人 相处和谐物业方便快捷，安保24小时巡逻，本小区设有门禁 闲杂人等不得入内,"1、契税：首套房，90平米以下成交价的1％，90平米以上成交价的1.5％, 二套房90平以上成交价的2%,2、增值税：产证满2年免收增值税，未满2年征收5.3％； 3、个税：产证满五年而且是唯 一套住房，免收个税，未满5年成交价的1%",,,,,
27,万象府 3室2厅 南,120万,13484,经开区横山桥镇,万象府,3室2厅1厨1卫,低楼层 (共20层),89㎡,暂无数据,暂无数据,暂无数据,南,未知结构,毛坯,暂无数据,暂无数据,暂无数据,2023-05-13,商品房,暂无数据,普通住宅,暂无数据,非共有,有抵押,未上传房本照片,,,,,,,,,,,
28,万象府 好房优质楼层采光佳看房随时,85万,9551,经开区横山桥镇,万象府,3室2厅1厨1卫,高楼层 (共20层),89㎡,暂无数据,暂无数据,板塔结合,南,钢混结构,毛坯,两梯四户,有,暂无数据,2023-01-11,商品房,暂无数据,普通住宅,暂无数据,共有,无抵押,未上传房本照片,此房格局通透，户型方正，楼层佳，视野开阔，阳光充足,1.户型周正，格局分布合理，空间感好，通透性强，居住舒适 2.楼层佳，南北朝向，视野开阔，采光通透 3.小区环境优美，绿化覆盖面积多，干净整洁，内有健身器材和小型娱乐设施。物业服务态度好。,,,小区环境优美，绿化面积大，人车分流，车位充足人文素养高，乐于助人 相处和谐物业方便快捷，安保24小时巡逻，本小区设有门禁 闲杂人等不得入内,"1、契税：首套房，90平米以下成交价的1％，90平米以上成交价的1.5％, 二套房90平以上成交价的2%,2、增值税：产证满2年免收增值税，未满2年征收5.3％； 3、个税：产证满五年而且是唯 一套住房，免收个税，未满5年成交价的1%",,,,,
29,急售万象府户型好 价格可谈看房方便,155万,14590,经开区横山桥镇,万象府,3室2厅1厨2卫,低楼层 (共20层),106.24㎡,暂无数据,暂无数据,暂无数据,南,未知结构,毛坯,暂无数据,暂无数据,暂无数据,2023-03-21,商品房,2021-04-06,普通住宅,暂无数据,共有,有抵押,已上传房本照片,此房户型好，户型位置好，房东诚心急卖,户型周正，格局分布合理，空间感好，通透性强，居住舒适； 2、楼层佳，朝向南北，视野开阔，采光透亮,,,,"契税：首套房，90平米以下成交价的1％，90平米以上成交价的1.5％, 二套房90平以上成交价的2%,2、增值税：产证满2年免收增值税，未满2年征收5.3％； 3、个税：产证满五年而且是唯 一套住房，免收个税，未满5年成交价的1%",好几家大型购物商场（永辉，好又多），综合菜场，药店，银行配套齐全，还有天宁吾悦购物广场，丁塘河湿地公园，爱琴海购物广场,,,,
30,华润万象府 房东诚售 户型方正 看房方便,175万,15569,经开区横山桥镇,万象府,3室2厅1厨2卫,中楼层 (共20层),112.41㎡,暂无数据,暂无数据,暂无数据,南 北,未知结构,毛坯,暂无数据,暂无数据,暂无数据,2022-10-18,商品房,2021-03-31,普通住宅,暂无数据,非共有,有抵押,已上传房本照片,此房是华润万象府的一间毛坯房，楼层居中，户型方正。,此房是三开间朝南的三房户型，南北朝向，房屋的户型较为规整，没有太多的浪费面积。,业主早年开盘的时候购入的新房，现在已经去其他城市发展，决定将此房源处理多余财产，卖房诚心。,此房为开发商的毛坯交付的新房，新购入的客户可以完全按照自己的喜好装修，避免了对旧装修的拆除的情况,,,,,,,
31,华润万象府 纯毛坯 房东诚售 价格可谈,130万,11565,经开区横山桥镇,万象府,3室2厅1厨2卫,高楼层 (共20层),112.41㎡,暂无数据,暂无数据,暂无数据,南 北,未知结构,毛坯,暂无数据,暂无数据,暂无数据,2023-10-28,商品房,2021-03-19,普通住宅,暂无数据,非共有,有抵押,已上传房本照片,此房格局通透，户型方正，楼层佳，视野开阔，阳光好,1.户型周正，格局分布合理，空间感好，通透性强，居住舒适 2.楼层佳，南北朝向，视野开阔，采光通透 3.小区环境优美，绿化覆盖面积多，干净整洁，内有健身器材和小型娱乐设施。物业服务态度好,,,小区环境优美，绿化面积大，人车分流，车位充足人文素养高，乐于助人 相处和谐物业方便快捷，安保24小时巡逻，本小区设有门禁 闲杂人等不得入内,"1、契税：首套房，90平米以下成交价的1％，90平米以上成交价的1.5％, 二套房90平以上成交价的2%,2、增值税：产证满2年免收增值税，未满2年征收5.3％； 3、个税：产证满五年而且是唯 一套住房，免收个税，未满5年成交价的1%",,,,,
32,此房格局通透，户型方正，楼层佳，视野开阔，阳光好,145万,13552,经开区横山桥镇,万象府,3室2厅1厨2卫,中楼层 (共20层),107㎡,暂无数据,暂无数据,暂无数据,南,未知结构,毛坯,暂无数据,暂无数据,暂无数据,2023-03-17,商品房,2021-03-18,普通住宅,暂无数据,非共有,有抵押 30万元 公积金贷款,已上传房本照片,此房格局通透，户型方正，楼层佳，视野开阔，阳光好,1.户型周正，格局分布合理，空间感好，通透性强，居住舒适 2.楼层佳，南北朝向，视野开阔，采光通透 3.小区环境优美，绿化覆盖面积多，干净整洁，内有健身器材和小型娱乐设施。物业服务态度好。,,,小区环境优美，绿化面积大，人车分流，车位充足人文素养高，乐于助人 相处和谐物业方便快捷，安保24小时巡逻，本小区设有门禁 闲杂人等不得入内,"1、契税：首套房，90平米以下成交价的1％，90平米以上成交价的1.5％, 二套房90平以上成交价的2%,2、增值税：产证满2年免收增值税，未满2年征收5.3％； 3、个税：产证满五年而且是唯 一套住房，免收个税，未满5年成交价的1%",,,,,
33,此房是华润万象府的一间毛坯房，户型方正。,140万,13085,经开区横山桥镇,万象府,3室2厅1厨2卫,低楼层 (共20层),107㎡,暂无数据,暂无数据,暂无数据,南,未知结构,毛坯,两梯四户,有,暂无数据,2023-02-10,商品房,2021-04-13,普通住宅,暂无数据,共有,有抵押 75万元,已上传房本照片,此房是华润万象府的一间毛坯房，户型方正。,此房是三开间朝南的三房户型，南北朝向，房屋的户型较为规整，没有太多的浪费面积。,业主早年开盘的时候购入的新房，现在已经去其他城市发展，决定将此房源处理多余财产，卖房诚心。,此房为开发商的毛坯交付的新房，新购入的客户可以完全按照自己的喜好装修，避免了对旧装修的拆除的情况。,,,,,,,
34,华润万象府 房东诚售 户型方正 有钥匙,105万,11812,经开区横山桥镇,万象府,3室2厅1厨1卫,低楼层 (共20层),88.9㎡,暂无数据,暂无数据,板楼,南 北,混合结构,毛坯,四梯四户,有,暂无数据,2023-02-20,商品房,2021-06-16,普通住宅,暂无数据,非共有,有抵押,已上传房本照片,此房是华润万象府的一间毛坯房，楼层居中，户型方正。,此房是三开间朝南的三房户型，南北朝向，房屋的户型较为规整，没有太多的浪费面积。,业主早年开盘的时候购入的新房，现在已经去其他城市发展，决定将此房源处理多余财产，卖房诚心。,此房为开发商的毛坯交付的新房，新购入的客户可以完全按照自己的喜好装修，避免了对旧装修的拆除的情况,,,,,,,
35,万象府，大三房，房东诚售，随时看,168万,13885,经开区横山桥镇,万象府,3室2厅1厨2卫,高楼层 (共20层),121㎡,暂无数据,暂无数据,板塔结合,南 北,钢混结构,毛坯,两梯四户,有,暂无数据,2022-06-28,商品房,暂无数据,普通住宅,暂无数据,非共有,无抵押,未上传房本照片,小区生活设施齐，商场、菜市场、银行等，交通便捷,户型周正，格局分布合理，空间感好，通透性强，居住舒适 2.楼层佳，南北朝向，视野开阔，采光通透,,,小区生活设施齐，商场、菜市场、银行等，交通便捷；2、小区内有健身器材，小型篮球场，可供小区居民使用；3、小区内停车位充足，建有地上停车场和地下车库；4、小区内24小时保安巡逻。5.户型周正，格局分布合理，空间感好，通透性佳,"税费分析 1、契税：首套房，90平米以下成交价的1％，90平米以上成交价的1.5％, 二套房90平以上成交价的2%,2、增值税：产证满2年免收增值税，未满2年征收5.6％； 3、个税：产证满五年而且是一套住房，免收个税，未满5年成交价的1%",,,,,
36,急售万象府二房户型好价格可谈诚心出售,125万,14045,经开区横山桥镇,万象府,2室2厅1厨1卫,中楼层 (共18层),89㎡,暂无数据,暂无数据,暂无数据,南,未知结构,毛坯,暂无数据,暂无数据,暂无数据,2023-05-27,商品房,2021-02-01,普通住宅,暂无数据,共有,有抵押,已上传房本照片,毛坯房2房 满五 全天采光 地铁口 随时看房,,,,,税费解析：此房满二，故个税是1%。契税：首套房90平米以下是成交价的1％，90平米以上是成交价的1.5％； 二套房90平米以下是成交价的1％，90平米以上是成交价的2％；三套房是成交价的3％.,综合市场，大卖场，医院，银行交通银行，中国工商银行，中国工商银行，邮政储蓄.爱琴海购物广场，吾悦广场,,现在产权清晰。房东现在诚心出售此 房东对付款无要求，按照正常首付就可以了。,,
37,小区生活设施齐，商场、菜市场、银行等，交通便捷,140万,15731,经开区横山桥镇,万象府,2室2厅1厨1卫,高楼层 (共18层),89㎡,暂无数据,暂无数据,暂无数据,南 北,未知结构,毛坯,暂无数据,暂无数据,暂无数据,2022-10-18,商品房,2021-04-15,普通住宅,暂无数据,共有,有抵押,已上传房本照片,小区生活设施齐，商场、菜市场、银行等，交通便捷,户型周正，格局分布合理，空间感好，通透性强，居住舒适 2.楼层佳，南北朝向，视野开阔，采光通透,,,小区生活设施齐，商场、菜市场、银行等，交通便捷；2、小区内有健身器材，小型篮球场，可供小区居民使用；3、小区内停车位充足，建有地上停车场和地下车库；4、小区内24小时保安巡逻。5.户型周正，格局分布合理，空间感好，通透性佳,"税费分析 1、契税：首套房，90平米以下成交价的1％，90平米以上成交价的1.5％, 二套房90平以上成交价的2%,2、增值税：产证满2年免收增值税，未满2年征收5.6％； 3、个税：产证满五年而且是一套住房，免收个税，未满5年成交价的1%",,,,,
38,牡丹招商公园学府好楼层三房两卫户型，诚意出售,230万,19828,经开区潞城,牡丹招商·公园学府,3室2厅1厨2卫,高楼层 (共27层),116㎡,暂无数据,暂无数据,暂无数据,南,未知结构,毛坯,暂无数据,暂无数据,暂无数据,2023-05-15,商品房,暂无数据,普通住宅,暂无数据,共有,有抵押 100万元,未上传房本照片,此房楼层高无遮挡。 地段优越，交通便捷，配套齐全。,,"售房原因：该房源空置，房东资产整合。
房屋现状：房屋空置，可随时看房；房东可随时签约。",,,"1、契税：首套房，90平米以下成交价的1％，90平米以上成交价的1.5％, 二套房90平以上成交价的2%。
2、增值税：产证满2年免收增值税，未满2年征收5.3％。
3、个税：产证满五年而且是唯一套住房，免收个税，未满5年成交价的1%。",,,"贷款抵押：有100万贷款抵押。
房屋不满二，关于税的问题看中可以谈。",,
39,房东价格可谈 诚心急售 看房有钥匙,128万,11852,经开区横山桥镇,万象府,3室2厅1厨2卫,低楼层 (共20层),108㎡,暂无数据,暂无数据,暂无数据,南,未知结构,毛坯,暂无数据,暂无数据,暂无数据,2023-07-06,商品房,暂无数据,普通住宅,暂无数据,共有,有抵押 业主自还,未上传房本照片,此房通风性好  ，  前后双阳台   ，户型方正， 中间楼层采光好!,,,,小区人车分流，共计18栋高层，绿化高，环境优美，平时可以在小区里跑跑步，散散心！,"契税：首套房，90平米以下成交价的1％，90平米以上成交价的1.5％, 二套房，90平以下成交价的1%，90平以上成交价的2%,三套及以上，成交价的3%；2、个税：产证满五唯一，免收个税，不唯一交成交价的1%",,,此房产权清晰，房源真实，业主诚心出售，看房方便，过户全程陪同！,,
40,此房格局通透，户型方正，楼层佳，视野开阔，阳光好,170万,14167,经开区横山桥镇,万象府,4室2厅1厨2卫,中楼层 (共18层),120㎡,暂无数据,暂无数据,板塔结合,北 南,砖混结构,毛坯,两梯四户,有,暂无数据,2023-10-05,商品房,暂无数据,普通住宅,暂无数据,共有,有抵押,未上传房本照片,此房格局通透，户型方正，楼层佳，视野开阔，阳光好,1.户型周正，格局分布合理，空间感好，通透性强，居住舒适 2.楼层佳，南北朝向，视野开阔，采光通透 3.小区环境优美，绿化覆盖面积多，干净整洁，内有健身器材和小型娱乐设施。物业服务态度好,,,小区环境优美，绿化面积大，人车分流，车位充足人文素养高，乐于助人 相处和谐物业方便快捷，安保24小时巡逻，本小区设有门禁 闲杂人等不得入内,"1、契税：首套房，90平米以下成交价的1％，90平米以上成交价的1.5％, 二套房90平以上成交价的2%,2、增值税：产证满2年免收增值税，未满2年征收5.3％； 3、个税：产证满五年而且是唯 一套住房，免收个税，未满5年成交价的1%",,,,,
41,7区上东 三房 楼层好采光佳 诚心出售,167万,14522,经开区横山桥镇,7区上东,3室2厅1厨2卫,高楼层 (共34层),115㎡,暂无数据,暂无数据,暂无数据,南,未知结构,精装,暂无数据,暂无数据,暂无数据,2023-03-20,商品房,暂无数据,普通住宅,暂无数据,共有,无抵押,未上传房本照片,爱琴海奥特莱斯旁 三房 边户 通透 格局 有 2个卫生间,,业主现诚心出售，证件齐，欢迎看房，随时恭候，如看中房子，可以出价 有钥匙 随时看房,,,"首套房90平米以下成交价的1%,90平米以上成交价的1.5%,二套房90 平以下1%,以上2%,三套房不论大小均为3%;增值税分析:产证满2年免收增值 税,未满2年征收5.3%;个税:产证满五年而且是唯套住房,免收个税,未满5 年成交价的1%",,,此房产权清晰，房源真实，业主诚心出售，看房方便，过户全程陪同,,
42,7区上东 3室2厅 南,168万,16431,经开区横山桥镇,7区上东,3室2厅1厨1卫,中楼层 (共34层),102.25㎡,暂无数据,暂无数据,暂无数据,南,未知结构,精装,暂无数据,暂无数据,暂无数据,2022-07-25,商品房,暂无数据,普通住宅,暂无数据,共有,无抵押,未上传房本照片,,,,,,,,,,,
43,此房格局通透，户型方正，楼层佳，阳光足,159.9万,13239,经开区横山桥镇,万象府,4室2厅1厨2卫,低楼层 (共18层),120.78㎡,暂无数据,暂无数据,暂无数据,南 北,未知结构,毛坯,暂无数据,暂无数据,暂无数据,2022-10-10,商品房,暂无数据,普通住宅,暂无数据,非共有,有抵押,未上传房本照片,此房格局通透，户型方正，楼层佳，阳光足，视野开阔，居住舒适,1.户型周正，格局分布合理，空间感好，通透性强，居住舒适 2.楼层佳，南北朝向，视野开阔，采光通透 3.小区环境优美，绿化覆盖面积多，干净整洁，内有健身器材和小型娱乐设施。物业服务态度好,,,小区环境优美，绿化面积大，人车分流，车位充足人文素养高，乐于助人 相处和谐物业方便快捷，安保24小时巡逻，本小区设有门禁 闲杂人等不得入内,"1、契税：首套房，90平米以下成交价的1％，90平米以上成交价的1.5％, 二套房90平以上成交价的2%,2、增值税：产证满2年免收增值税，未满2年征收5.3％； 3、个税：产证满五年而且是唯 一套住房，免收个税，未满5年成交价的1%",,,此房产权清晰，房源真实，业主诚心出售，看房方便，过户全程陪同,,
44,万象府 小区中间位置 中间楼层采光好 户型方正格局好,168万,15701,经开区横山桥镇,万象府,3室2厅1厨2卫,中楼层 (共20层),107㎡,暂无数据,暂无数据,暂无数据,南,未知结构,精装,暂无数据,暂无数据,暂无数据,2023-08-30,商品房,暂无数据,普通住宅,暂无数据,非共有,无抵押,未上传房本照片,此房格局通透，户型方正，楼层佳，视野开阔，阳光好,1.户型周正，格局分布合理，空间感好，通透性强，居住舒适 2.楼层佳，南北朝向，视野开阔，采光通透 3.小区环境优美，绿化覆盖面积多，干净整洁，内有健身器材和小型娱乐设施。物业服务态度好,,,小区环境优美，绿化面积大，人车分流，车位充足人文素养高，乐于助人 相处和谐物业方便快捷，安保24小时巡逻，本小区设有门禁 闲杂人等不得入内,"1、契税：首套房，90平米以下成交价的1％，90平米以上成交价的1.5％, 二套房90平以上成交价的2%,2、增值税：产证满2年免收增值税，未满2年征收5.3％； 3、个税：产证满五年而且是唯 一套住房，免收个税，未满5年成交价的1%",,,,,
45,华润万象城房格局通透，户型方正，楼层佳，视野开阔,150万,14038,经开区横山桥镇,万象府,3室2厅1厨2卫,中楼层 (共20层),106.86㎡,暂无数据,暂无数据,板楼,南 北,混合结构,毛坯,四梯四户,有,暂无数据,2022-08-09,商品房,暂无数据,普通住宅,暂无数据,共有,有抵押 85万元,未上传房本照片,"卖点：
此房格局通透，户型方正，楼层佳，视野开阔，阳光..","户型介绍：
1.户型周正，格局分布合理，空间感好，通透性强，居住舒适 2.楼层佳，南北朝向，视野开阔，采光通透 3.小区环境优美，绿化覆盖面积多，干净整洁，内有健身器材和小型娱乐设施。物业服务态度好。",,,"小区介绍：
小区环境优美，绿化面积大，人车分流，车位充足人文素养高，乐于助人 相处和谐物业方便快捷，安保24小时巡逻，本小区设有门禁 闲杂人等不得入内","税费解析：
1、契税：首套房，90平米以下成交价的1％，90平米以上成交价的1.5％, 二套房90平以上成交价的2%,2、增值税：产证满2年免收增值税，未满2年征收5.3％； 3、个税：产证满五年而且是唯 一套住房，免收个税，未满5年成交价的1%",,,,,
46,小区生活设施齐，商场、菜市场、银行等，交通便捷,146万,13645,经开区横山桥镇,万象府,3室2厅1厨2卫,中楼层 (共20层),107㎡,暂无数据,暂无数据,板塔结合,南 北,混合结构,毛坯,两梯四户,有,暂无数据,2023-02-15,商品房,暂无数据,普通住宅,暂无数据,共有,有抵押 110万元 客户偿还,未上传房本照片,小区生活设施齐，商场、菜市场、银行等，交通便捷,户型介绍： 户型周正，格局分布合理，空间感好，通透性强，居住舒适 2.楼层佳，南北朝向，视野开阔，,,,小区介绍： 小区生活设施齐，商场、菜市场、银行等，交通便捷；2、小区内有健身器材，小型篮球场，可供小区居民使用；3、小区内停车位充足，建有地上停车场和地下车库；4、小区内24小时保安巡逻,"税费解析： 税费分析 1、契税：首套房，90平米以下成交价的1％，90平米以上成交价的1.5％, 二套房90平以上成交价的2%,2、增值税：产证满2年免收增值税，未满2年征收5.6％； 3、个税：产证满五年而且是一套住房，免收个税，未满5年成交价的1%",,,,,
47,7区上东 精装三房未入住 爱琴海地铁口 楼层佳诚心出售,119万,11639,经开区横山桥镇,7区上东,3室2厅1厨1卫,低楼层 (共34层),102.25㎡,暂无数据,暂无数据,暂无数据,南,未知结构,精装,暂无数据,暂无数据,暂无数据,2023-08-15,商品房,暂无数据,普通住宅,暂无数据,共有,无抵押,未上传房本照片,此房格局通透，户型方正，楼层佳， 视野开阔，阳光足,.户型周正，格局分布合理，空间感好，通透性强，居住舒适 2.楼层佳，南北朝向，视野开阔，采光通透 3.小区环境优美，绿化覆盖面积多，干净整洁，内有健身器材和小型娱乐设施。物业服务态度好。,,,小区环境优美，绿化面积大，人车分流，车位充足人文素养高，乐于助人 相处和谐物业方便快捷，安保24小时巡逻，本小区设有门禁 闲杂人等不得入内,"1、契税：首套房，90平米以下成交价的1％，90平米以上成交价的1.5％, 二套房90平以上成交价的2%,2、增值税：产证满2年免收增值税，未满2年征收5.3％； 3、个税：产证满五年而且是唯 一套住房，免收个税，未满5年成交价的1%",,,,,
48,华润万象府，地铁二号线，白金汉爵，爱琴海,150万,12421,经开区横山桥镇,万象府,4室2厅1厨2卫,中楼层 (共18层),120.77㎡,暂无数据,暂无数据,暂无数据,南 北,未知结构,毛坯,暂无数据,暂无数据,暂无数据,2023-02-19,商品房,暂无数据,普通住宅,暂无数据,共有,无抵押,未上传房本照片,卖点： 此房格局通透，户型方正，楼层佳，视野开阔，阳光好,户型介绍： 1.户型周正，格局分布合理，空间感好，通透性强，居住舒适 2.楼层佳，南北朝向，视野开阔，采光通透 3.小区环境优美，绿化覆盖面积多，干净整洁，内有健身器材和小型娱乐设施。物业服务态度好。,,,小区介绍： 小区环境优美，绿化面积大，人车分流，车位充足人文素养高，乐于助人 相处和谐物业方便快捷，安保24小时巡逻，本小区设有门禁 闲杂人等不得入内,"税费解析： 1、契税：首套房，90平米以下成交价的1％，90平米以上成交价的1.5％, 二套房90平以上成交价的2%,2、增值税：产证满2年免收增值税，未满2年征收5.3％； 3、个税：产证满五年而且是唯 一套住房，免收个税，未满5年成交价的1%",,,,,
49,此房格局通透，户型方正，楼层佳，视野开阔，阳光好,132万,12337,经开区横山桥镇,万象府,3室2厅1厨2卫,低楼层 (共20层),107㎡,暂无数据,暂无数据,暂无数据,南,未知结构,毛坯,暂无数据,暂无数据,暂无数据,2023-04-14,商品房,暂无数据,普通住宅,暂无数据,非共有,有抵押,未上传房本照片,此房格局通透，户型方正，楼层佳，视野开阔，阳光好,1.户型周正，格局分布合理，空间感好，通透性强，居住舒适 2.楼层佳，南北朝向，视野开阔，采光通透 3.小区环境优美，绿化覆盖面积多，干净整洁，内有健身器材和小型娱乐设施。物业服务态度好。,,,小区环境优美，绿化面积大，人车分流，车位充足人文素养高，乐于助人 相处和谐物业方便快捷，安保24小时巡逻，本小区设有门禁 闲杂人等不得入内,"1、契税：首套房，90平米以下成交价的1％，90平米以上成交价的1.5％, 二套房90平以上成交价的2%,2、增值税：产证满2年免收增值税，未满2年征收5.3％； 3、个税：产证满五年而且是唯 一套住房，免收个税，未满5年成交价的1%",,,,,
50,急售万象府三房户型好房东诚心出售出售价格可谈,175万,16356,经开区横山桥镇,万象府,3室2厅1厨2卫,高楼层 (共20层),107㎡,暂无数据,暂无数据,暂无数据,南,未知结构,精装,暂无数据,暂无数据,暂无数据,2023-05-03,商品房,暂无数据,普通住宅,暂无数据,非共有,有抵押,未上传房本照片,此房户型好，户型位置好，房东诚心急卖,户型周正，格局分布合理，空间感好，通透性强，居住舒适； 2、楼层佳，朝向南北，视野开阔，采光透亮,,,,"契税：首套房，90平米以下成交价的1％，90平米以上成交价的1.5％, 二套房90平以上成交价的2%,2、增值税：产证满2年免收增值税，未满2年征收5.3％； 3、个税：产证满五年而且是唯 一套住房，免收个税，未满5年成交价的1%",好几家大型购物商场（永辉，好又多），综合菜场，药店，银行配套齐全，还有天宁吾悦购物广场，丁塘河湿地公园，爱琴海购物广场,,,,
51,阳光山城四室两厅 顶楼复式 有阁楼 有车库,174万,6960,经开区横山桥镇,阳光山城,4室2厅1厨3卫,高楼层 (共5层),250㎡,暂无数据,暂无数据,暂无数据,南,未知结构,精装,暂无数据,暂无数据,暂无数据,2022-10-20,商品房,暂无数据,普通住宅,暂无数据,共有,无抵押,未上传房本照片,此房诚心出，精装修，好楼层，视野开阔，采光好,,,,小区生活设施齐全、菜市场、银行、交通便捷2、小区内有健身器材，可供小区居民使用:3、小区内停车位充足，建有地上停车场和地下车库;4、小区内24小时保安巡逻。,房屋产权:房子为商品房。税费信息满两年省增值税。首套房90M以下1%、90M以上15二套房90M以下1%90M以上2%三套房不论面积统-3%,,环境优美小区安静优雅绿化较好带有休闲设施，可在小区花园游玩，十分有情调。2.交通便利:公交车方向众多，外部道路宽阔，交通十分便利。3生活便利:小区内有，合理分布便利，生活用品及买菜+分便利，生活轻松,,,
52,此房格局通透，户型方正，楼层佳，视野开阔，阳光好,133万,12548,经开区横山桥镇,万象府,3室2厅1厨1卫,低楼层 (共20层),106㎡,暂无数据,暂无数据,暂无数据,南,未知结构,毛坯,暂无数据,暂无数据,暂无数据,2023-10-20,商品房,暂无数据,普通住宅,暂无数据,非共有,无抵押,未上传房本照片,此房格局通透，户型方正，楼层佳，视野开阔，阳光好,1.户型周正，格局分布合理，空间感好，通透性强，居住舒适 2.楼层佳，南北朝向，视野开阔，采光通透 3.小区环境优美，绿化覆盖面积多，干净整洁，内有健身器材和小型娱乐设施。物业服务态度好,,,小区环境优美，绿化面积大，人车分流，车位充足人文素养高，乐于助人 相处和谐物业方便快捷，安保24小时巡逻，本小区设有门禁 闲杂人等不得入内,"1、契税：首套房，90平米以下成交价的1％，90平米以上成交价的1.5％, 二套房90平以上成交价的2%,2、增值税：产证满2年免收增值税，未满2年征收5.3％； 3、个税：产证满五年而且是唯 一套住房，免收个税，未满5年成交价的1%",,,,,
53,此房格局通透，户型方正，楼层佳，视野开阔，阳光好,122万,11402,经开区横山桥镇,万象府,3室2厅1厨2卫,低楼层 (共20层),107㎡,暂无数据,暂无数据,板塔结合,南,钢混结构,毛坯,两梯四户,有,暂无数据,2022-09-04,商品房,暂无数据,普通住宅,暂无数据,共有,无抵押,未上传房本照片,此房格局通透，户型方正，楼层佳，视野开阔，阳光好,1.户型周正，格局分布合理，空间感好，通透性强，居住舒适 2.楼层佳，南北朝向，视野开阔，采光通透 3.小区环境优美，绿化覆盖面积多，干净整洁，内有健身器材和小型娱乐设施。物业服务态度好。,,,小区环境优美，绿化面积大，人车分流，车位充足人文素养高，乐于助人 相处和谐物业方便快捷，安保24小时巡逻，本小区设有门禁 闲杂人等不得入内,"1、契税：首套房，90平米以下成交价的1％，90平米以上成交价的1.5％, 二套房90平以上成交价的2%,2、增值税：产证满2年免收增值税，未满2年征收5.3％； 3、个税：产证满五年而且是唯 一套住房，免收个税，未满5年成交价的1%",,,,,
54,7区上东  精装修婚房四室两卫 楼下地铁口 房东诚心售,143万,11533,经开区横山桥镇,7区上东,4室2厅1厨2卫,低楼层 (共34层),124㎡,暂无数据,暂无数据,暂无数据,南 北,未知结构,精装,暂无数据,暂无数据,暂无数据,2023-07-29,商品房,暂无数据,普通住宅,暂无数据,共有,有抵押 50万元 中国工商银行,未上传房本照片,爱琴海奥特莱斯旁 精装 四房 边户 通透 格局 有 2个卫生间,,业主现诚心出售，证件齐，欢迎看房，随时恭候，如看中房子，可以出价 有钥匙 随时看房,,,"首套房90平米以下成交价的1%,90平米以上成交价的1.5%,二套房90 平以下1%,以上2%,三套房不论大小均为3%;增值税分析:产证满2年免收增值 税,未满2年征收5.3%;个税:产证满五年而且是唯套住房,免收个税,未满5 年成交价的1%",,,此房产权清晰，房源真实，业主诚心出售，看房方便，过户全程陪同,,
55,万象府好房好楼层采光佳随时看房,125万,14045,经开区横山桥镇,万象府,3室2厅1厨1卫,中楼层 (共20层),89㎡,暂无数据,暂无数据,暂无数据,南,未知结构,毛坯,暂无数据,暂无数据,暂无数据,2022-12-31,商品房,暂无数据,普通住宅,暂无数据,共有,有抵押 80万元,未上传房本照片,此房毛坯三房 三开间朝南 位置好 采光佳 随时看房,户型周正，格局分布合理，空间感好，通透性强，居住舒适 2.楼层佳，南北朝向，视野开阔，采光通透,,,小区生活设施齐，商场、菜市场、银行等，交通便捷；2、小区内有健身器材，小型篮球场，可供小区居民使用；3、小区内停车位充足，建有地上停车场和地下车库；4、小区内24小时保安巡逻。5.户型周正，格局分布合理，空间感好，通透性佳,"1、契税：首套房，90平米以下成交价的1％，90平米以上成交价的1.5％, 二套房90平以上成交价的2%,2、增值税：产证满2年免收增值税，未满2年征收5.6％； 3、个税：产证满五年而且是一套住房，免收个税，未满5年成交价的1%",,,,,
56,万象府 次新小区地铁口 前排无遮挡 全天采光 诚心出售,118万,13584,经开区横山桥镇,万象府,3室2厅1厨1卫,低楼层 (共20层),86.87㎡,暂无数据,暂无数据,暂无数据,南,钢混结构,毛坯,暂无数据,暂无数据,暂无数据,2023-08-15,商品房,暂无数据,普通住宅,暂无数据,共有,有抵押 70万元 中国农业银行,未上传房本照片,此房格局通透，户型方正，楼层佳，视野开阔，阳光好,户型周正，格局分布合理，空间感好，通透性强，居住舒适 2.楼层佳，南北朝向，视野开阔，采光通透 3.小区环境优美，绿化覆盖面积多，干净整洁，内有健身器材和小型娱乐设施。物业服务态度好。,,,小区环境优美，绿化面积大，人车分流，车位充足人文素养高，乐于助人 相处和谐物业方便快捷，安保24小时巡逻，本小区设有门禁 闲杂人等不得入内,"契税：首套房，90平米以下成交价的1％，90平米以上成交价的1.5％, 二套房90平以上成交价的2%,2、增值税：产证满2年免收增值税，未满2年征收5.3％； 3、个税：产证满五年而且是唯 一套住房，免收个税，未满5年成交价的1%",,,,,
57,牡丹公园学府三房诚售，好楼层，随时看房。,179万,18464,经开区潞城,牡丹招商·公园学府,3室2厅1厨2卫,低楼层 (共27层),96.95㎡,暂无数据,暂无数据,暂无数据,南,未知结构,毛坯,暂无数据,暂无数据,暂无数据,2023-05-21,商品房,2023-02-16,普通住宅,未满两年,共有,有抵押 60万元 江南农村商业银行,已上传房本照片,"此房户型方正，利用率高。
地段优越，交通便捷，配套齐全。",,"售房原因：房东父母住在潞城，当时购置该项目。现不考虑居住，遂出售。
房屋现状：房屋空置，可随时看房。",,,"1、契税：首套房，90平米以下成交价的1％，90平米以上成交价的1.5％, 二套房90平以上成交价的2%。
2、增值税：产证满2年免收增值税，未满2年征收5.3％。
3、个税：产证满五年而且是唯一套住房，免收个税，未满5年成交价的1%。",,,"抵款抵押：江南农村银行有60万抵押。
房源不满二，房东承担个税，增值税买方承担。",,
58,万象府 三房 诚心售有钥匙随时看房,98万,11003,经开区横山桥镇,万象府,3室2厅1厨1卫,低楼层 (共18层),89.07㎡,暂无数据,暂无数据,板塔结合,南,砖混结构,毛坯,两梯四户,有,暂无数据,2023-03-12,商品房,暂无数据,普通住宅,暂无数据,共有,有抵押 90万元,未上传房本照片,此房格局通透，户型方正，楼层佳，视野开阔，阳光好,1.户型周正，格局分布合理，空间感好，通透性强，居住舒适 2.楼层佳，南北朝向，视野开阔，采光通透 3.小区环境优美，绿化覆盖面积多，干净整洁，内有健身器材和小型娱乐设施。物业服务态度好。,,,小区环境优美，绿化面积大，人车分流，车位充足人文素养高，乐于助人 相处和谐物业方便快捷，安保24小时巡逻，本小区设有门禁 闲杂人等不得入内,"1、契税：首套房，90平米以下成交价的1％，90平米以上成交价的1.5％, 二套房90平以上成交价的2%,2、增值税：产证满2年免收增值税，未满2年征收5.3％； 3、个税：产证满五年而且是唯 一套住房，免收个税，未满5年成交价的1%",,,,,
59,此房诚心出，好楼层，视野开阔，采光好,140万,6192,经开区横山桥镇,阳光山城,5室2厅1厨3卫,高楼层 (共5层),226.13㎡,暂无数据,暂无数据,暂无数据,北 南,未知结构,毛坯,暂无数据,暂无数据,暂无数据,2023-05-25,商品房,2016-09-09,普通住宅,暂无数据,非共有,无抵押,已上传房本照片,此房诚心出售；存毛坯，好楼层，视野开阔，采光好,,,,"：
环境优美小区安静优雅绿化较好带有休闲设施，可在小区花园游玩，十分有情调。2.交通便利:公交车方向众多，外部道路宽阔，交通十分便利。3生活便利:小区内有，合理分布便利，生活用品及买菜+分便利，生活轻松",房屋产权:房子为商品房。税费信息满两年省增值税。首套房90M以下1%、90M以上15二套房90M以下1%90M以上2%三套房不论面积统-3%,小区生活设施齐全、菜市场、银行、交通便捷2、小区内有健身器材，可供小区居民使用:3、小区内停车位充足，建有地上停车场和地下车库;4、小区内24小时保安巡逻,,,,
60,华润集团 经开区新上地铁好房 三朝南好楼层低总价,120万,13484,经开区横山桥镇,万象府,3室2厅1厨1卫,中楼层 (共20层),89㎡,暂无数据,暂无数据,板楼,南,混合结构,毛坯,两梯四户,有,暂无数据,2022-06-25,商品房,暂无数据,普通住宅,暂无数据,共有,有抵押,未上传房本照片,卖点： 此房精装，房东比较爱惜，装修保存比较完善，楼层好,"1.户型周正，格局分布合理，空间感好，通透性强，居住舒适
2.楼层佳，南北朝向，视野开阔，采光通透 
3.小区环境优美，绿化覆盖面积多，干净整洁，内有健身器材和小型娱乐设施。物业服务态度好",,,"1、小区生活设施齐，商场、菜市场、银行等，交通便捷；
2、小区内有健身器材，小型篮球场，可供小区居民使用；
3、小区内停车位充足，建有地上停车场和地下车库；
4、小区内24小时保安巡逻。5.户型周正，格局分布合理，空间感好，通透性佳",契税：A首套 90平以下1% B首套 90平以上1.5% C二套90平以下1% D二套90平以上2% E三套都是3%增值税：满两年免征 不满2年权.额征收5.6%个人所得税：不满5年征1%,,,,,
61,此房格局通透，户型方正，楼层佳，视野开阔，阳光好,129万,14495,经开区横山桥镇,万象府,3室2厅1厨1卫,中楼层 (共20层),89㎡,暂无数据,暂无数据,板楼,南,混合结构,毛坯,两梯四户,有,暂无数据,2023-07-03,商品房,暂无数据,普通住宅,暂无数据,非共有,无抵押,未上传房本照片,此房格局通透，户型方正，楼层佳，视野开阔，阳光好,1.户型周正，格局分布合理，空间感好，通透性强，居住舒适 2.楼层佳，南北朝向，视野开阔，采光通透 3.小区环境优美，绿化覆盖面积多，干净整洁，内有健身器材和小型娱乐设施。物业服务态度好,,,小区环境优美，绿化面积大，人车分流，车位充足人文素养高，乐于助人 相处和谐物业方便快捷，安保24小时巡逻，本小区设有门禁 闲杂人等不得入内,"1、契税：首套房，90平米以下成交价的1％，90平米以上成交价的1.5％, 二套房90平以上成交价的2%,2、增值税：产证满2年免收增值税，未满2年征收5.3％； 3、个税：产证满五年而且是唯 一套住房，免收个税，未满5年成交价的1%",,,,,
62,万象府 2室2厅 南 北,128万,14713,经开区横山桥镇,万象府,2室2厅1厨1卫,高楼层 (共20层),87㎡,暂无数据,暂无数据,暂无数据,南 北,未知结构,毛坯,暂无数据,暂无数据,暂无数据,2023-05-25,商品房,暂无数据,普通住宅,暂无数据,共有,有抵押 业主自还,未上传房本照片,,,,,,,,,,,
63,此房格局通透，户型方正，楼层佳，视野开阔，阳光好,136万,15254,经开区横山桥镇,万象府,3室2厅1厨1卫,中楼层 (共20层),89.16㎡,暂无数据,暂无数据,暂无数据,南,未知结构,精装,暂无数据,暂无数据,暂无数据,2023-03-15,商品房,暂无数据,普通住宅,暂无数据,共有,有抵押 85万元,未上传房本照片,此房格局通透，户型方正，楼层佳，视野开阔，阳光好,1.户型周正，格局分布合理，空间感好，通透性强，居住舒适 2.楼层佳，南北朝向，视野开阔，采光通透 3.小区环境优美，绿化覆盖面积多，干净整洁，内有健身器材和小型娱乐设施。物业服务态度好。,,,小区环境优美，绿化面积大，人车分流，车位充足人文素养高，乐于助人 相处和谐物业方便快捷，安保24小时巡逻，本小区设有门禁 闲杂人等不得入内,"1、契税：首套房，90平米以下成交价的1％，90平米以上成交价的1.5％, 二套房90平以上成交价的2%,2、增值税：产证满2年免收增值税，未满2年征收5.3％； 3、个税：产证满五年而且是唯 一套住房，免收个税，未满5年成交价的1%",,,,,
64,横麓雅居两室两厅全新毛坯 急售 价格好说,93万,11342,经开区横山桥镇,横麓雅居,2室2厅1厨1卫,高楼层 (共27层),82㎡,暂无数据,暂无数据,暂无数据,南,未知结构,毛坯,暂无数据,暂无数据,暂无数据,2022-11-06,商品房,暂无数据,普通住宅,暂无数据,共有,无抵押,未上传房本照片,此房诚心出，全新毛坯，好楼层，视野开阔，采光好,,,,环境优美小区安静优雅绿化较好带有休闲设施，可在小区花园游玩，十分有情调。2.交通便利:公交车方向众多，外部道路宽阔，交通十分便利。3生活便利:小区内有，合理分布便利，生活用品及买菜+分便利，生活轻松,房屋产权:房子为商品房。税费信息满两年省增值税。首套房90M以下1%、90M以上15二套房90M以下1%90M以上2%三套房不论面积统-3%,小区生活设施齐全、菜市场、银行、交通便捷2、小区内有健身器材，可供小区居民使用:3、小区内停车位充足，建有地上停车场和地下车库;4、小区内24小时保安巡逻。,,,,
65,毛坯三开间朝南 房东诚心出售 看房方便,118万,13259,经开区横山桥镇,万象府,3室2厅1厨1卫,中楼层 (共20层),89㎡,暂无数据,暂无数据,暂无数据,南 北,未知结构,毛坯,暂无数据,暂无数据,暂无数据,2022-06-05,商品房,暂无数据,普通住宅,暂无数据,共有,有抵押 80万元 江南 客户偿还,未上传房本照片,小区生活设施齐，商场、菜市场、银行等，交通便捷,户型周正，格局分布合理，空间感好，通透性强，居住舒适 2.楼层佳，南北朝向，视野开阔，采光通透,,,"小区内有健身器材，小型篮球场，可供小区居民使用；
小区内停车位充足，建有地上停车场和地下车库；
小区内24小时保安巡逻。","税费分析 1、契税：首套房，90平米以下成交价的1％，90平米以上成交价的1.5％, 二套房90平以上成交价的2%,2、增值税：产证满2年免收增值税，未满2年征收5.6％； 3、个税：产证满五年而且是一套住房，免收个税，未满5年成交价的1%",,,,,
66,此房格局通透，户型方正，楼层佳，视野开阔，阳光好,110万,12360,经开区横山桥镇,万象府,3室2厅1厨1卫,低楼层 (共18层),89㎡,暂无数据,暂无数据,暂无数据,南,未知结构,毛坯,暂无数据,暂无数据,暂无数据,2023-07-25,商品房,暂无数据,普通住宅,暂无数据,非共有,有抵押,未上传房本照片,此房格局通透，户型方正，楼层佳，视野开阔，阳光好,1.户型周正，格局分布合理，空间感好，通透性强，居住舒适 2.楼层佳，南北朝向，视野开阔，采光通透 3.小区环境优美，绿化覆盖面积多，干净整洁，内有健身器材和小型娱乐设施。物业服务态度好,,,小区环境优美，绿化面积大，人车分流，车位充足人文素养高，乐于助人 相处和谐物业方便快捷，安保24小时巡逻，本小区设有门禁 闲杂人等不得入内,"1、契税：首套房，90平米以下成交价的1％，90平米以上成交价的1.5％, 二套房90平以上成交价的2%,2、增值税：产证满2年免收增值税，未满2年征收5.3％； 3、个税：产证满五年而且是唯 一套住房，免收个税，未满5年成交价的1%",,,,,
67,此房户型好，户型位置好，房东诚心急卖,110万,12688,经开区横山桥镇,万象府,2室2厅1厨1卫,中楼层 (共20层),86.7㎡,暂无数据,暂无数据,暂无数据,南,未知结构,毛坯,暂无数据,暂无数据,暂无数据,2023-04-19,商品房,暂无数据,普通住宅,暂无数据,共有,有抵押 85万元,未上传房本照片,此房户型好，户型位置好，房东诚心急卖,户型周正，格局分布合理，空间感好，通透性强，居住舒适； 2、楼层佳，朝向南北，视野开阔，采光透亮,,,,"契税：首套房，90平米以下成交价的1％，90平米以上成交价的1.5％, 二套房90平以上成交价的2%,2、增值税：产证满2年免收增值税，未满2年征收5.3％； 3、个税：产证满五年而且是唯 一套住房，免收个税，未满5年成交价的1%",好几家大型购物商场（永辉，好又多），综合菜场，药店，银行配套齐全，还有天宁吾悦购物广场，丁塘河湿地公园，爱琴海购物广场,,,,
68,横山桥横麓雅居 两室两厅 急售 价格好说,83万,10158,经开区横山桥镇,横麓雅居,2室2厅1厨1卫,低楼层 (共27层),81.71㎡,暂无数据,暂无数据,暂无数据,南,未知结构,毛坯,暂无数据,暂无数据,暂无数据,2022-11-07,商品房,暂无数据,普通住宅,暂无数据,共有,无抵押,未上传房本照片,此房诚心出，全新毛坯，好楼层，视野开阔，采光好,,,,环境优美小区安静优雅绿化较好带有休闲设施，可在小区花园游玩，十分有情调。2.交通便利:公交车方向众多，外部道路宽阔，交通十分便利。3生活便利:小区内有，合理分布便利，生活用品及买菜+分便利，生活轻松,房屋产权:房子为商品房。税费信息满两年省增值税。首套房90M以下1%、90M以上15二套房90M以下1%90M以上2%三套房不论面积统-3%,小区生活设施齐全、菜市场、银行、交通便捷2、小区内有健身器材，可供小区居民使用:3、小区内停车位充足，建有地上停车场和地下车库;4、小区内24小时保安巡逻。,,,,
69,此房格局通透，户型方正，楼层佳，视野开阔，阳光好,108万,12273,经开区横山桥镇,万象府,3室1厅1厨1卫,中楼层 (共20层),88㎡,暂无数据,暂无数据,板塔结合,南,钢混结构,毛坯,两梯四户,有,暂无数据,2023-05-07,商品房,暂无数据,普通住宅,暂无数据,非共有,有抵押 70万元 工商,未上传房本照片,此房格局通透，户型方正，楼层佳，视野开阔，阳光好,1.户型周正，格局分布合理，空间感好，通透性强，居住舒适 2.楼层佳，南北朝向，视野开阔，采光通透 3.小区环境优美，绿化覆盖面积多，干净整洁，内有健身器材和小型娱乐设施。物业服务态度好,,,小区环境优美，绿化面积大，人车分流，车位充足人文素养高，乐于助人 相处和谐物业方便快捷，安保24小时巡逻，本小区设有门禁 闲杂人等不得入内,"1、契税：首套房，90平米以下成交价的1％，90平米以上成交价的1.5％, 二套房90平以上成交价的2%,2、增值税：产证满2年免收增值税，未满2年征收5.3％； 3、个税：产证满五年而且是唯 一套住房，免收个税，未满5年成交价的1%",,,,,
70,东方福郡 精装修 2室2厅 经典户型 采光好 楼层好,102万,11474,经开区横山桥镇,东方福郡,2室2厅1厨1卫,中楼层 (共11层),88.9㎡,暂无数据,暂无数据,塔楼,南,钢混结构,精装,暂无数据,暂无数据,暂无数据,2023-05-08,商品房,暂无数据,普通住宅,暂无数据,共有,无抵押,未上传房本照片,交通便利，小区设备齐全，房子产权清晰，能正常交易,,,,小区生活实施齐全，商场，菜市场，银行等。2：小区内有健身器材，小型篮球场，可供小区居民使用。3：小区停车位充足，建有地面临时停车位以及底下停车位。4：小区内24小时保安巡逻,"首套房，90平米以下成交价的1%,90平米以上成交价的1.5%，二套房90平以上成交价的2%,2、增值税：产证满2年免收增值税，未满2年征收5.6%;3、个税：产证满五年而且是一套住房，免收个税，未满5年成交价的1%",交通银行，中国工商银行，中国农业银行，邮政储蓄，绿地公园，大润发房主自荐（业主对房源的描述）,,,,
71,爱琴海奥特莱斯旁  三房 边户 通透 格局,125万,14466,经开区横山桥镇,7区上东,3室2厅1厨1卫,高楼层 (共34层),86.41㎡,暂无数据,暂无数据,暂无数据,南,未知结构,精装,暂无数据,暂无数据,暂无数据,2023-03-30,商品房,2019-01-01,普通住宅,暂无数据,共有,有抵押,已上传房本照片,爱琴海奥特莱斯旁  三房 边户 通透 格局,,业主现诚心出售，证件齐，欢迎看房，随时恭候，如看中房子，可以出价 有钥匙 随时看房,,,"首套房90平米以下成交价的1%,90平米以上成交价的1.5%,二套房90 平以下1%,以上2%,三套房不论大小均为3%;增值税分析:产证满2年免收增值 税,未满2年征收5.3%;个税:产证满五年而且是唯套住房,免收个税,未满5 年成交价的1%",,,此房产权清晰，房源真实，业主诚心出售，看房方便，过户全程陪同,,
72,横山桥领秀江南两室两厅 置换急售 价格好商量,120万,13652,经开区横山桥镇,领秀江南,2室2厅1厨1卫,高楼层 (共18层),87.9㎡,暂无数据,暂无数据,暂无数据,南,未知结构,精装,暂无数据,暂无数据,暂无数据,2022-11-09,商品房,暂无数据,普通住宅,暂无数据,共有,无抵押,未上传房本照片,此房诚心出，精装修，好楼层，视野开阔，采光好,,,,环境优美小区安静优雅绿化较好带有休闲设施，可在小区花园游玩，十分有情调。2.交通便利:公交车方向众多，外部道路宽阔，交通十分便利。3生活便利:小区内有，合理分布便利，生活用品及买菜+分便利，生活轻松,房屋产权:房子为商品房。税费信息满两年省增值税。首套房90M以下1%、90M以上15二套房90M以下1%90M以上2%三套房不论面积统-3%,小区生活设施齐全、菜市场、银行、交通便捷2、小区内有健身器材，可供小区居民使用:3、小区内停车位充足，建有地上停车场和地下车库;4、小区内24小时保安巡逻。,,,,
73,此房格局通透，户型方正，楼层佳，视野开阔，阳光好,156万,14580,经开区横山桥镇,万象府,3室2厅1厨2卫,中楼层 (共20层),107㎡,暂无数据,暂无数据,板塔结合,南,混合结构,毛坯,两梯四户,有,暂无数据,2024-02-13,商品房,暂无数据,普通住宅,暂无数据,非共有,有抵押,未上传房本照片,此房格局通透，户型方正，楼层佳，视野开阔，阳光好,1.户型周正，格局分布合理，空间感好，通透性强，居住舒适 2.楼层佳，南北朝向，视野开阔，采光通透 3.小区环境优美，绿化覆盖面积多，干净整洁，内有健身器材和小型娱乐设施。物业服务态度好,,,小区环境优美，绿化面积大，人车分流，车位充足人文素养高，乐于助人 相处和谐物业方便快捷，安保24小时巡逻，本小区设有门禁 闲杂人等不得入内,"1、契税：首套房，90平米以下成交价的1％，90平米以上成交价的1.5％, 二套房90平以上成交价的2%,2、增值税：产证满2年免收增值税，未满2年征收5.3％； 3、个税：产证满五年而且是唯 一套住房，免收个税，未满5年成交价的1%",,,,,
74,高楼层 爱情海 次新房 精装修 东方云湖旁 看房钥匙,164万,14738,经开区横山桥镇,7区上东,3室2厅1厨2卫,高楼层 (共34层),111.28㎡,暂无数据,暂无数据,暂无数据,南 北,未知结构,精装,暂无数据,暂无数据,暂无数据,2024-03-05,商品房,暂无数据,普通住宅,暂无数据,非共有,无抵押,未上传房本照片,小区环境优雅，配套成熟，交通便利，居住舒适。,,业主人非 常友好、热情，很有诚意出售。欢迎看房，随时恭候户型棒，成熟小区管理。,,,首套房契税是1.5%，二套是2%，三套及以上是3%，如不满两年增加5.3%的增值税。,生活设施齐 银行 菜场 商场 饮食近在咫尺 生活起居很方便。,,,,
75,东方福郡精装四室双卫经典户型朝南,180万,14061,经开区横山桥镇,东方福郡,4室2厅1厨2卫,低楼层 (共18层),128.02㎡,暂无数据,暂无数据,塔楼,南 北,钢混结构,精装,暂无数据,暂无数据,暂无数据,2024-01-27,商品房,2011-11-23,普通住宅,暂无数据,共有,无抵押,已上传房本照片,交通便利，小区设备齐全，房子产权清晰，能正常交易,,,,小区生活实施齐全，商场，菜市场，银行等。2：小区内有健身器材，小型篮球场，可供小区居民使用。3：小区停车位充足，建有地面临时停车位以及底下停车位。4：小区内24小时保安巡逻,"首套房，90平米以下成交价的1%,90平米以上成交价的1.5%，二套房90平以上成交价的2%,2、增值税：产证满2年免收增值税，未满2年征收5.6%;3、个税：产证满五年而且是一套住房，免收个税，未满5年成交价的1%",交通银行，中国工商银行，中国农业银行，邮政储蓄，绿地公园，大润发房主自荐（业主对房源的描述,,,,
76,长青名苑 4室2厅 南 北,119万,8323,天宁区横山桥镇,长青名苑,4室2厅1厨2卫,高楼层 (共6层),142.98㎡,暂无数据,暂无数据,板楼,南 北,砖混结构,精装,暂无数据,暂无数据,暂无数据,2024-03-08,商品房,暂无数据,普通住宅,暂无数据,非共有,无抵押,未上传房本照片,,,,,,,,,,,
77,7区上东 前排中间楼层采光好 视野开阔 精装修拎包入住,85万,10366,经开区横山桥镇,7区上东,2室1厅1厨1卫,中楼层 (共33层),82㎡,暂无数据,暂无数据,暂无数据,南 北,未知结构,精装,暂无数据,暂无数据,暂无数据,2024-03-08,商品房,暂无数据,普通住宅,暂无数据,非共有,有抵押,未上传房本照片,7区上东 前排中间楼层采光好 视野开阔 精装修拎包入住,户型周正，格局分布合理，空间感好，通透性强，居住舒适 2.楼层佳，南北朝向，视野开阔，采光通透 3.小区环境优美，绿化覆盖面积多，干净整洁，内有健身器材和小型娱乐设施。物业服务态度好。,,,小区环境优美，绿化面积大，人车分流，车位充足人文素养高，乐于助人 相处和谐物业方便快捷，安保24小时巡逻，本小区设有门禁 闲杂人等不得入内,"1、契税：首套房，90平米以下成交价的1％，90平米以上成交价的1.5％, 二套房90平以上成交价的2%,2、增值税：产证满2年免收增值税，未满2年征收5.3％； 3、个税：产证满五年而且是唯 一套住房，免收个税，未满5年成交价的1%",,,,,
78,新利贸业广场两居中间楼层精装自住房看房方便业主诚售,88万,11000,经开区横山桥镇,新利贸业广场,2室1厅1厨1卫,低楼层 (共18层),80㎡,暂无数据,暂无数据,暂无数据,南 北,未知结构,其他,暂无数据,暂无数据,暂无数据,2024-03-14,商品房,暂无数据,普通住宅,暂无数据,共有,有抵押 26万元 需带押过户,未上传房本照片,"房子满五年 精装电梯两房户型方正 
业主诚售看房方便",,,,,,相关配套：横山桥成熟地段 生活便利 明都 大喜来 街区等生活便利 交通有高速、高铁站等齐全,适宜人群：适合工作在横山桥、潞城等年轻人，总价不高 负担成本可控 让生活更美好轻松。,"贷款抵押：还有26万按揭贷款 无其他抵押  产权清晰
满五年 交易环节简单。",,
79,万象府毛坯三房 楼层好 业主诚心出售 看房方便,132万,12404,经开区横山桥镇,万象府,3室2厅1厨2卫,低楼层 (共20层),106.42㎡,平层,暂无数据,板楼,南,混合结构,毛坯,四梯四户,有,暂无数据,2024-03-11,商品房,暂无数据,普通住宅,暂无数据,共有,有抵押,未上传房本照片,万象府毛坯三房 楼层好 业主诚心出售 看房方便,1.户型周正，格局分布合理，空间感好，通透性强，居住舒适 2.楼层佳，南北朝向，视野开阔，采光通透 3.小区环境优美，绿化覆盖面积多，干净整洁，内有健身器材和小型娱乐设施。物业服务态度好。,,,小区环境优美，绿化面积大，人车分流，车位充足人文素养高，乐于助人 相处和谐物业方便快捷，安保24小时巡逻，本小区设有门禁 闲杂人等不得入内,"1、契税：首套房，90平米以下成交价的1％，90平米以上成交价的1.5％, 二套房90平以上成交价的2%,2、增值税：产证满2年免收增值税，未满2年征收5.3％； 3、个税：产证满五年而且是唯 一套住房，免收个税，未满5年成交价的1%",,,,,
80,诚意出售 楼层好 采光佳 地段好 房主诚心，,130万,10603,经开区横山桥镇,横麓雅居,3室2厅1厨2卫,中楼层 (共27层),122.61㎡,暂无数据,暂无数据,暂无数据,南 北,未知结构,精装,暂无数据,暂无数据,暂无数据,2024-03-02,商品房,2020-07-17,普通住宅,暂无数据,非共有,有抵押,已上传房本照片,诚意出售 楼层好 采光佳 地段好 房主诚心，,户型周正格局分布合理空间感好通透性强居住舒适2楼层佳视野开阔采光好,,,小区生活实施齐全商场菜市场银行等2小区内有健身器材可供小区居民使用3小区停车位充足建有地面临时停车位以及底下停车位4小区内24小时保安巡逻,"：
契税：A首套 90平以下1% B首套 90平以上1.5% C二套90平以下1% D二套90平以上2% E三套都是3% 增值税：满两年免征 不满2年权 额征收5.3% 个人所得税：不满5年或不唯一",,,,,
81,中间楼层 三开间朝南 户型方正 房东诚心出售 产权清晰,127万,14657,经开区横山桥镇,7区上东,3室1厅1厨1卫,高楼层 (共34层),86.65㎡,暂无数据,暂无数据,暂无数据,南 北,未知结构,精装,暂无数据,暂无数据,暂无数据,2024-03-05,商品房,暂无数据,普通住宅,暂无数据,非共有,无抵押,未上传房本照片,中间楼层 三开间朝南 户型方正 房东诚心出售 产权清晰,户型周正，格局分布合理，空间感好，通透性强，居住舒适 2.楼层佳，南北朝向，视野开阔，采光通透 3.小区环境优美，绿化覆盖面积多，干净整洁，内有健身器材和小型娱乐设施。物业服务态度好。,,,小区环境优美，绿化面积大，人车分流，车位充足人文素养高，乐于助人 相处和谐物业方便快捷，安保24小时巡逻，本小区设有门禁 闲杂人等不得入内,"1、契税：首套房，90平米以下成交价的1％，90平米以上成交价的1.5％, 二套房90平以上成交价的2%,2、增值税：产证满2年免收增值税，未满2年征收5.3％； 3、个税：产证满五年而且是唯 一套住房，免收个税，未满5年成交价的1%",,,,,
82,三房 户型好 南北通风 楼层好 采光足,95万,6419,经开区横山桥镇,美士隆商住楼北楼,3室2厅1厨2卫,中楼层 (共6层),148㎡,暂无数据,暂无数据,暂无数据,南,未知结构,简装,暂无数据,暂无数据,暂无数据,2024-03-02,商品房,暂无数据,普通住宅,暂无数据,共有,无抵押,未上传房本照片,"此房格局好,南北通风户型,全天采光,户型方正视野好","房格局好,南北通风户型,全天采光,户型方正视野好,干湿分离,明厨明卫",,,,"首套房90平米以下成交价的1%,90平米以上成交价的1.5%,二套房90 平以下1%,以上2%,三套房不论大小均为3%;增值税分析:产证满2年免收增值 税,未满2年征收5.3%;个税:产证满五年而且是唯套住房,免收个税,未满5 年成交价的1%。",,,"此房产权清晰,房源真实,业主诚心出售,看房方便,过户全程陪同",,
83,地铁口 精致小三房  业主诚心出售  带个车位,116万,12889,经开区横山桥镇,万象府,3室1厅1厨1卫,低楼层 (共20层),90㎡,平层,暂无数据,板塔结合,南 北,混合结构,简装,两梯四户,有,暂无数据,2024-02-27,商品房,暂无数据,普通住宅,暂无数据,共有,有抵押,未上传房本照片,此房通风性好 ， 前后双阳台 ，户型方正， 中间楼层采光好!,,,,小区人车分流，共计18栋高层，绿化高，环境优美，平时可以在小区里跑跑步，散散心！,"契税：首套房，90平米以下成交价的1％，90平米以上成交价的1.5％, 二套房，90平以下成交价的1%，90平以上成交价的2%,三套及以上，成交价的3%；2、个税：产证满五唯一，免收个税，不唯一交成交价的1%",,,此房产权清晰，房源真实，业主诚心出售，看房方便，过户全程陪同,,
84,此房格局通透，户型方正，楼层佳，视野开阔，阳光好,100万,11216,经开区横山桥镇,万象府,3室1厅1厨1卫,中楼层 (共20层),89.16㎡,暂无数据,暂无数据,暂无数据,南 北,未知结构,毛坯,暂无数据,暂无数据,暂无数据,2024-03-12,商品房,暂无数据,普通住宅,暂无数据,共有,有抵押 70,未上传房本照片,此房格局通透，户型方正，楼层佳，视野开阔，阳光好,户型周正，格局分布合理，空间感好，通透性强，居住舒适 2.楼层佳，南北朝向，视野开阔，采光通透 3.小区环境优美，绿化覆盖面积多，干净整洁，内有健身器材和小型娱乐设施。物业服务态度好,,,小区生活设施齐，商场、菜市场、银行等，交通便捷；2、小区内有健身器材，小型篮球场，可供小区居民使用；3、小区内停车位充足，建有地上停车场和地下车库；4、小区内24小时保安巡逻。5.户型周正，格局分布合理，空间感好，通透性佳,契税：A首套 90平以下1% B首套 90平以上1.5% C二套90平以下1% D二套90平以上2% E三套都是3%增值税：满两年免征 不满2年权.额征收5.6%个人所得税：不满5年征1%,,,,,
85,万象府毛坯四房 楼层好 业主诚心出售 看房方便,135万,11158,经开区横山桥镇,万象府,4室2厅1厨2卫,低楼层 (共20层),121㎡,平层,暂无数据,板楼,南,混合结构,毛坯,两梯四户,有,暂无数据,2024-03-20,商品房,暂无数据,普通住宅,暂无数据,共有,有抵押,未上传房本照片,万象府毛坯四房 楼层好 业主诚心出售 看房方便,1.户型周正，格局分布合理，空间感好，通透性强，居住舒适 2.楼层佳，南北朝向，视野开阔，采光通透 3.小区环境优美，绿化覆盖面积多，干净整洁，内有健身器材和小型娱乐设施。物业服务态度好。,,,小区环境优美，绿化面积大，人车分流，车位充足人文素养高，乐于助人 相处和谐物业方便快捷，安保24小时巡逻，本小区设有门禁 闲杂人等不得入内,"1、契税：首套房，90平米以下成交价的1％，90平米以上成交价的1.5％, 二套房90平以上成交价的2%,2、增值税：产证满2年免收增值税，未满2年征收5.3％； 3、个税：产证满五年而且是唯 一套住房，免收个税，未满5年成交价的1%",,,,,
