,标题,总价格,单价,地段,小区名,房屋户型,所在楼层,建筑面积,户型结构,套内面积,建筑类型,房屋朝向,建筑结构,装修情况,梯户比例,配备电梯,楼层高度,挂牌时间,交易权属,上次交易,房屋用途,房屋年限,产权所属,抵押信息,房本备件,核心卖点,小区介绍,周边配套,税费解析,户型介绍,售房详情,装修描述,交通出行,房源核验码
0,南湖家苑精装婚吡邻地铁高铁站旁刚需优选随时可看,89万,9283,武进区南夏墅街道,南湖家苑二期,2室2厅1厨1卫,低楼层 (共18层),95.88㎡,平层,暂无数据,塔楼,南,钢混结构,精装,暂无数据,暂无数据,暂无数据,2023-05-24,商品房,2014-12-08,普通住宅,满五年,非共有,有抵押 1万元 业主自还,已上传房本照片,此房户型方正，看房方便，随时可以看房.,1：户型方正，格局分布合理，空间感好，通透性强，居住舒适。 2：楼层佳，朝向南北，视野开阔，采光充沛。 3：小区环境优美，绿化覆盖面积高，干净整洁，内有建设器材和娱乐场所，物业态度较好,1：小区生活实施齐全，商场，菜市场，银行等。 2：小区内有健身器材，小型篮球场，可供小区居民使用。 3：小区停车位充足，建有地面临时停车位以及底下停车位。 4：小区内24小时保安巡逻。,契税：首套房成交价的1.5%，二套房成交价的2%，三套房成交价的3%。 增值税：满2年免征，不满2年成交额征收5.6%。 个税：不满5年征收1%,,,,,
1,高新区地铁口荣盛御府洋房毛坯三房采光充足房东诚售,136万,9981,武进区南夏墅街道,荣盛御府,3室2厅1厨2卫,高楼层 (共11层),136.26㎡,平层,136.26㎡,暂无数据,南,钢混结构,毛坯,暂无数据,暂无数据,暂无数据,2022-12-11,商品房,2021-07-09,普通住宅,暂无数据,共有,有抵押,已上传房本照片,交房两年的新小区 环境好，采光全天无遮挡，房东诚意出售,1.小区生活设施齐，商场、菜市场、银行等，交通便捷 2.小区内有健身器材，小型篮球场，可供小区居民使用 3.小区内停车位充足，建有地下停车场，人车分流。地上有会客停车位。 4.小区内24小时保安巡逻。,,税费解析: 契税：1.首套90平以下1%2.首套90平以上1.5%3.二套90平以下1%4.二套90平以上2%5.三套都是3%增值税：产权满两年免征 产权不满两年征收比例为5.3%个人所得税：产证满五唯一免征 其他统一1%,1.户型周正，格局分布合理，空间感好，通透性强，居住舒适2.楼层佳，南北朝向，视野开阔，采光通透3.小区环境优美，绿化覆盖面积多，干净整洁，内有健身器材和小型娱乐设施。物业服务态度好。,,,,
2,南夏墅地铁口荣盛御府 精装三室洋房新装修诚心急售,130万,12500,武进区南夏墅街道,荣盛御府,3室2厅1厨1卫,高楼层 (共8层),104㎡,平层,暂无数据,暂无数据,南,未知结构,精装,暂无数据,暂无数据,暂无数据,2024-01-30,商品房,暂无数据,普通住宅,暂无数据,共有,有抵押 55万元 公积金,未上传房本照片,户型方正全朝南明亮通透视野好 设施配套齐全,1：小区生活实施齐全，商场，菜市场，银行等。 2：小区内有健身器材，小型篮球场，可供小区居民使用。 3：小区停车位充足，建有地面临时停车位以及底下停车位。 4：小区内24小时保安巡逻。,,契税：首套房成交价的1.5%，二套房成交价的2%，三套房成交价的3%。 增值税：满2年免征，不满2年成交额征收5.6%。 个税：不满5年征收1%,1：户型方正，格局分布合理，空间感好，通透性强，居住舒适。 2：楼层佳，朝向南北，视野开阔，采光充沛。 3：小区环境优美，绿化覆盖面积高，干净整洁，内有建设器材和娱乐场所，物业态度较好,,,,
3,诚心出售南夏墅地铁口 荣盛御府洋房 楼层好 随时看房,138万,11382,武进区南夏墅街道,荣盛御府,3室2厅1厨2卫,高楼层 (共9层),121.25㎡,暂无数据,暂无数据,暂无数据,南 北,未知结构,毛坯,暂无数据,暂无数据,暂无数据,2023-07-10,商品房,2021-08-04,普通住宅,暂无数据,非共有,无抵押,已上传房本照片,户型方正 通风性佳 有钥匙 随时都可以看房,小区比较新，人车分流，24保安巡逻，配备管家式服务，小区环境较好小区旁配套齐全,,契税：A首套 90平以下1% B首套 90平以上1.5% C二套90平以下1% D二套90平以上2% E三套都是3% 增值税：满两年免征 不满2年权.额征收5.6% 个人所得税：不满5年征1%,户型动静分离，卧室独立分开 安静私密性更高。客厅卧室都有大窗户，采光面更高,,,,
4,诚心出售 南夏墅地铁口 荣盛御府毛坯三房两卫可看房,128万,10941,武进区南夏墅街道,荣盛御府,3室2厅1厨2卫,中楼层 (共16层),117㎡,暂无数据,暂无数据,暂无数据,南,未知结构,毛坯,暂无数据,暂无数据,暂无数据,2023-06-12,商品房,2021-04-22,普通住宅,暂无数据,非共有,无抵押,已上传房本照片,户型方正 通风性佳 有钥匙 随时都可以看房,小区比较新，人车分流，24保安巡逻，配备管家式服务，小区环境较好小区旁配套齐全,,契税：A首套 90平以下1% B首套 90平以上1.5% C二套90平以下1% D二套90平以上2% E三套都是3% 增值税：满两年免征 不满2年权.额征收5.6% 个人所得税：不满5年征1%,户型动静分离，卧室独立分开 安静私密性更高。客厅卧室都有大窗户，采光面更高,,,,
5,业主诚心出售 南夏墅大润发旁 中梁百悦城毛坯三房,92万,10575,武进区南夏墅街道,中梁百悦城,3室2厅1厨1卫,高楼层 (共17层),87㎡,暂无数据,暂无数据,暂无数据,南 北,未知结构,毛坯,暂无数据,暂无数据,暂无数据,2023-07-18,商品房,暂无数据,普通住宅,暂无数据,非共有,有抵押,未上传房本照片,户型方正 通风性佳 有钥匙 随时都可以看房,小区比较新，人车分流，24保安巡逻，配备管家式服务，小区环境较好小区旁配套齐全,,契税：A首套 90平以下1% B首套 90平以上1.5% C二套90平以下1% D二套90平以上2% E三套都是3% 增值税：满两年免征 不满2年权.额征收5.6% 个人所得税：不满5年征1%,户型动静分离，卧室独立分开 安静私密性更高。客厅卧室都有大窗户，采光面更高,,,,
6,买房带车位  中梁百悦城精装三房 采光好 随时看房,115万,13008,武进区南夏墅街道,中梁百悦城,3室2厅1厨1卫,低楼层 (共18层),88.41㎡,暂无数据,暂无数据,暂无数据,南 北,未知结构,精装,暂无数据,暂无数据,暂无数据,2023-03-06,商品房,2021-07-30,普通住宅,满两年,非共有,有抵押,已上传房本照片,"户型好,格局好,采光充足，交通便利","1:小区生活实施齐全，商场,菜市场,银行等。2:小区内有健身器材,小型篮球 场，可供小区居民使用。3 :小区停车位充足,建有地面临时停车位以及底下停车 位。4 :小区内24小时保安巡逻。",,"1契税:首套房成交价的1.5% ,二套房成交价的2% ,三套房成交价的3%。增值税:满2年免征,不满2年成交额征收5.6%。个税:不满5年征收1%","1:户型方正,格局分布合理,空间感好,通透性强,居住舒适。2:楼层佳,朝向南北,视野开阔，采光充沛。3:小区环境优美,绿化覆盖面积高,干净整洁,内有建设器材和娱乐场所,物业态度较好",,,,
7,南夏墅新城都荟 满二次新小区，有车位 房东诚心售,115万,11676,武进区南夏墅街道,新城都荟,3室2厅1厨1卫,低楼层 (共20层),98.5㎡,暂无数据,暂无数据,板楼,南,钢混结构,简装,暂无数据,暂无数据,暂无数据,2023-10-06,商品房,暂无数据,普通住宅,暂无数据,非共有,有抵押,未上传房本照片,房东诚心出售，户型方正，采光无遮挡，通透性好，好楼层,1、小区生活设施齐，商场、菜市场、银行等，交通便捷；2、小区内有健身器材，小型篮球场，可供小区居民使用；3、小区内停车位充足，建有地上停车场和地下车库；4、小区内24小时保安巡逻。,,契税首套房成交价的1.5%，二套房成交价的2%，三套房成交价的3%； 增值税：满2年免征，不满2年成交额征收5.3%； 个税：不满5年征收1%,户型周正，格局分布合理，空间感好，通透性强，居住舒适；2、楼层佳，朝向南北，视野开阔，采光透亮；,,,,
8,中梁百悦城  户型方正 三开间朝南 房东诚心出售,100万,11495,武进区南夏墅街道,中梁百悦城,3室2厅1厨1卫,高楼层 (共17层),87㎡,暂无数据,暂无数据,暂无数据,南 北,未知结构,毛坯,暂无数据,暂无数据,暂无数据,2024-01-22,商品房,暂无数据,普通住宅,暂无数据,共有,有抵押,未上传房本照片,空间感好，通透性强，居住舒适； 层佳，朝向南北，视野开.,1：小区生活实施齐全，商场，菜市场，银行等。 2：小区内有健身器材，小型篮球场，可供小区居民使用。 3：小区停车位充足，建有地面临时停车位以及底下停车位。 4：小区内24小时保安巡逻。,,契税：A首套 90平以下1% B首套 90平以上1.5% C二套90平以下1% D二套90平以上2% E三套都是3% 增值税：满两年免征 不满2年权.额征收5.3% 个人所得税：不满5年征1,1：户型方正，格局分布合理，空间感好，通透性强，居住舒适。 2：楼层佳，朝向南北，视野开阔，采光充沛。 3：小区环境优美，绿化覆盖面积高，干净整洁，内有建设器材和娱乐场所，物业态度较好,,,,
9,地铁一号线阳湖站南湖家苑 精装二室单价8000拎包即住,73万,8320,武进区南夏墅街道,南湖家苑二期,2室2厅1厨1卫,低楼层 (共18层),87.75㎡,暂无数据,暂无数据,塔楼,南,钢混结构,毛坯,暂无数据,暂无数据,暂无数据,2024-03-18,商品房,2019-03-19,普通住宅,暂无数据,非共有,无抵押,已上传房本照片,户型方正全朝南明亮通透视野好 设施配套齐全,1：小区生活实施齐全，商场，菜市场，银行等。 2：小区内有健身器材，小型篮球场，可供小区居民使用。 3：小区停车位充足，建有地面临时停车位以及底下停车位。 4：小区内24小时保安巡逻。,,契税：首套房成交价的1.5%，二套房成交价的2%，三套房成交价的3%。 增值税：满2年免征，不满2年成交额征收5.6%。 个税：不满5年征收1%,1：户型方正，格局分布合理，空间感好，通透性强，居住舒适。 2：楼层佳，朝向南北，视野开阔，采光充沛。 3：小区环境优美，绿化覆盖面积高，干净整洁，内有建设器材和娱乐场所，物业态度较好,,,,
10,好房力荐 南夏墅品质小区中梁百悦城毛坯四房 楼层好,155万,13332,武进区南夏墅街道,中梁百悦城,4室2厅1厨2卫,中楼层 (共17层),116.27㎡,平层,暂无数据,暂无数据,南 北,未知结构,毛坯,暂无数据,暂无数据,暂无数据,2023-08-21,商品房,2021-07-05,普通住宅,满两年,非共有,无抵押,已上传房本照片,户型方正 通风性佳 有钥匙 随时都可以看房,小区比较新，人车分流，24保安巡逻，配备管家式服务，小区环境较好小区旁配套齐全,,契税：A首套 90平以下1% B首套 90平以上1.5% C二套90平以下1% D二套90平以上2% E三套都是3% 增值税：满两年免征 不满2年权.额征收5.6% 个人所得税：不满5年征1%,户型动静分离，卧室独立分开 安静私密性更高。客厅卧室都有大窗户，采光面更高,,,,
11,房东诚心出售，户型方正，采光无遮挡，通透性好。,125万,12735,武进区南夏墅街道,新城都荟,3室2厅1厨1卫,高楼层 (共20层),98.16㎡,平层,98.16㎡,板楼,南,钢混结构,毛坯,一梯两户,有,暂无数据,2022-11-05,商品房,2020-07-31,普通住宅,满两年,非共有,有抵押 70万元 南京银行 客户偿还,已上传房本照片,房东诚心出售，户型方正，采光无遮挡，通透性好。,1、小区生活设施齐，商场、菜市场、银行等，交通便捷；2、小区内有健身器材，小型篮球场，可供小区居民使用；3、小区内停车位充足，建有地上停车场和地下车库；4、小区内24小时保安巡逻。,,契税首套房成交价的1.5%，二套房成交价的2%，三套房成交价的3%； 增值税：满2年免征，不满2年成交额征收5.3%； 个税：不满5年征收1%,户型周正，格局分布合理，空间感好，通透性强，居住舒适；2、楼层佳，朝向南北，视野开阔，采光透亮；3、小区环境优美，绿化面积覆盖高，干净整洁，内有健身器材和娱乐广场，物业服务态度好；4、小区地理位置优越，交通便捷，辐射广，设施齐全，生活便利,,,,
12,南夏墅地铁口旁 精装修3房2卫 中间楼层 户型方正,128万,14383,武进区南夏墅街道,三盛璞悦湾,3室2厅1厨2卫,高楼层 (共17层),89㎡,平层,暂无数据,板楼,南,未知结构,精装,暂无数据,暂无数据,暂无数据,2023-11-23,商品房,暂无数据,普通住宅,暂无数据,非共有,有抵押 70万元,未上传房本照片,南夏墅地铁口旁 精装修3房2卫 中间楼层 3开间朝南 双阳台,,,,,房东因工作调动，不在这边工作用不上住，诚心出售。契税已交，随时可以交易。,开发商精装修交付，全屋地板，厨房和卫生间都装修好了，添点软装就能入住啦,小区位于南夏墅地铁口旁，紧靠武进大道，出行方便。到南夏墅街道近，生活配套完善。,
13,地铁口旁 三盛璞悦湾 户型方正 钥匙在手 随时可看房,111万,11503,武进区南夏墅街道,三盛璞悦湾,3室2厅1厨2卫,低楼层 (共17层),96.5㎡,平层,暂无数据,板楼,南 北,未知结构,精装,暂无数据,暂无数据,暂无数据,2023-11-24,商品房,暂无数据,普通住宅,暂无数据,非共有,有抵押,未上传房本照片,地铁口旁 三盛璞悦湾 交通便利 生活设施完善 采光好,1.小区生活设施齐，商场、菜市场、银行等，交通便捷； 2、小区内有健身器材，小型篮球场，可供小区居民使用； 3、小区内停车位充足，建有地上停车场和地下车库； 4、小区内24小时保安巡逻,,契税:A首套90平以下1%B首套90平以上1.5%C二套90平以下1%D二套90平以上 2%E三套都是3%增值税:满两年免征不满2年权额征收5.3%个人所得税:不满5 年征1% 房主自荐(业主对房源的描述),户型周正，格局分布合理，空间感好，通透性强，居住舒适； 2、楼层佳，朝向南北，视野开阔，采光透亮,,,,
14,诚心出售 南夏墅地铁口 荣盛御府洋房精装四房 采光好,175万,13686,武进区南夏墅街道,荣盛御府,4室2厅1厨2卫,中楼层 (共11层),127.87㎡,平层,暂无数据,暂无数据,南 北,未知结构,精装,暂无数据,暂无数据,暂无数据,2023-08-03,商品房,2021-06-21,普通住宅,满两年,非共有,无抵押,已上传房本照片,户型方正 通风性佳 有钥匙 随时都可以看房,小区比较新，人车分流，24保安巡逻，配备管家式服务，小区环境较好小区旁配套齐全,,契税：A首套 90平以下1% B首套 90平以上1.5% C二套90平以下1% D二套90平以上2% E三套都是3% 增值税：满两年免征 不满2年权.额征收5.6% 个人所得税：不满5年征1%,户型动静分离，卧室独立分开 安静私密性更高。客厅卧室都有大窗户，采光面更高,,,,
15,出售 中梁前黄壹号院3房 采光无遮挡 价格好谈,118万,12292,武进区南夏墅街道,中梁前黄壹号院,3室2厅1厨1卫,低楼层 (共18层),96㎡,平层,暂无数据,暂无数据,南 北,未知结构,简装,暂无数据,暂无数据,暂无数据,2023-07-31,商品房,2021-04-25,普通住宅,满两年,共有,有抵押,已上传房本照片,户型周正，格局合理空间感好，居住舒适。楼层佳,小区环境优美，绿化面积覆盖高，干净整洁，内有健身器材和娱乐广场，物业服务态度好,小区生活设施齐，商场菜市场、银行等，交通便捷； 2、小区内有健身器材，小型篮球场，可供小区居民使用； 3、小区内停车位充足，建有地上停车场和地下车库,契税：A首套 90平以下1% B首套 90平以上1.5% C二套90平以下1% D二套90平以上2% E三套都是3% 增值税：满两年免征 不满2年权 额征收5.3% 个人所得税：不满5年或不唯一征1%,,,,,
16,诚心出售 南夏墅地铁口精装洋房 采光好 户型好可看房,140万,14079,武进区南夏墅街道,荣盛御府,3室2厅1厨1卫,低楼层 (共11层),99.44㎡,平层,暂无数据,暂无数据,南 北,未知结构,精装,暂无数据,暂无数据,暂无数据,2023-11-11,商品房,2021-04-26,普通住宅,暂无数据,非共有,有抵押,已上传房本照片,小区人车分流，精装修边户 随时可签，看房方便，居住舒适,1.小区生活设施齐全，商场、菜市场、银行等，交通便捷 2.小区内有健身器材，小型篮球场，可供小区居民使用 3.小区内停车位充足，建有地下停车场，人车分流。地上有会客停车位。 4.小区内24小时保安巡逻。,,1.首套90平以下1% 2.首套90平以上1.5% 3.二套90平以下1% 4.二套90平以上2% 5.三套都是3% 增值税：产权满两年免征 产权不满两年征收比例为5.3% 个人所得税：产证满五唯一免征 其他统一1%,1.户型方正，整体布局合理。空间感好。2.居住舒适。楼层佳。朝向南北。视野开阔。采光透亮。3.小区环境优美。绿化面积高。干净整洁。4.内有健身器材和娱乐广场。5.物业服务态度好,,,,
17,新城都荟诚心出售，户型正采光无遮挡，透性好，好楼层,128万,13062,武进区南夏墅街道,新城都荟,3室2厅1厨1卫,低楼层 (共20层),98㎡,平层,暂无数据,板楼,北 南,钢混结构,精装,暂无数据,暂无数据,暂无数据,2023-07-03,商品房,2020-06-12,普通住宅,满两年,非共有,有抵押 54万元,已上传房本照片,房东诚心出售，户型方正，采光无遮挡，通透性好，好楼层,1、小区生活设施齐，商场、菜市场、银行等，交通便捷；2、小区内有健身器材，小型篮球场，可供小区居民使用；3、小区内停车位充足，建有地上停车场和地下车库；4、小区内24小时保安巡逻。,,契税首套房成交价的1.5%，二套房成交价的2%，三套房成交价的3%； 增值税：满2年免征，不满2年成交额征收5.3%； 个税：不满5年征收1%,户型周正，格局分布合理，空间感好，通透性强，居住舒适；2、楼层佳，朝向南北，视野开阔，采光透亮；3、小区环境优美，绿化面积覆盖高，干净整洁，内有健身器材和娱乐广场，物业服务态度好；4、小区地理位置优越，交通便捷，辐射广，设施齐全，生活便利,,,,
18,中梁商场旁新城都荟边户小区前排采光佳双阳台置换急售,145万,12216,武进区南夏墅街道,新城都荟,3室2厅1厨2卫,低楼层 (共19层),118.7㎡,平层,暂无数据,板楼,南 北,钢混结构,精装,暂无数据,暂无数据,暂无数据,2022-09-12,商品房,2020-05-11,普通住宅,暂无数据,共有,有抵押,已上传房本照片,房东诚心出售，户型方正，采光无遮挡，通透性好。,1、小区生活设施齐，商场、菜市场、银行等，交通便捷；2、小区内有健身器材，小型篮球场，可供小区居民使用；3、小区内停车位充足，建有地上停车场和地下车库；4、小区内24小时保安巡逻。,,契税首套房成交价的1.5%，二套房成交价的2%，三套房成交价的3%； 增值税：满2年免征，不满2年成交额征收5.3%； 个税：不满5年征收1%,户型周正，格局分布合理，空间感好，通透性强，居住舒适；2、楼层佳，朝向南北，视野开阔，采光透亮；3、小区环境优美，绿化面积覆盖高，干净整洁，内有健身器材和娱乐广场，物业服务态度好；4、小区地理位置优越，交通便捷，辐射广，设施齐全，生活便利,,,,
19,企业力荐 高新区品质小区新城都荟洋房三房两卫 可看房,156万,13066,武进区南夏墅街道,新城都荟,3室2厅1厨2卫,低楼层 (共11层),119.4㎡,平层,暂无数据,板楼,南 北,钢混结构,毛坯,暂无数据,暂无数据,暂无数据,2023-01-11,商品房,暂无数据,普通住宅,暂无数据,共有,无抵押,未上传房本照片,房屋格局好 布局合理，房东诚意出售,1、小区生活设施齐，商场 菜市场 银行等 交通便捷 2、小区内有健身器材 ，可供小区居民使用 3、小区车位充足 建有地上和地下停车场 4、小区内24小时保安巡逻,,契税：A首套 90平以下1% B首套 90平以上1.5% C二套90平以下1% D二套90平以上2% E三套都是3%增值税：满两年免征 不满2年权.额征收5.6%个人所得税：不满5年征1%,1、户型周正，格局分布合理，空间感好，通透性强，居住舒适 2、南北朝向，视野开阔，采光通透 3、小区环境优美，绿化覆盖面积多，干净整洁，内有健身器材和小型娱乐设施。物业服务态度好。,,,,
20,随时看房 新城都荟品质洋房 价格可谈 全天采光,140万,11765,武进区南夏墅街道,新城都荟,3室2厅1厨2卫,高楼层 (共11层),119㎡,平层,暂无数据,板楼,南,钢混结构,毛坯,暂无数据,暂无数据,暂无数据,2022-12-06,商品房,暂无数据,普通住宅,暂无数据,共有,有抵押 75万元 中国银行,未上传房本照片,房屋格局好 布局合理，房东诚意出售,1.小区生活设施齐，商场 菜市场 银行等 交通便捷 2小区内有健身器材 ，可供小区居民使用。3小区车位充足 建有地上和地下停车场 .4小区内24小时保安巡逻,,契税：A首套 90平以下1% B首套 90平以上1.5% C二套90平以下1% D二套90平以上2% E三套都是3%增值税：满两年免征 不满2年权.额征收5.6%个人所得税：不满5年征1%,1、户型周正，格局分布合理，空间感好，通透性强，居住舒适 2、南北朝向，视野开阔，采光通透 3、小区环境优美，绿化覆盖面积多，干净整洁，内有健身器材和小型娱乐设施。物业服务态度好。,,,,
21,南夏墅地铁口旁 上悦城花园 房东诚心出售 随时可看房,106.5万,11461,武进区南夏墅街道,上悦城,3室2厅1厨1卫,低楼层 (共20层),92.93㎡,平层,暂无数据,暂无数据,南 北,未知结构,毛坯,暂无数据,暂无数据,暂无数据,2023-08-14,商品房,暂无数据,普通住宅,暂无数据,非共有,无抵押,未上传房本照片,房屋格局好 布局合理，房东诚意出售,1、小区生活设施齐，商场 菜市场 银行等 交通便捷 2、小区内有健身器材 ，可供小区居民使用 3、小区车位充足 建有地上和地下停车场 4、小区内24小时保安巡逻,,契税：A首套 90平以下1% B首套 90平以上1.5% C二套90平以下1% D二套90平以上2% E三套都是3%增值税：满两年免征 不满2年权.额征收5.6%个人所得税：不满5年征1%,1、户型周正，格局分布合理，空间感好，通透性强，居住舒适 2、南北朝向，视野开阔，采光通透 3、小区环境优美，绿化覆盖面积多，干净整洁，内有健身器材和小型娱乐设施。物业服务态度好。,,,,
22,南夏墅 百悦城 户型方正 房东诚心出售,118万,11133,武进区南夏墅街道,中梁百悦城,3室2厅1厨2卫,低楼层 (共18层),106㎡,平层,暂无数据,暂无数据,南 北,未知结构,简装,暂无数据,暂无数据,暂无数据,2023-07-30,商品房,暂无数据,普通住宅,暂无数据,共有,有抵押 70 客户偿还,未上传房本照片,户型方正 通风性佳 有钥匙 随时都可以看房,小区比较新，人车分流，24保安巡逻，配备管家式服务，小区环境较好小区旁配套齐全,,契税：A首套 90平以下1% B首套 90平以上1.5% C二套90平以下1% D二套90平以上2% E三套都是3% 增值税：满两年免征 不满2年权.额征收5.6% 个人所得税：不满5年征1%,户型动静分离，卧室独立分开 安静私密性更高。客厅卧室都有大窗户，采光面更高,,,,
23,急售 南夏墅品质小区 上悦城毛坯三房 有钥匙可看房,98万,12123,武进区南夏墅街道,上悦城,3室2厅1厨1卫,低楼层 (共20层),80.84㎡,平层,暂无数据,暂无数据,南 北,未知结构,毛坯,暂无数据,暂无数据,暂无数据,2023-08-11,商品房,2023-07-21,普通住宅,未满两年,共有,有抵押,已上传房本照片,户型方正 通风性佳 有钥匙 随时都可以看房,小区比较新，人车分流，24保安巡逻，配备管家式服务，小区环境较好小区旁配套齐全,,契税：A首套 90平以下1% B首套 90平以上1.5% C二套90平以下1% D二套90平以上2% E三套都是3% 增值税：满两年免征 不满2年权.额征收5.6% 个人所得税：不满5年征1%,户型动静分离，卧室独立分开 安静私密性更高。客厅卧室都有大窗户，采光面更高,,,,
24,诚心出售 南夏墅百悦城毛坯四房两卫 可随时看房价可谈,130万,10712,武进区南夏墅街道,中梁百悦城,4室2厅1厨2卫,中楼层 (共18层),121.36㎡,平层,暂无数据,暂无数据,南 北,未知结构,毛坯,暂无数据,暂无数据,暂无数据,2023-06-28,商品房,暂无数据,普通住宅,暂无数据,共有,有抵押,未上传房本照片,户型方正 通风性佳 有钥匙 随时都可以看房,小区比较新，人车分流，24保安巡逻，配备管家式服务，小区环境较好小区旁配套齐全,,契税：A首套 90平以下1% B首套 90平以上1.5% C二套90平以下1% D二套90平以上2% E三套都是3% 增值税：满两年免征 不满2年权.额征收5.6% 个人所得税：不满5年征1%,户型动静分离，卧室独立分开 安静私密性更高。客厅卧室都有大窗户，采光面更高,,,,
25,诚心出售 品质小区 精装洋房 新城都荟4房2卫 户型好,198万,15349,武进区南夏墅街道,新城都荟,4室2厅1厨2卫,中楼层 (共11层),129㎡,平层,暂无数据,板楼,南 北,钢混结构,精装,暂无数据,暂无数据,暂无数据,2023-08-07,商品房,暂无数据,普通住宅,暂无数据,共有,有抵押 20万元 公积金,未上传房本照片,房东诚心出售，户型方正，采光无遮挡，通透性好，好楼层,1、小区生活设施齐，商场、菜市场、银行等，交通便捷；2、小区内有健身器材，小型篮球场，可供小区居民使用；3、小区内停车位充足，建有地上停车场和地下车库；4、小区内24小时保安巡逻。,,契税首套房成交价的1.5%，二套房成交价的2%，三套房成交价的3%； 增值税：满2年免征，不满2年成交额征收5.3%； 个税：不满5年征收1%,户型周正，格局分布合理，空间感好，通透性强，居住舒适；2、楼层佳，朝向南北，视野开阔，采光透亮,,,,
26,出售 中梁前黄壹号院精装3房2卫 采光无遮挡 户型方正,152万,12667,武进区南夏墅街道,中梁前黄壹号院,4室2厅1厨2卫,低楼层 (共10层),120㎡,平层,暂无数据,暂无数据,南 北,未知结构,精装,暂无数据,暂无数据,暂无数据,2023-07-31,商品房,暂无数据,普通住宅,暂无数据,共有,有抵押,未上传房本照片,户型周正，格局合理空间感好，居住舒适。楼层佳,小区环境优美，绿化面积覆盖高，干净整洁，内有健身器材和娱乐广场，物业服务态度好,小区生活设施齐，商场菜市场、银行等，交通便捷； 2、小区内有健身器材，小型篮球场，可供小区居民使用； 3、小区内停车位充足，建有地上停车场和地下车库；,契税：A首套 90平以下1% B首套 90平以上1.5% C二套90平以下1% D二套90平以上2% E三套都是3% 增值税：满两年免征 不满2年权 额征收5.3% 个人所得税：不满5年或不唯一征1%,,,,,
27,诚心出售 新城都荟精装3房 户型好 双阳台 品质小区,160万,13560,武进区南夏墅街道,新城都荟,3室2厅1厨2卫,低楼层 (共20层),118㎡,平层,暂无数据,板楼,南 北,钢混结构,精装,一梯两户,有,暂无数据,2023-08-04,商品房,暂无数据,普通住宅,暂无数据,共有,有抵押 50万元,未上传房本照片,房东诚心出售，户型方正，采光无遮挡，通透性好，好楼层,1、小区生活设施齐，商场、菜市场、银行等，交通便捷；2、小区内有健身器材，小型篮球场，可供小区居民使用；3、小区内停车位充足，建有地上停车场和地下车库；4、小区内24小时保安巡逻。,,契税首套房成交价的1.5%，二套房成交价的2%，三套房成交价的3%； 增值税：满2年免征，不满2年成交额征收5.3%； 个税：不满5年征收1%,户型周正，格局分布合理，空间感好，通透性强，居住舒适；2、楼层佳，朝向南北，视野开阔，采光透亮；,,,,
28,出售 中梁前黄壹号院毛坯4房2卫 户型好 进出户方便,157万,10980,武进区南夏墅街道,中梁前黄壹号院,4室2厅1厨2卫,低楼层 (共18层),143㎡,平层,暂无数据,暂无数据,南 北,未知结构,毛坯,暂无数据,暂无数据,暂无数据,2023-07-30,商品房,暂无数据,普通住宅,暂无数据,非共有,无抵押,未上传房本照片,房东诚心出售，户型方正，通透性好，采光无遮挡,小区环境优雅.小区配套齐全.小区人车分流.小区内部有游乐场.适合老人带小孩玩，自带配套,,1，首套 90平以下1% 。2，首套 90平以上1.5% 。3，二套90平以下1% 。4，二套90平以上2% 。5，三套都是3% 增值税：满两年免征 不满2年权.额征收5.6% 个人所得税：不满5年征1%,户型周正，格局分布合理，空间感好，通透性强，居住舒适 朝向南北，视野开阔，采光透亮,,,,
29,中梁百悦城 房东诚心出售飞机户 型双阳台 随时可看房,190万,15656,武进区南夏墅街道,中梁百悦城,4室2厅1厨2卫,低楼层 (共18层),121.36㎡,平层,暂无数据,暂无数据,南 北,未知结构,精装,暂无数据,暂无数据,暂无数据,2023-08-05,商品房,2020-01-01,普通住宅,暂无数据,共有,有抵押,已上传房本照片,户型周正，格局合理空间感好，居住舒适。楼层佳,1.小区生活设施齐，商场、菜市场、银行等，交通便捷； 2、小区内有健身器材，小型篮球场，可供小区居民使用； 3、小区内停车位充足，建有地上停车场和地下车库； 4、小区内24小时保安巡逻,,契税：A首套 90平以下1% B首套 90平以上1.5% C二套90平以下1% D二套90平以上2% E三套都是3% 增值税：满两年免征 不满2年权 额征收5.3% 个人所得税：不满5年或不唯一征1%,户型周正，格局分布合理，空间感好，通透性强，居住舒适； 2、楼层佳，朝向南北，视野开阔，采光透亮,,,,
30,荣盛御府洋房 三开间朝南  飞机户型采光好  配套齐全,195万,15477,武进区南夏墅街道,荣盛御府,4室2厅1厨2卫,中楼层 (共11层),126㎡,平层,暂无数据,暂无数据,南 北,未知结构,精装,暂无数据,暂无数据,暂无数据,2023-08-05,商品房,暂无数据,普通住宅,暂无数据,共有,有抵押 60万元,未上传房本照片,"：
房东诚心出售，精装，户型方正，通透性好，采光无遮挡",小区环境优雅.小区配套齐全.小区人车分流.小区内部有游乐场.适合老人带小孩玩，自带配套,,契税：A首套 90平以下1% B首套 90平以上1.5% C二套90平以下1% D二套90平以上2% E三套都是3% 增值税：满两年免征 不满2年权.额征收5.3% 个人所得税：不满5年征1%,户型周正，格局分布合理，空间感好，通透性强，居住舒适； 2、楼层佳，朝向南北，视野开阔，采光透亮,,,,
31,诚心出售 中梁前黄壹号院精装3房2卫 楼层好 采光无忧,168万,14359,武进区南夏墅街道,中梁前黄壹号院,3室2厅1厨2卫,高楼层 (共18层),117㎡,平层,暂无数据,暂无数据,南 北,未知结构,精装,暂无数据,暂无数据,暂无数据,2023-07-30,商品房,暂无数据,普通住宅,暂无数据,非共有,无抵押,未上传房本照片,满二 楼层好 采光无忧无遮挡 房东诚心出售价格..,小区环境优雅.小区配套齐全.小区人车分流.小区内部有游乐场.适合老人带小孩玩，自带配套,,契税：A首套 90平以下1% B首套 90平以上1.5% C二套90平以下1% D二套90平以上2% E三套都是3% 增值税：满两年免征 不满2年权.额征收5.3% 个人所得税：不满5年征1%,、户型周正，格局分布合理，空间感好，通透性强，居住舒适；2、楼层佳，朝向南北，视野开阔，采光透亮；,,,,
32,诚意出售 中梁前黄壹号院精装3房 采光无遮挡 位置好,140万,14584,武进区南夏墅街道,中梁前黄壹号院,3室2厅1厨1卫,低楼层 (共18层),96㎡,平层,暂无数据,暂无数据,南 北,未知结构,精装,暂无数据,暂无数据,暂无数据,2023-07-30,商品房,暂无数据,普通住宅,暂无数据,共有,有抵押,未上传房本照片,精装修 南北向 自住保养新 楼层好 采光佳 地段好。,小区生活实施齐全，商场，菜市场，银行等。小区停车位充足，建有地面临时停车位以及底下停车位。小区内24小时保安巡逻,,契税：A首套 90平以下1% B首套 90平以上1.5% C二套90平以下1% D二套90平以上2% E三套都是3% 增值税：满两年免征 不满2年权 额征收5.3% 个人所得税：不满5年或不唯一征1%,,业主现在卖房改善换房，房子已经跟我看好，故诚心出售， 随时可以看房，业主随时可以签约，价格可商谈,,,
33,诚心出售 荣盛御府洋房3房 户型方正 采光无忧 位置好,160万,13299,武进区南夏墅街道,荣盛御府,3室2厅1厨2卫,中楼层 (共11层),120.31㎡,平层,暂无数据,暂无数据,南 北,未知结构,简装,暂无数据,暂无数据,暂无数据,2023-08-31,商品房,2022-11-21,普通住宅,未满两年,共有,有抵押 80万元,已上传房本照片,此房户型方正 三房朝南加客厅朝南 中高楼层采光好 配套齐全,小区生活设施齐商场菜市场银行等交通便捷2小区内有健身器材小型篮球场可供小区居民使用3小区内停车位充足建有地下停车场人车分流 地上24小时保安巡逻,,1.首套90平以下1% 2.首套90平以上1.5% 3.二套90平以下1% 4.二套90平以上2% 5.三套都是3% 增值税：产权满两年免征 产权不满两年征收比例为5.3% 个人所得税：产证满五唯一免征 其他统一1%,1.户型周正，格局分布合理，空间感好，通透性强，居住舒适 2.楼层佳，南北朝向，视野开阔，采光通透 3.小区环境优美，绿化覆盖面积多，干净整洁，内有健身器材和小型娱乐设施。物业服务态度好,,,,
34,地铁口 三盛璞悦湾精装3房2卫 楼层好 采光无忧,110万,12360,武进区南夏墅街道,三盛璞悦湾,3室2厅1厨2卫,中楼层 (共17层),89㎡,平层,暂无数据,板楼,南 北,未知结构,毛坯,暂无数据,暂无数据,暂无数据,2023-11-26,商品房,暂无数据,普通住宅,暂无数据,非共有,无抵押,未上传房本照片,此房户型方正 三房朝南加客厅朝南 中高楼层采光好 配套齐全,小区生活设施齐商场菜市场银行等交通便捷2小区内有健身器材小型篮球场可供小区居民使用3小区内停车位充足建有地下停车场人车分流 地上24小时保安巡逻,,1.首套90平以下1% 2.首套90平以上1.5% 3.二套90平以下1% 4.二套90平以上2% 5.三套都是3% 增值税：产权满两年免征 产权不满两年征收比例为5.3% 个人所得税：产证满五唯一免征 其他统一1%,1.户型周正，格局分布合理，空间感好，通透性强，居住舒适 2.楼层佳，南北朝向，视野开阔，采光通透 3.小区环境优美，绿化覆盖面积多，干净整洁，内有健身器材和小型娱乐设施。物业服务态度好,,,,
35,上悦城房屋格局好 布局合理，房东诚意出售,112万,13855,武进区南夏墅街道,上悦城,3室2厅1厨1卫,中楼层 (共20层),80.84㎡,平层,暂无数据,暂无数据,南 北,未知结构,毛坯,暂无数据,暂无数据,暂无数据,2023-07-20,商品房,2023-06-28,普通住宅,未满两年,非共有,无抵押,已上传房本照片,房屋格局好 布局合理，房东诚意出售,1、小区生活设施齐，商场 菜市场 银行等 交通便捷 2、小区内有健身器材 ，可供小区居民使用 3、小区车位充足 建有地上和地下停车场 4、小区内24小时保安巡逻,,契税：A首套 90平以下1% B首套 90平以上1.5% C二套90平以下1% D二套90平以上2% E三套都是3%增值税：满两年免征 不满2年权.额征收5.6%个人所得税：不满5年征1%,1、户型周正，格局分布合理，空间感好，通透性强，居住舒适 2、南北朝向，视野开阔，采光通透 3、小区环境优美，绿化覆盖面积多，干净整洁，内有健身器材和小型娱乐设施。物业服务态度好。,,,,
36,前黄壹号院 洋房户型方正 房东急售 随时可看房,138万,12000,武进区南夏墅街道,中梁前黄壹号院,4室2厅1厨2卫,高楼层 (共10层),115㎡,平层,暂无数据,暂无数据,南 北,未知结构,毛坯,暂无数据,暂无数据,暂无数据,2023-10-16,商品房,暂无数据,普通住宅,暂无数据,共有,无抵押,未上传房本照片,小区人车分流， 随时可签，看房方便，居住舒适,1.小区生活设施齐全，商场、菜市场、银行等，交通便捷 2.小区内有健身器材，小型篮球场，可供小区居民使用 3.小区内停车位充足，建有地下停车场，人车分流。地上有会客停车位。 4.小区内24小时保安巡逻。,,1.首套90平以下1% 2.首套90平以上1.5% 3.二套90平以下1% 4.二套90平以上2% 5.三套都是3% 增值税：产权满两年免征 产权不满两年征收比例为5.3% 个人所得税：产证满五唯一免征 其他统一1%,1.户型方正，整体布局合理。空间感好。2.居住舒适。楼层佳。朝向南北。视野开阔。采光透亮。3.小区环境优美。绿化面积高。干净整洁。4.内有健身器材和娱乐广场。5.物业服务态度好,,,,
37,企业力荐 南夏墅地铁口 嘉宏澜爵精装三房 可看房,150万,15120,武进区南夏墅街道,嘉宏蓝爵,3室2厅1厨2卫,低楼层 (共15层),99.21㎡,平层,暂无数据,暂无数据,南,未知结构,精装,暂无数据,暂无数据,暂无数据,2024-03-04,商品房,暂无数据,普通住宅,暂无数据,非共有,有抵押,未上传房本照片,小区人车分流，精装修边户 随时可签，看房方便，居住舒适。,1.小区生活设施齐全，商场、菜市场、银行等，交通便捷 2.小区内有健身器材，小型篮球场，可供小区居民使用 3.小区内停车位充足，建有地下停车场，人车分流。地上有会客停车位。 4.小区内24小时保安巡逻。,,1.首套90平以下1% 2.首套90平以上1.5% 3.二套90平以下1% 4.二套90平以上2% 5.三套都是3% 增值税：产权满两年免征 产权不满两年征收比例为5.3% 个人所得税：产证满五唯一免征 其他统一1%,1.户型方正，整体布局合理。空间感好。2.居住舒适。楼层佳。朝向南北。视野开阔。采光透亮。3.小区环境优美。绿化面积高。干净整洁。4.内有健身器材和娱乐广场。5.物业服务态度好。,,,,
38,南湖家苑户型方正全朝南明亮通透视野好 设施配套齐全,85万,9697,武进区南夏墅街道,南湖家苑二期,2室2厅1厨1卫,高楼层 (共18层),87.66㎡,平层,暂无数据,塔楼,南 北,钢混结构,精装,两梯三户,有,暂无数据,2024-02-14,商品房,2014-12-02,普通住宅,暂无数据,共有,有抵押,已上传房本照片,户型方正全朝南明亮通透视野好 设施配套齐全,1：小区生活实施齐全，商场，菜市场，银行等。 2：小区内有健身器材，小型篮球场，可供小区居民使用。 3：小区停车位充足，建有地面临时停车位以及底下停车位。 4：小区内24小时保安巡逻。,,契税：首套房成交价的1.5%，二套房成交价的2%，三套房成交价的3%。 增值税：满2年免征，不满2年成交额征收5.6%。 个税：不满5年征收1%,1：户型方正，格局分布合理，空间感好，通透性强，居住舒适。 2：楼层佳，朝向南北，视野开阔，采光充沛。 3：小区环境优美，绿化覆盖面积高，干净整洁，内有建设器材和娱乐场所，物业态度较好,,,,
39,南湖家苑二期3-2-1-2 120.42m² 120 万,120万,9966,武进区南夏墅街道,南湖家苑二期,3室2厅1厨2卫,中楼层 (共18层),120.42㎡,平层,暂无数据,塔楼,南,钢混结构,精装,暂无数据,暂无数据,暂无数据,2024-02-27,商品房,2014-07-29,普通住宅,暂无数据,共有,无抵押,已上传房本照片,楼层佳，南北朝向，视野开阔，采光通透 ，优质房源,小区内有健身器材，可供小区居民使用 小区内停车位充足，建有地下停车场，绿化到位。,,契税：1.首套90平以下1% 2.首套90平以上1.5% 3.二套90平以下1% 4.二套90平以上2% 5.三套都是3% 增值税：产权满两年免征 产权不满两年征收比例为5.3% 个人所得税：产证满五唯一免征 其他统一1%,户型周正，格局分布合理，空间感好，通透性强，居住舒适: 2、楼层佳，朝向南北，视野开阔,,,,
40,高新区南夏墅嘉宏蓝爵三房两卫采光充足房东诚售,160万,16162,武进区南夏墅街道,嘉宏蓝爵,3室2厅1厨2卫,中楼层 (共17层),99㎡,平层,暂无数据,暂无数据,南 北,未知结构,毛坯,暂无数据,暂无数据,暂无数据,2023-12-19,商品房,暂无数据,普通住宅,暂无数据,非共有,有抵押,未上传房本照片,采光佳，环境好，靠公园，楼层好，户型不错 随时可看,1、小区生活设施齐，商场、菜市场、银行等，交通便捷； 2、小区内有健身器材，小型篮球场，可供小区居民使用； 3、小区内停车位充足，建有地上停车场和地下车库； 4、小区内24小时保安巡逻,,契税：A首套 90平以下1% B首套 90平以上1.5% C二套90平以下1% D二套90平以上2% E三套都是3% 增值税：满两年免征 不满2年权.额征收5.3% 个人所得税：不满5年征1%,1、户型周正，格局分布合理，空间感好，通透性强，居住舒适； 2、楼层佳，朝向南北，视野开阔，采光透亮,,,,
41,企业力荐 南夏墅地铁口精装洋房 拎包入住 有车位可谈,125万,13848,武进区南夏墅街道,荣盛御府,3室2厅1厨1卫,高楼层 (共16层),90.27㎡,平层,暂无数据,暂无数据,南 北,钢混结构,精装,暂无数据,暂无数据,暂无数据,2023-12-30,商品房,2021-06-15,普通住宅,暂无数据,非共有,有抵押,已上传房本照片,小区人车分流，精装修边户 随时可签，看房方便，居住舒适,1.小区生活设施齐全，商场、菜市场、银行等，交通便捷 2.小区内有健身器材，小型篮球场，可供小区居民使用 3.小区内停车位充足，建有地下停车场，人车分流。地上有会客停车位。 4.小区内24小时保安巡逻。,,1.首套90平以下1% 2.首套90平以上1.5% 3.二套90平以下1% 4.二套90平以上2% 5.三套都是3% 增值税：产权满两年免征 产权不满两年征收比例为5.3% 个人所得税：产证满五唯一免征 其他统一1%,1.户型方正，整体布局合理。空间感好。2.居住舒适。楼层佳。朝向南北。视野开阔。采光透亮。3.小区环境优美。绿化面积高。干净整洁。4.内有健身器材和娱乐广场。5.物业服务态度好,,,,
42,诚心出售 新城都荟精装3房 双阳台 户型方正 采光无忧,150万,12644,武进区南夏墅街道,新城都荟,3室2厅1厨2卫,低楼层 (共20层),118.64㎡,平层,暂无数据,板楼,南 北,钢混结构,精装,暂无数据,暂无数据,暂无数据,2024-01-10,商品房,2020-06-22,普通住宅,暂无数据,非共有,有抵押 35万元,已上传房本照片,采光佳，环境好，靠公园，楼层好，户型不错 随时可看,1、小区生活设施齐，商场、菜市场、银行等，交通便捷； 2、小区内有健身器材，小型篮球场，可供小区居民使用； 3、小区内停车位充足，建有地上停车场和地下车库； 4、小区内24小时保安巡逻,,契税：A首套 90平以下1% B首套 90平以上1.5% C二套90平以下1% D二套90平以上2% E三套都是3% 增值税：满两年免征 不满2年权.额征收5.3% 个人所得税：不满5年征1%,1、户型周正，格局分布合理，空间感好，通透性强，居住舒适； 2、楼层佳，朝向南北，视野开阔，采光透亮,,,,
43,诚心出售 前黄壹号院3房简装 户型好 楼层好 采光无忧,103万,10472,武进区南夏墅街道,中梁前黄壹号院,3室2厅1厨1卫,高楼层 (共18层),98.36㎡,平层,暂无数据,暂无数据,南 北,未知结构,简装,暂无数据,暂无数据,暂无数据,2023-12-04,商品房,2021-04-26,普通住宅,暂无数据,非共有,有抵押 60万元,已上传房本照片,前黄壹号院三房 三朝南户型 双阳台 全天采光 视野开阔 交通便利,1.小区生活设施齐，商场、菜市场、银行等，交通便捷； 2、小区内有健身器材，小型篮球场，可供小区居民使用； 3、小区内停车位充足，建有地上停车场和地下车库； 4、小区内24小时保安巡逻,,1，首套 90平以下1% 。2，首套 90平以上1.5% 。3，二套90平以下1% 。4，二套90平以上2% 。5，三套都是3% 增值税：满两年免征 不满2年权.额征收5.6% 个人所得税：不满5年征1%,户型周正，格局分布合理，空间感好，通透性强，居住舒适；2、楼层佳，朝向南北，视野开阔，采光透亮；3、小区环境优美，绿化面积覆盖高，干净整洁，内有健身器材和娱乐广场，物业服务态度好；4、小区地理位置优越，交通便捷，辐射广，设施齐全,,,,
44,荣盛御府户型方正全朝南明亮通透视野好 设施配套齐全,134万,13476,武进区南夏墅街道,荣盛御府,3室2厅1厨1卫,中楼层 (共11层),99.44㎡,平层,暂无数据,暂无数据,南 北,未知结构,精装,暂无数据,暂无数据,暂无数据,2024-03-04,商品房,2021-05-24,普通住宅,暂无数据,共有,有抵押,已上传房本照片,户型方正全朝南明亮通透视野好 设施配套齐全,1：小区生活实施齐全，商场，菜市场，银行等。 2：小区内有健身器材，小型篮球场，可供小区居民使用。 3：小区停车位充足，建有地面临时停车位以及底下停车位。 4：小区内24小时保安巡逻。,,契税：首套房成交价的1.5%，二套房成交价的2%，三套房成交价的3%。 增值税：满2年免征，不满2年成交额征收5.6%。 个税：不满5年征收1%,1：户型方正，格局分布合理，空间感好，通透性强，居住舒适。 2：楼层佳，朝向南北，视野开阔，采光充沛。 3：小区环境优美，绿化覆盖面积高，干净整洁，内有建设器材和娱乐场所，物业态度较好,,,,
45,地铁1号线旁 三盛璞悦湾精装修4房 中间楼层 边户,180万,15335,武进区南夏墅街道,三盛璞悦湾,4室2厅1厨2卫,中楼层 (共13层),117.38㎡,平层,暂无数据,暂无数据,南,未知结构,精装,暂无数据,暂无数据,暂无数据,2024-02-21,商品房,2023-12-08,普通住宅,未满两年,非共有,有抵押,已上传房本照片,地铁1号线旁 三盛璞悦湾精装修4房 中间楼层 边户,小区生活实施齐全，商场，菜市场，银户型周正，格局分布合理，空间感好，通透性强，居住舒适: 2、楼层佳，朝向南北，视野开阔行等。2:小区内有健身器材，可供小区居民使用。3:小区停车位充足，建有地面临时停车位,,契税:A:首套 90平米以下1%B:首套90平米以上1.5%C;二套90平米以下1%D:二套90平米以上2%E:三套3%2.满2年免征，不满2年全额征收5.35%3.个人 :不满5年征1%满5年且房东名下唯一住房可免,户型周正，格局分布合理，空间感好，通透性强，居住舒适: 2、楼层佳，朝向南北，视野开阔,,,,
46,地铁口旁 三盛璞悦湾 交通便利 生活设施完善 采光好,130万,14675,武进区南夏墅街道,三盛璞悦湾,3室2厅1厨2卫,高楼层 (共12层),88.59㎡,平层,暂无数据,板楼,南 北,未知结构,精装,暂无数据,暂无数据,暂无数据,2024-02-12,商品房,2023-12-08,普通住宅,未满两年,共有,有抵押,已上传房本照片,地铁口旁 三盛璞悦湾 交通便利 生活设施完善 采光好,小区生活设施齐商场菜市场银行等交通便捷2小区内有健身器材小型篮球场可供小区居民使用3小区内停车位充足建有地下停车场人车分流 地上24小时保安巡逻,,1.首套90平以下1% 2.首套90平以上1.5% 3.二套90平以下1% 4.二套90平以上2% 5.三套都是3% 增值税：产权满两年免征 产权不满两年征收比例为5.3% 个人所得税：产证满五唯一免征 其他统一1%,1.户型周正，格局分布合理，空间感好，通透性强，居住舒适 2.楼层佳，南北朝向，视野开阔，采光通透 3.小区环境优美，绿化覆盖面积多，干净整洁，内有健身器材和小型娱乐设施。物业服务态度好,,,,
47,南夏墅地铁口旁 三盛璞悦湾  户型方正含车位随时可看,118万,13259,武进区南夏墅街道,三盛璞悦湾,3室2厅1厨2卫,中楼层 (共17层),89㎡,平层,暂无数据,板楼,南 北,未知结构,精装,暂无数据,暂无数据,暂无数据,2024-03-02,商品房,暂无数据,普通住宅,暂无数据,共有,有抵押,未上传房本照片,此房户型方正，看房方便，随时可以看房.,1：户型方正，格局分布合理，空间感好，通透性强，居住舒适。 2：楼层佳，朝向南北，视野开阔，采光充沛。 3：小区环境优美，绿化覆盖面积高，干净整洁，内有建设器材和娱乐场所，物业态度较好,1：小区生活实施齐全，商场，菜市场，银行等。 2：小区内有健身器材，小型篮球场，可供小区居民使用。 3：小区停车位充足，建有地面临时停车位以及底下停车位。 4：小区内24小时保安巡逻。,契税：首套房成交价的1.5%，二套房成交价的2%，三套房成交价的3%。 增值税：满2年免征，不满2年成交额征收5.6%。 个税：不满5年征收1%,,,,,
48,新城都荟 3室2厅 南 北,160万,13446,武进区南夏墅街道,新城都荟,3室2厅1厨2卫,高楼层 (共19层),119㎡,平层,暂无数据,板楼,南 北,钢混结构,精装,暂无数据,暂无数据,暂无数据,2024-03-11,商品房,2020-06-15,普通住宅,暂无数据,共有,有抵押 公积金贷款,已上传房本照片,,,,,,,,,122488189509
49,前黄壹号院 户型方正 三开间朝南 双阳台 随时可看发,115万,11860,武进区南夏墅街道,中梁前黄壹号院,3室2厅1厨1卫,高楼层 (共18层),96.97㎡,平层,暂无数据,暂无数据,南 北,未知结构,简装,暂无数据,暂无数据,暂无数据,2023-11-30,商品房,2021-04-21,普通住宅,暂无数据,非共有,有抵押,已上传房本照片,采光好 楼层佳 物业优 可看房,1.小区生活设施齐，商场、菜市场、银行等，交通便捷 2.小区内有健身器材，小型篮球场，可供小区居民使用 3.小区内停车位充足，建有地下停车场，人车分流。地上有会客停车位。 4.小区内24小时保安巡逻,,契税：1.首套90平以下1%2.首套90平以上1.5%3.二套90平以下1%4.二套90平以上2%5.三套都是3%增值税：产权满两年免征 产权不满两年征收比例为5.3%个人所得税：产证满五唯一免征 其他统一1%,1.户型周正，格局分布合理，空间感好，通透性强，居住舒适2.楼层佳，南北朝向，视野开阔，采光通透3.小区环境优美，绿化覆盖面积多，干净整洁，内有健身器材和小型娱乐设施。物业服务态度好。,,,,
50,急售 南夏墅品质小区 新城都荟 随时看房,154万,12904,武进区南夏墅街道,新城都荟,3室2厅1厨2卫,低楼层 (共11层),119.35㎡,暂无数据,暂无数据,板楼,南 北,钢混结构,毛坯,两梯两户,有,暂无数据,2023-05-10,商品房,2020-06-15,普通住宅,暂无数据,共有,有抵押 15万元,已上传房本照片,房东诚心出售，户型方正，采光无遮挡，通透性好，好楼层,1、小区生活设施齐，商场、菜市场、银行等，交通便捷；2、小区内有健身器材，小型篮球场，可供小区居民使用；3、小区内停车位充足，建有地上停车场和地下车库；4、小区内24小时保安巡逻。,,契税首套房成交价的1.5%，二套房成交价的2%，三套房成交价的3%； 增值税：满2年免征，不满2年成交额征收5.3%； 个税：不满5年征收1%,户型周正，格局分布合理，空间感好，通透性强，居住舒适；2、楼层佳，朝向南北，视野开阔，采光透亮；3、小区环境优美，绿化面积覆盖高，干净整洁，内有健身器材和娱乐广场，物业服务态度好；4、小区地理位置优越，交通便捷，辐射广，设施齐全，生活便利,,,,
51,荣盛御府洋房 房东诚心出售 户型方正 随时可看房,165万,13039,武进区南夏墅街道,荣盛御府,3室2厅1厨2卫,中楼层 (共11层),126.55㎡,暂无数据,暂无数据,暂无数据,南 北,未知结构,毛坯,暂无数据,暂无数据,暂无数据,2023-08-05,商品房,暂无数据,普通住宅,暂无数据,共有,有抵押,未上传房本照片,户型方正 通风性佳 有钥匙 随时都可以看房,小区比较新，人车分流，24保安巡逻，配备管家式服务，小区环境较好小区旁配套齐全,,契税：A首套 90平以下1% B首套 90平以上1.5% C二套90平以下1% D二套90平以上2% E三套都是3% 增值税：满两年免征 不满2年权.额征收5.6% 个人所得税：不满5年征1%,户型动静分离，卧室独立分开 安静私密性更高。客厅卧室都有大窗户，采光面更高,,,,
52,诚心出售 南夏墅地铁口荣盛御府毛坯洋房 有钥匙可看房,143万,12435,武进区南夏墅街道,荣盛御府,3室2厅1厨2卫,中楼层 (共11层),115㎡,暂无数据,暂无数据,暂无数据,南 北,未知结构,毛坯,暂无数据,暂无数据,暂无数据,2023-07-13,商品房,2021-06-27,普通住宅,暂无数据,非共有,有抵押,已上传房本照片,户型方正 通风性佳 有钥匙 随时都可以看房,小区比较新，人车分流，24保安巡逻，配备管家式服务，小区环境较好小区旁配套齐全,,契税：A首套 90平以下1% B首套 90平以上1.5% C二套90平以下1% D二套90平以上2% E三套都是3% 增值税：满两年免征 不满2年权.额征收5.6% 个人所得税：不满5年征1%,户型动静分离，卧室独立分开 安静私密性更高。客厅卧室都有大窗户，采光面更高,,,,
53,企业力荐 南夏墅地铁口 荣盛御府毛坯洋房 楼层好,152万,12537,武进区南夏墅街道,荣盛御府,3室2厅1厨2卫,高楼层 (共9层),121.25㎡,暂无数据,暂无数据,暂无数据,南 北,未知结构,毛坯,暂无数据,暂无数据,暂无数据,2023-08-24,商品房,2021-05-10,普通住宅,暂无数据,共有,有抵押,已上传房本照片,户型方正 通风性佳 有钥匙 随时都可以看房,小区比较新，人车分流，24保安巡逻，配备管家式服务，小区环境较好小区旁配套齐全,,契税：A首套 90平以下1% B首套 90平以上1.5% C二套90平以下1% D二套90平以上2% E三套都是3% 增值税：满两年免征 不满2年权.额征收5.6% 个人所得税：不满5年征1%,户型动静分离，卧室独立分开 安静私密性更高。客厅卧室都有大窗户，采光面更高,,,,
54,诚心出售 南夏墅地铁口荣盛御府毛坯三房双阳台可看房,130万,11205,武进区南夏墅街道,荣盛御府,3室2厅1厨2卫,低楼层 (共16层),116.02㎡,暂无数据,暂无数据,暂无数据,南 北,未知结构,毛坯,暂无数据,暂无数据,暂无数据,2023-07-07,商品房,2021-05-12,普通住宅,暂无数据,非共有,无抵押,已上传房本照片,户型方正 通风性佳 有钥匙 随时都可以看房,小区比较新，人车分流，24保安巡逻，配备管家式服务，小区环境较好小区旁配套齐全,,契税：A首套 90平以下1% B首套 90平以上1.5% C二套90平以下1% D二套90平以上2% E三套都是3% 增值税：满两年免征 不满2年权.额征收5.6% 个人所得税：不满5年征1%,户型动静分离，卧室独立分开 安静私密性更高。客厅卧室都有大窗户，采光面更高,,,,
55,诚心出售 新城都荟毛坯3房 品质小区 户型方正 楼层好,142万,11838,武进区南夏墅街道,新城都荟,3室2厅1厨2卫,中楼层 (共11层),119.96㎡,暂无数据,暂无数据,板楼,南 北,钢混结构,毛坯,两梯两户,有,暂无数据,2023-08-07,商品房,2020-06-15,普通住宅,暂无数据,非共有,有抵押 60万元,已上传房本照片,房东诚心出售，户型方正，采光无遮挡，通透性好，好楼层,1、小区生活设施齐，商场、菜市场、银行等，交通便捷；2、小区内有健身器材，小型篮球场，可供小区居民使用；3、小区内停车位充足，建有地上停车场和地下车库；4、小区内24小时保安巡逻。,,契税首套房成交价的1.5%，二套房成交价的2%，三套房成交价的3%； 增值税：满2年免征，不满2年成交额征收5.3%； 个税：不满5年征收1%,户型周正，格局分布合理，空间感好，通透性强，居住舒适；2、楼层佳，朝向南北，视野开阔，采光透亮；,,,,
56,地铁口新小区品质洋房社区视野宽阔配套齐全交通便利,172万,14828,武进区南夏墅街道,荣盛御府,3室2厅1厨2卫,高楼层 (共16层),116㎡,暂无数据,暂无数据,暂无数据,南 北,未知结构,精装,暂无数据,暂无数据,暂无数据,2022-09-24,商品房,2021-04-19,普通住宅,暂无数据,非共有,无抵押,已上传房本照片,地铁口新小区，品质洋房社区，视野宽阔，配套齐全，交通便利,房子是2020年年底才交付的2023年5月份满二，小区环境优美，人车分流，楼间距大，小区是洋房和小高层为主，小区南门自带商铺，可以满足日常需求,,契税：A首套 90平以下1% B首套 90平以上1.5% C二套90平以下1% D二套90平以上2% E三套都是3%增值税：满两年免征 不满2年权.额征收5.6%个人所得税：不满5年征1%,,房子2023年四五月份满二，业主现诚心出售，证件齐，欢迎看房，随时恭候,,小区内有停车场，车位充足，建有地下停车场，人车分流，小区出来就是地铁一号线，交通方便,
57,"新城都荟房型好,格局好,采光充足，交通便利",143万,12017,武进区南夏墅街道,新城都荟,3室2厅1厨2卫,中楼层 (共20层),119㎡,暂无数据,暂无数据,板楼,南 北,钢混结构,毛坯,两梯两户,有,暂无数据,2022-05-09,商品房,2020-06-17,普通住宅,暂无数据,共有,有抵押 80万元,已上传房本照片,"户型好,格局好,采光充足，交通便利","1:小区生活实施齐全，商场,菜市场,银行等。2:小区内有健身器材,小型篮球 场，可供小区居民使用。3 :小区停车位充足,建有地面临时停车位以及底下停车 位。4 :小区内24小时保安巡逻。",,"1契税:首套房成交价的1.5% ,二套房成交价的2% ,三套房成交价的3%。增值税:满2年免征,不满2年成交额征收5.6%。个税:不满5年征收1%","1:户型方正,格局分布合理,空间感好,通透性强,居住舒适。2:楼层佳,朝向南北,视野开阔，采光充沛。3:小区环境优美,绿化覆盖面积高,干净整洁,内有建设器材和娱乐场所,物业态度较好",,,,
58,荣盛御府电梯洋房，近地铁，中间楼层，品质小区环境优,155万,12810,武进区南夏墅街道,荣盛御府,3室2厅1厨2卫,中楼层 (共11层),121㎡,暂无数据,暂无数据,暂无数据,南 北,未知结构,毛坯,暂无数据,暂无数据,暂无数据,2023-11-25,商品房,暂无数据,普通住宅,暂无数据,非共有,有抵押,未上传房本照片,户型方正 通风性佳 有钥匙 随时都可以看房,小区比较新，人车分流，24保安巡逻，配备管家式服务，小区环境较好小区旁配套齐全,,契税：A首套 90平以下1% B首套 90平以上1.5% C二套90平以下1% D二套90平以上2% E三套都是3% 增值税：满两年免征 不满2年权.额征收5.6% 个人所得税：不满5年征1%,户型动静分离，卧室独立分开 安静私密性更高。客厅卧室都有大窗户，采光面更高,,,,
59,诚心出售 南夏墅地铁口荣盛御府毛坯洋房 可随时看房,175万,13686,武进区南夏墅街道,荣盛御府,4室2厅1厨2卫,中楼层 (共11层),127.87㎡,暂无数据,暂无数据,暂无数据,南 北,未知结构,毛坯,暂无数据,暂无数据,暂无数据,2023-02-27,商品房,2021-05-13,普通住宅,暂无数据,共有,有抵押 25万元 邮政储蓄银行,已上传房本照片,此房户型方正，房间都很大，光线充足 ，房东诚心出售,1、小区生活设施齐，商场、菜市场、银行等，交通便捷； 2、小区内有健身器材，小型篮球场，可供小区居民使用； 3、小区内停车位充足，建有地上停车场和地下车库； 4、小区内24小时保安巡逻。,,契税：A首套 90平以下1% B首套 90平以上1.5% C二套90平以下1% D二套90平以上2% E三套都是3% 增值税：满两年免征 不满2年权.额征收5.6% 个人所得税：不满5年征1%、,1、户型周正，格局分布合理，空间感好，通透性强，居住舒适； 2、楼层佳，朝向南北，视野开阔，采光透亮,,,,
60,诚心出售 南夏墅地铁口荣盛御府毛坯洋房 随时看房,132万,11848,武进区南夏墅街道,荣盛御府,3室2厅1厨2卫,中楼层 (共11层),111.42㎡,暂无数据,暂无数据,暂无数据,南 北,未知结构,毛坯,暂无数据,暂无数据,暂无数据,2023-04-24,商品房,2021-05-11,普通住宅,暂无数据,共有,有抵押,已上传房本照片,此房户型方正 三房朝南加客厅朝南 中高楼层采光好 配套齐全,小区生活设施齐 商场 菜市场 银行等 交通便捷 小区内有健身器材 小型篮球场可供小区居民使用 小区内停车位充足 建有地下停车场 人车分流 小区内24小时保安巡逻,,1.首套90平以下1% 2.首套90平以上1.5% 3.二套90平以下1% 4.二套90平以上2% 5.三套都是3% 增值税：产权满两年免征 产权不满两年征收比例为5.3% 个人所得税：产证满五唯一免征 其他统一1%,1.户型周正，格局分布合理，空间感好，通透性强，居住舒适 2.楼层佳，南北朝向，视野开阔，采光通透 3.小区环境优美，绿化覆盖面积多，干净整洁，内有健身器材和小型娱乐设施。物业服务态度好,,,,
61,诚心出售 高新区前黄壹号院毛坯三房 可看房 采光好,129万,11340,武进区南夏墅街道,中梁前黄壹号院,3室2厅1厨2卫,中楼层 (共18层),113.76㎡,暂无数据,暂无数据,暂无数据,南 北,未知结构,毛坯,暂无数据,暂无数据,暂无数据,2023-07-30,商品房,2021-01-19,普通住宅,暂无数据,共有,有抵押,已上传房本照片,前黄壹号院三房 三朝南户型 双阳台 全天采光 视野开阔 交通便利,1.小区生活设施齐，商场、菜市场、银行等，交通便捷； 2、小区内有健身器材，小型篮球场，可供小区居民使用； 3、小区内停车位充足，建有地上停车场和地下车库； 4、小区内24小时保安巡逻,,1，首套 90平以下1% 。2，首套 90平以上1.5% 。3，二套90平以下1% 。4，二套90平以上2% 。5，三套都是3% 增值税：满两年免征 不满2年权.额征收5.6% 个人所得税：不满5年征1%,户型周正，格局分布合理，空间感好，通透性强，居住舒适；2、楼层佳，朝向南北，视野开阔，采光透亮；3、小区环境优美，绿化面积覆盖高，干净整洁，内有健身器材和娱乐广场，物业服务态度好；4、小区地理位置优越，交通便捷，辐射广，设施齐全,,,,
62,诚心出售 南夏墅中梁毛坯三房 户型好 楼层好 采光无忧,100万,11386,武进区南夏墅街道,中梁百悦城,3室2厅1厨1卫,中楼层 (共18层),87.83㎡,暂无数据,暂无数据,暂无数据,南 北,未知结构,毛坯,暂无数据,暂无数据,暂无数据,2023-09-17,商品房,2021-08-24,普通住宅,暂无数据,共有,有抵押 50万元,已上传房本照片,户型周正，格局合理空间感好，居住舒适。楼层佳,小区环境优美，绿化面积覆盖高，干净整洁，内有健身器材和娱乐广场，物业服务态度好,小区生活设施齐，商场菜市场、银行等，交通便捷； 2、小区内有健身器材，可供小区居民使用； 3、小区内停车位充足，建有地上停车场和地下车库；,契税：A首套 90平以下1% B首套 90平以上1.5% C二套90平以下1% D二套90平以上2% E三套都是3% 增值税：满两年免征 不满2年权 额征收5.3% 个人所得税：不满5年或不唯一征1%,,,,,
63,急售！ 南夏墅荣盛御府  采光好 无遮挡 交通便利,130万,11205,武进区南夏墅街道,荣盛御府,3室2厅1厨2卫,中楼层 (共16层),116.02㎡,暂无数据,暂无数据,暂无数据,南,钢混结构,毛坯,暂无数据,暂无数据,暂无数据,2023-03-01,商品房,2021-05-10,普通住宅,暂无数据,非共有,有抵押,已上传房本照片,此房户型方正，房间都很大，光线充足 ，房东诚心出售,1、小区生活设施齐，商场、菜市场、银行等，交通便捷； 2、小区内有健身器材，小型篮球场，可供小区居民使用； 3、小区内停车位充足，建有地上停车场和地下车库； 4、小区内24小时保安巡逻。,,契税：A首套 90平以下1% B首套 90平以上1.5% C二套90平以下1% D二套90平以上2% E三套都是3% 增值税：满两年免征 不满2年权.额征收5.6% 个人所得税：不满5年征1%、,1、户型周正，格局分布合理，空间感好，通透性强，居住舒适； 2、楼层佳，朝向南北，视野开阔，采光透亮,,,,
64,诚心出售 品质小区 新城都荟洋房毛坯3房2卫 楼层好,148万,12437,武进区南夏墅街道,新城都荟,3室2厅1厨2卫,低楼层 (共20层),119㎡,暂无数据,暂无数据,板楼,南 北,钢混结构,毛坯,暂无数据,暂无数据,暂无数据,2023-11-12,商品房,暂无数据,普通住宅,暂无数据,共有,有抵押,未上传房本照片,采光佳，环境好，靠公园，楼层好，户型不错 随时可看,1、小区生活设施齐，商场、菜市场、银行等，交通便捷； 2、小区内有健身器材，小型篮球场，可供小区居民使用； 3、小区内停车位充足，建有地上停车场和地下车库； 4、小区内24小时保安巡逻,,契税：A首套 90平以下1% B首套 90平以上1.5% C二套90平以下1% D二套90平以上2% E三套都是3% 增值税：满两年免征 不满2年权.额征收5.3% 个人所得税：不满5年征1%,1、户型周正，格局分布合理，空间感好，通透性强，居住舒适； 2、楼层佳，朝向南北，视野开阔，采光透亮,,,,
65,高新区地铁口荣盛御府洋房毛坯三房采光充足房东诚售,138万,12081,武进区南夏墅街道,荣盛御府,3室2厅1厨2卫,低楼层 (共11层),114.23㎡,暂无数据,暂无数据,暂无数据,南,未知结构,毛坯,暂无数据,暂无数据,暂无数据,2023-03-02,商品房,2021-01-25,普通住宅,暂无数据,共有,无抵押,已上传房本照片,地铁口新小区，品质洋房社区，视野宽阔，配套齐全，交通便利,房子是2020年年底才交付的2023年5月份满二，小区环境优美，人车分流，楼间距大，小区是洋房和小高层为主，小区南门自带商铺，可以满足日常需求,小区生活设施齐，商场、菜市场、银行等，交通便捷； 小区内有健身器材，小型篮球场，可供小区居民使用； 小区内停车位充足，建有地上停车场和地下车库；,契税：A首套 90平以下1% B首套 90平以上1.5% C二套90平以下1% D二套90平以上2% E三套都是3%增值税：满两年免征 不满2年权.额征收5.6%个人所得税：不满5年征1%,1、户型周正，格局分布合理，空间感好，通透性强，居住舒适 2、南北朝向，视野开阔，采光通透 3、小区环境优美，绿化覆盖面积多，干净整洁，内有健身器材和小型娱乐设施。物业服务态度好。,,,,
66,诚心出售 品质小区 新城都荟简装3房 楼层好 户型好,170万,14286,武进区南夏墅街道,新城都荟,3室2厅1厨2卫,高楼层 (共11层),119㎡,暂无数据,暂无数据,板楼,南 北,钢混结构,简装,暂无数据,暂无数据,暂无数据,2023-08-07,商品房,暂无数据,普通住宅,暂无数据,共有,有抵押 50万元,未上传房本照片,房东诚心出售，户型方正，采光无遮挡，通透性好，好楼层,1、小区生活设施齐，商场、菜市场、银行等，交通便捷；2、小区内有健身器材，小型篮球场，可供小区居民使用；3、小区内停车位充足，建有地上停车场和地下车库；4、小区内24小时保安巡逻。,,契税首套房成交价的1.5%，二套房成交价的2%，三套房成交价的3%； 增值税：满2年免征，不满2年成交额征收5.3%； 个税：不满5年征收1%,户型周正，格局分布合理，空间感好，通透性强，居住舒适；2、楼层佳，朝向南北，视野开阔，采光透亮；,,,,
67,急售 中梁百悦城简装4房 王炸户型 楼层好 采光无忧,140万,12174,武进区南夏墅街道,中梁百悦城,4室2厅1厨2卫,中楼层 (共18层),115㎡,暂无数据,暂无数据,暂无数据,南 北,未知结构,简装,暂无数据,暂无数据,暂无数据,2023-08-10,商品房,暂无数据,普通住宅,暂无数据,共有,有抵押 70万元,未上传房本照片,户型周正，格局分布合理，空间感好，通透性强，居住舒适楼层.,小区生活实施齐全，商场，菜市场，银户型周正，格局分布合理，空间感好，通透性强，居住舒适: 2、楼层佳，朝向南北，视野开阔行等。2:小区内有健身器材，可供小区居民使用。3:小区停车位充足，建有地面临时停车位,,契税:A:首套 90平米以下1%B:首套90平米以上1.5%C;二套90平米以下1%D:二套90平米以上2%E:三套3%2.满2年免征，不满2年全额征收5.35%3.个人 :不满5年征1%满5年且房东名下唯一住房可免,户型周正，格局分布合理，空间感好，通透性强，居住舒适: 2、楼层佳，朝向南北，视野开阔,,,,
68,业主诚心出售 中梁百悦城毛坯四房 有钥匙可随时看房,145万,12513,武进区南夏墅街道,中梁百悦城,4室2厅1厨2卫,高楼层 (共18层),115.88㎡,暂无数据,暂无数据,暂无数据,南 北,未知结构,毛坯,暂无数据,暂无数据,暂无数据,2023-07-05,商品房,暂无数据,普通住宅,暂无数据,非共有,有抵押,未上传房本照片,户型方正 通风性佳 有钥匙 随时都可以看房,小区比较新，人车分流，24保安巡逻，配备管家式服务，小区环境较好小区旁配套齐全,,契税：A首套 90平以下1% B首套 90平以上1.5% C二套90平以下1% D二套90平以上2% E三套都是3% 增值税：满两年免征 不满2年权.额征收5.6% 个人所得税：不满5年征1%,户型动静分离，卧室独立分开 安静私密性更高。客厅卧室都有大窗户，采光面更高,,,,
69,出售 中梁百悦城毛坯3房 户型方正 采光无忧 无遮挡,125万,12136,武进区南夏墅街道,中梁百悦城,3室2厅1厨2卫,低楼层 (共18层),103㎡,暂无数据,暂无数据,暂无数据,南 北,未知结构,毛坯,暂无数据,暂无数据,暂无数据,2023-07-30,商品房,暂无数据,普通住宅,暂无数据,共有,有抵押,未上传房本照片,房东诚心出售，精装，户型方正，通透性好，采光无遮挡.,小区环境优雅.小区配套齐全.小区人车分流.小区内部有游乐场.适合老人带小孩玩，自带配套,小区配套齐全. 商场 地铁 医院.生活便捷，能满足正常的日常需求,契税：A首套 90平以下1% B首套 90平以上1.5% C二套90平以下1% D二套90平以上2% E三套都是3% 增值税：满两年免征 不满2年权.额征收5.3% 个人所得税：不满5年征1%,,,,,
70,南夏墅地铁口旁 上悦城花园 房东诚心出售 有钥匙可看,105万,11299,武进区南夏墅街道,上悦城,3室2厅1厨1卫,低楼层 (共20层),92.93㎡,暂无数据,暂无数据,暂无数据,南 北,未知结构,毛坯,暂无数据,暂无数据,暂无数据,2023-08-14,商品房,暂无数据,普通住宅,暂无数据,非共有,无抵押,未上传房本照片,房屋格局好 布局合理，房东诚意出售,1、小区生活设施齐，商场 菜市场 银行等 交通便捷 2、小区内有健身器材 ，可供小区居民使用 3、小区车位充足 建有地上和地下停车场 4、小区内24小时保安巡逻,,契税：A首套 90平以下1% B首套 90平以上1.5% C二套90平以下1% D二套90平以上2% E三套都是3%增值税：满两年免征 不满2年权.额征收5.6%个人所得税：不满5年征1%,1、户型周正，格局分布合理，空间感好，通透性强，居住舒适 2、南北朝向，视野开阔，采光通透 3、小区环境优美，绿化覆盖面积多，干净整洁，内有健身器材和小型娱乐设施。物业服务态度好。,,,,
71,工抵房 上悦城毛坯三房 看房有钥匙 价可谈 速度约我,104万,11370,武进区南夏墅街道,上悦城,3室2厅1厨1卫,低楼层 (共20层),91.47㎡,暂无数据,暂无数据,暂无数据,南 北,未知结构,毛坯,暂无数据,暂无数据,暂无数据,2023-08-14,商品房,暂无数据,普通住宅,暂无数据,非共有,无抵押,未上传房本照片,房东诚心出售，户型方正，采光无遮挡，通透性好，好楼层,1、小区生活设施齐，商场、菜市场、银行等，交通便捷；2、小区内有健身器材，小型篮球场，可供小区居民使用；3、小区内停车位充足，建有地上停车场和地下车库；4、小区内24小时保安巡逻。,,契税首套房成交价的1.5%，二套房成交价的2%，三套房成交价的3%； 增值税：满2年免征，不满2年成交额征收5.3%； 个税：不满5年征收1%,户型周正，格局分布合理，空间感好，通透性强，居住舒适；2、楼层佳，朝向南北，视野开阔，采光透亮；3、小区环境优美，绿化面积覆盖高，干净整洁，内有健身器材和娱乐广场，物业服务态度好；4、小区地理位置优越，交通便捷，辐射广，设施齐全，生活便利,,,,
72,拎包入住 高新区品质洋房 楼层好 采光好 新城都荟,170万,14262,武进区南夏墅街道,新城都荟,3室2厅1厨2卫,中楼层 (共11层),119.2㎡,暂无数据,暂无数据,板楼,南 北,钢混结构,精装,暂无数据,暂无数据,暂无数据,2023-03-01,商品房,暂无数据,普通住宅,暂无数据,非共有,无抵押,未上传房本照片,满两年 交通便利 生活设施完善 商场 采光好 拎包入住,小区生活实施齐全，商场，菜市场，银户型周正，格局分布合理，空间感好，通透性强，居住舒适: 2、楼层佳，朝向南北，视野开阔行等。2:小区内有健身器材，可供小区居民使用。3:小区停车位充足，建有地面临时停车位,,契税:A:首套 90平米以下1%B:首套90平米以上1.5%C;二套90平米以下1%D:二套90平米以上2%E:三套3%2.满2年免征，不满2年全额征收5.35%3.个人 :不满5年征1%满5年且房东名下唯一住房可免,户型周正，格局分布合理，空间感好，通透性强，居住舒适: 2、楼层佳，朝向南北，视野开阔,,,,
73,中梁百悦城 房东诚心出售 户型方正 有钥匙随时可看,110万,12443,武进区南夏墅街道,中梁百悦城,3室2厅1厨1卫,中楼层 (共18层),88.41㎡,暂无数据,暂无数据,暂无数据,南 北,未知结构,其他,暂无数据,暂无数据,暂无数据,2023-09-06,商品房,暂无数据,普通住宅,暂无数据,非共有,有抵押,未上传房本照片,户型周正，格局分布合理，空间感好，通透性强，居住舒适楼层.,小区生活实施齐全，商场，菜市场，银户型周正，格局分布合理，空间感好，通透性强，居住舒适: 2、楼层佳，朝向南北，视野开阔行等。2:小区内有健身器材，可供小区居民使用。3:小区停车位充足，建有地面临时停车位,,契税:A:首套 90平米以下1%B:首套90平米以上1.5%C;二套90平米以下1%D:二套90平米以上2%E:三套3%2.满2年免征，不满2年全额征收5.35%3.个人 :不满5年征1%满5年且房东名下唯一住房可免,户型周正，格局分布合理，空间感好，通透性强，居住舒适: 2、楼层佳，朝向南北，视野开阔,,,,
74,新上 南夏墅品质洋房新城都荟 可随时看房 采光好,160万,12404,武进区南夏墅街道,新城都荟,4室2厅1厨2卫,低楼层 (共11层),129㎡,暂无数据,暂无数据,板楼,南 北,钢混结构,毛坯,暂无数据,暂无数据,暂无数据,2023-07-05,商品房,暂无数据,普通住宅,暂无数据,共有,有抵押,未上传房本照片,户型方正 通风性佳 有钥匙 随时都可以看房,小区比较新，人车分流，24保安巡逻，配备管家式服务，小区环境较好小区旁配套齐全,,契税：A首套 90平以下1% B首套 90平以上1.5% C二套90平以下1% D二套90平以上2% E三套都是3% 增值税：满两年免征 不满2年权.额征收5.6% 个人所得税：不满5年征1%,户型动静分离，卧室独立分开 安静私密性更高。客厅卧室都有大窗户，采光面更高,,,,
75,高新区 南夏墅上悦城 采光好 房东诚心出售,158万,14630,武进区南夏墅街道,上悦城,3室2厅1厨2卫,高楼层 (共19层),108㎡,暂无数据,暂无数据,暂无数据,南,未知结构,毛坯,暂无数据,暂无数据,暂无数据,2023-07-09,商品房,暂无数据,普通住宅,暂无数据,非共有,有抵押,未上传房本照片,房东诚心出售，户型方正，通透性好，采光无遮挡,1、小区生活设施齐，商场、菜市场、银行等，交通便捷；2、小区内有健身器材，小型篮球场，可供小区居民使用；3、小区内停车位充足，建有地上停车场和地下车库；4、小区内24小时保安巡逻。,,房屋产权70年契税；首套房契税小于90平方计税价格百分之1个点，大于90平方计税价格百分之1.5个点，二套契税小于90平方计税价格百分之1个点，大于90平方计税价格百分之2个点。三套以上计税价格百分之3个点，2；增值税满二年免征，不满二年征5.3%,户型方正，格局分布十分合理。空间感好。居住舒适。楼层佳。朝向南北。视野开阔。采光透亮。小区环境优美。绿化面积高。干净整洁。内有健身器材和娱乐广场。物业服务态度好,,,,
76,新城都荟 业主诚心出售 价格能谈随时可看,160万,12308,武进区南夏墅街道,新城都荟,4室2厅1厨2卫,中楼层 (共11层),130㎡,暂无数据,暂无数据,板楼,南,钢混结构,简装,暂无数据,暂无数据,暂无数据,2023-03-31,商品房,暂无数据,普通住宅,暂无数据,共有,有抵押 80万元 邮政 业主自还,未上传房本照片,房东诚心出售，户型方正，采光无遮挡，通透性好，好楼层,1、小区生活设施齐，商场、菜市场、银行等，交通便捷；2、小区内有健身器材，小型篮球场，可供小区居民使用；3、小区内停车位充足，建有地上停车场和地下车库；4、小区内24小时保安巡逻。,,契税首套房成交价的1.5%，二套房成交价的2%，三套房成交价的3%； 增值税：满2年免征，不满2年成交额征收5.3%； 个税：不满5年征收1%,户型周正，格局分布合理，空间感好，通透性强，居住舒适；2、楼层佳，朝向南北，视野开阔，采光透亮；3、小区环境优美，绿化面积覆盖高，干净整洁，内有健身器材和娱乐广场，物业服务态度好；4、小区地理位置优越，交通便捷，辐射广，设施齐全，生活便利,,,,
77,诚心出售 南夏墅品质小区新城都荟毛坯三房 可随时看房,140万,11765,武进区南夏墅街道,新城都荟,3室2厅1厨2卫,中楼层 (共19层),119㎡,暂无数据,暂无数据,板楼,南 北,钢混结构,毛坯,暂无数据,暂无数据,暂无数据,2023-04-23,商品房,暂无数据,普通住宅,暂无数据,共有,有抵押,未上传房本照片,此房户型方正 三房朝南加客厅朝南 中高楼层采光好 配套齐全,小区生活设施齐，商场、菜市场、银行等，交通便捷 2.小区内有健身器材，小型篮球场，可供小区居民使用 3.小区内停车位充足，建有地下停车场，人车分流。地上有会客停车位。 4.小区内24小时保安巡逻,,1.首套90平以下1% 2.首套90平以上1.5% 3.二套90平以下1% 4.二套90平以上2% 5.三套都是3% 增值税：产权满两年免征 产权不满两年征收比例为5.3% 个人所得税：产证满五唯一免征 其他统一1%,1.户型周正，格局分布合理，空间感好，通透性强，居住舒适 2.楼层佳，南北朝向，视野开阔，采光通透 3.小区环境优美，绿化覆盖面积多，干净整洁，内有健身器材和小型娱乐设施。物业服务态度好,,,,
78,诚心出售 中梁百悦城4房2卫 飞机户型 位置好 无遮挡,145万,11671,武进区南夏墅街道,中梁百悦城,4室2厅1厨2卫,低楼层 (共18层),124.24㎡,暂无数据,暂无数据,暂无数据,南 北,未知结构,简装,暂无数据,暂无数据,暂无数据,2023-08-03,商品房,2022-06-14,普通住宅,未满两年,共有,有抵押,已上传房本照片,户型方正 通风性佳 有钥匙 随时都可以看房,小区比较新，人车分流，24保安巡逻，配备管家式服务，小区环境较好小区旁配套齐全,,契税：A首套 90平以下1% B首套 90平以上1.5% C二套90平以下1% D二套90平以上2% E三套都是3% 增值税：满两年免征 不满2年权.额征收5.6% 个人所得税：不满5年征1%,户型动静分离，卧室独立分开 安静私密性更高。客厅卧室都有大窗户，采光面更高,,,,
79,诚心出售 新城都荟洋房带车位 楼层好 采光好 可看房,150万,12606,武进区南夏墅街道,新城都荟,3室2厅1厨2卫,中楼层 (共11层),119㎡,暂无数据,暂无数据,板楼,南 北,钢混结构,毛坯,暂无数据,暂无数据,暂无数据,2023-03-11,商品房,暂无数据,普通住宅,暂无数据,非共有,有抵押,未上传房本照片,"户型好,格局好,采光充足，交通便利","1:小区生活实施齐全，商场,菜市场,银行等。2:小区内有健身器材,小型篮球 场，可供小区居民使用。3 :小区停车位充足,建有地面临时停车位以及底下停车 位。4 :小区内24小时保安巡逻。",,"1契税:首套房成交价的1.5% ,二套房成交价的2% ,三套房成交价的3%。增值税:满2年免征,不满2年成交额征收5.6%。个税:不满5年征收1%","1:户型方正,格局分布合理,空间感好,通透性强,居住舒适。2:楼层佳,朝向南北,视野开阔，采光充沛。3:小区环境优美,绿化覆盖面积高,干净整洁,内有建设器材和娱乐场所,物业态度较好",,,,
80,诚心出售 南夏墅品质小区 新城都荟洋房 有钥匙可看房,158万,12249,武进区南夏墅街道,新城都荟,4室2厅1厨2卫,中楼层 (共11层),129㎡,暂无数据,暂无数据,板楼,南 北,钢混结构,毛坯,暂无数据,暂无数据,暂无数据,2023-07-13,商品房,暂无数据,普通住宅,暂无数据,共有,无抵押,未上传房本照片,户型方正 通风性佳 有钥匙 随时都可以看房,小区比较新，人车分流，24保安巡逻，配备管家式服务，小区环境较好小区旁配套齐全,,契税：A首套 90平以下1% B首套 90平以上1.5% C二套90平以下1% D二套90平以上2% E三套都是3% 增值税：满两年免征 不满2年权.额征收5.6% 个人所得税：不满5年征1%,户型动静分离，卧室独立分开 安静私密性更高。客厅卧室都有大窗户，采光面更高,,,,
81,诚心出售 中梁百悦城毛坯三房两厅 可随时看房 价可谈,118万,11122,武进区南夏墅街道,中梁百悦城,3室2厅1厨2卫,中楼层 (共18层),106.1㎡,暂无数据,暂无数据,暂无数据,南 北,钢混结构,毛坯,暂无数据,暂无数据,暂无数据,2023-03-12,商品房,暂无数据,普通住宅,暂无数据,共有,有抵押,未上传房本照片,百悦城商圈旁 成熟商圈 交通便捷 房东诚意出售 看房方便,小区生活设施齐，商场、菜市场、银行等，交通便捷 2.小区内有健身器材，小型篮球场，可供小区居民使用 3.小区内停车位充足，建有地下停车场，人车分流。地上有会客停车，电梯刷卡入户，安全系数高。,,契税：1.首套90平以下1% 2.首套90平以上1.5% 3.二套90平以下1% 4.二套90平以上2% 5.三套都是3% 增值税：产权满两年免征 产权不满两年征收比例为5.3% 个人所得税：产证满五唯一免征 其他统一1%,户型方正，格局分布合理，空间感好，通透性强，居住舒适。 2：楼层佳，朝向南北，视野开阔，采光充沛。 3：小区环境优美，绿化覆盖面积高，干净整洁，内有建设器材和娱乐场所，物业态度较好,,,,
82,上悦城，户型方正，通透性好，好楼层,115万,12371,武进区南夏墅街道,上悦城,3室2厅1厨1卫,低楼层 (共20层),92.96㎡,暂无数据,暂无数据,暂无数据,南 北,未知结构,毛坯,暂无数据,暂无数据,暂无数据,2023-11-03,商品房,2023-06-30,普通住宅,未满两年,非共有,有抵押 85万元,已上传房本照片,房东诚心出售，户型方正，通透性好，好楼层,1、小区生活设施齐，商场、菜市场、银行等，交通便捷；2、小区内有健身器材，小型篮球场，可供小区居民使用；3、小区内停车位充足，建有地上停车场和地下车库；4、小区内24小时保安巡逻。,,契税首套房成交价的1.5%，二套房成交价的2%，三套房成交价的3%； 增值税：满2年免征，不满2年成交额征收5.3%； 个税：不满5年征收1%,户型周正，格局分布合理，空间感好，通透性强，居住舒适；2、楼层佳，朝向南北，视野开阔，采光透亮,,,,
83,房屋格局好 布局合理，房东诚意出售,110万,11207,武进区南夏墅街道,新城都荟,3室1厅1厨1卫,低楼层 (共20层),98.16㎡,暂无数据,暂无数据,板楼,南 北,钢混结构,毛坯,暂无数据,暂无数据,暂无数据,2023-02-14,商品房,2020-06-15,普通住宅,暂无数据,非共有,有抵押 60万元,已上传房本照片,房屋格局好 布局合理，房东诚意出售,1、小区生活设施齐，商场 菜市场 银行等 交通便捷 2、小区内有健身器材 ，可供小区居民使用 3、小区车位充足 建有地上和地下停车场 4、小区内24小时保安巡逻,,契税：A首套 90平以下1% B首套 90平以上1.5% C二套90平以下1% D二套90平以上2% E三套都是3%增值税：满两年免征 不满2年权.额征收5.6%个人所得税：不满5年征1%,1、户型周正，格局分布合理，空间感好，通透性强，居住舒适 2、南北朝向，视野开阔，采光通透 3、小区环境优美，绿化覆盖面积多，干净整洁，内有健身器材和小型娱乐设施。物业服务态度好。,,,,
84,高新区南夏墅中梁百悦城三房采光充足房东诚售,115万,13219,武进区南夏墅街道,中梁百悦城,3室2厅1厨1卫,中楼层 (共18层),87㎡,暂无数据,暂无数据,暂无数据,南,未知结构,毛坯,暂无数据,暂无数据,暂无数据,2023-08-18,商品房,暂无数据,普通住宅,暂无数据,共有,有抵押,未上传房本照片,采光佳，环境好，靠公园，楼层好，户型不错 随时可看,1、小区生活设施齐，商场、菜市场、银行等，交通便捷； 2、小区内有健身器材，小型篮球场，可供小区居民使用； 3、小区内停车位充足，建有地上停车场和地下车库； 4、小区内24小时保安巡逻,,契税：A首套 90平以下1% B首套 90平以上1.5% C二套90平以下1% D二套90平以上2% E三套都是3% 增值税：满两年免征 不满2年权.额征收5.3% 个人所得税：不满5年征1%,1、户型周正，格局分布合理，空间感好，通透性强，居住舒适； 2、楼层佳，朝向南北，视野开阔，采光透亮,,,,
85,南夏墅 次新小区 新城都荟 毛坯3房 双阳台 随时看房,170万,14286,武进区南夏墅街道,新城都荟,3室2厅1厨2卫,高楼层 (共11层),119㎡,暂无数据,暂无数据,板楼,南,钢混结构,毛坯,暂无数据,暂无数据,暂无数据,2023-03-30,商品房,暂无数据,普通住宅,暂无数据,非共有,有抵押 70万元,未上传房本照片,房东诚心出售，户型方正，采光无遮挡，通透性好，好楼层,1、小区生活设施齐，商场、菜市场、银行等，交通便捷；2、小区内有健身器材，小型篮球场，可供小区居民使用；3、小区内停车位充足，建有地上停车场和地下车库；4、小区内24小时保安巡逻,,契税首套房成交价的1.5%，二套房成交价的2%，三套房成交价的3%； 增值税：满2年免征，不满2年成交额征收5.3%； 个税：不满5年征收1%,户型周正，格局分布合理，空间感好，通透性强，居住舒适；2、楼层佳，朝向南北，视野开阔，采光透亮；3、小区环境优美，绿化面积覆盖高，干净整洁，内有健身器材和娱乐广场，物业服务态度好；4、小区地理位置优越，交通便捷，辐射广，设施齐全，生活便利,,,,
86,高新区地铁口荣盛御府洋房毛坯三房采光充足房东诚售,130万,11107,武进区南夏墅街道,荣盛御府,3室2厅1厨2卫,中楼层 (共8层),117.05㎡,暂无数据,暂无数据,暂无数据,南,未知结构,毛坯,暂无数据,暂无数据,暂无数据,2023-03-18,商品房,暂无数据,普通住宅,暂无数据,共有,无抵押,未上传房本照片,地铁口新小区，品质洋房社区，视野宽阔，配套齐全，交通便利,房子是2020年年底才交付的2023年5月份满二，小区环境优美，人车分流，楼间距大，小区是洋房和小高层为主，小区南门自带商铺，可以满足日常需求,小区生活设施齐，商场、菜市场、银行等，交通便捷； 小区内有健身器材，小型篮球场，可供小区居民使用； 小区内停车位充足，建有地上停车场和地下车库；,契税：A首套 90平以下1% B首套 90平以上1.5% C二套90平以下1% D二套90平以上2% E三套都是3%增值税：满两年免征 不满2年权.额征收5.6%个人所得税：不满5年征1%,1、户型周正，格局分布合理，空间感好，通透性强，居住舒适 2、南北朝向，视野开阔，采光通透 3、小区环境优美，绿化覆盖面积多，干净整洁，内有健身器材和小型娱乐设施。物业服务态度好。,,,,
87,新上 南夏墅地铁口荣盛御府洋房毛坯 可随时看房,160万,13334,武进区南夏墅街道,荣盛御府,3室2厅1厨2卫,中楼层 (共9层),120㎡,暂无数据,暂无数据,暂无数据,南 北,未知结构,毛坯,暂无数据,暂无数据,暂无数据,2023-07-05,商品房,暂无数据,普通住宅,暂无数据,共有,无抵押,未上传房本照片,户型方正 通风性佳 有钥匙 随时都可以看房,小区比较新，人车分流，24保安巡逻，配备管家式服务，小区环境较好小区旁配套齐全,,契税：A首套 90平以下1% B首套 90平以上1.5% C二套90平以下1% D二套90平以上2% E三套都是3% 增值税：满两年免征 不满2年权.额征收5.6% 个人所得税：不满5年征1%,户型动静分离，卧室独立分开 安静私密性更高。客厅卧室都有大窗户，采光面更高,,,,
88,南夏墅地铁口荣盛御府洋房一梯两户好房出售,148万,11756,武进区南夏墅街道,荣盛御府,4室2厅1厨2卫,高楼层 (共9层),125.9㎡,暂无数据,暂无数据,暂无数据,南 北,未知结构,毛坯,暂无数据,暂无数据,暂无数据,2022-07-11,商品房,暂无数据,普通住宅,暂无数据,共有,有抵押 50万元,未上传房本照片,户型方正，满足三代同堂需求，产权清晰，南北通透,"1:小区生活实施齐全，商场,菜市场,银行等。2:小区内有健身器材,小型篮球 场，可供小区居民使用。3 :小区停车位充足,建有地面临时停车位以及底下停车 位。4 :小区内24小时保安巡逻",,"1契税:首套房成交价的1.5% ,二套房成交价的2% ,三套房成交价的3%。增值税:满2年免征,不满2年成交额征收5.6%。个税:不满5年征收1%","1:户型方正,格局分布合理,空间感好,通透性强,居住舒适。2:楼层佳,朝向南北,视野开阔，采光充沛。3:小区环境优美,绿化覆盖面积高,干净整洁,内有建设器材和娱乐场所,物业态度较好",,,,
89,南湖家苑二期2-2-1-1 95.60m² 108 万,100万,10430,武进区南夏墅街道,南湖家苑二期,2室2厅1厨1卫,低楼层 (共18层),95.88㎡,暂无数据,暂无数据,塔楼,南,钢混结构,精装,暂无数据,暂无数据,暂无数据,2023-03-01,商品房,2019-12-21,普通住宅,暂无数据,非共有,无抵押,已上传房本照片,好房力荐 满2 前排无遮挡 位置佳 通风好 房东诚售，价格可谈,小区生活实施齐全，商场，菜市场，银行等。 2：小区内有健身器材，小型篮球场，可供小区居民使用。 3：小区停车位充足，建有地面临时停车位以及底下停车位。 4：小区内24小时保安巡逻,,,1：户型方正，格局分布合理，空间感好，通透性强，居住舒适。 2：楼层佳，朝向南北，视野开阔，采光充沛。 3：小区环境优美，绿化覆盖面积高，干净整洁，内有建设器材和娱乐场所，,,,小区门口公交地铁都有，出行很方便，门口打车很方便，有很多出租车在门口，出了小区就是地铁一号线。,
90,高新区中梁百悦城毛坯三房采光充足房东诚售,115万,13176,武进区南夏墅街道,中梁百悦城,3室2厅1厨1卫,高楼层 (共18层),87.28㎡,暂无数据,暂无数据,暂无数据,东 南,未知结构,毛坯,暂无数据,暂无数据,暂无数据,2023-06-26,商品房,2021-07-08,普通住宅,暂无数据,共有,无抵押,已上传房本照片,高新区新小区，品质社区，视野宽阔，配套齐全，交通便利,小区环境优美，人车分流，楼间距大，小区是小高层为主，小区西门自带商铺，可以满足日常需求,小区生活设施齐，商场、菜市场、银行等，交通便捷； 小区内有健身器材，小型篮球场，可供小区居民使用； 小区内停车位充足，建有地上停车场和地下车库；,契税：A首套 90平以下1% B首套 90平以上1.5% C二套90平以下1% D二套90平以上2% E三套都是3%增值税：满两年免征 不满2年权.额征收5.6%个人所得税：不满5年征1%,1、户型周正，格局分布合理，空间感好，通透性强，居住舒适 2、南北朝向，视野开阔，采光通透 3、小区环境优美，绿化覆盖面积多，干净整洁，内有健身器材和小型娱乐设施。物业服务态度好。,,,,
91,出售 中梁百悦城毛坯4房 户型好 位置好 采光无遮挡,135万,11066,武进区南夏墅街道,中梁百悦城,4室2厅1厨2卫,低楼层 (共18层),122㎡,暂无数据,暂无数据,暂无数据,南 北,未知结构,毛坯,暂无数据,暂无数据,暂无数据,2023-08-02,商品房,暂无数据,普通住宅,暂无数据,共有,有抵押 客户偿还,未上传房本照片,户型方正 通风性佳 有钥匙 随时都可以看房,小区比较新，人车分流，24保安巡逻，配备管家式服务，小区环境较好小区旁配套齐全,,契税：A首套 90平以下1% B首套 90平以上1.5% C二套90平以下1% D二套90平以上2% E三套都是3% 增值税：满两年免征 不满2年权.额征收5.6% 个人所得税：不满5年征1%,户型动静分离，卧室独立分开 安静私密性更高。客厅卧室都有大窗户，采光面更高,,,,
92,诚心出售 南夏墅品质小区荣盛御府洋房 有钥匙可看房,165万,14348,武进区南夏墅街道,荣盛御府,3室2厅1厨2卫,高楼层 (共11层),115㎡,暂无数据,暂无数据,暂无数据,南 北,未知结构,毛坯,暂无数据,暂无数据,暂无数据,2023-04-23,商品房,暂无数据,普通住宅,暂无数据,共有,有抵押,未上传房本照片,此房户型方正 三房朝南加客厅朝南 中高楼层采光好 配套齐全,小区生活设施齐，商场、菜市场、银行等，交通便捷 2.小区内有健身器材，小型篮球场，可供小区居民使用 3.小区内停车位充足，建有地下停车场，人车分流。地上有会客停车位。 4.小区内24小时保安巡逻,,1.首套90平以下1% 2.首套90平以上1.5% 3.二套90平以下1% 4.二套90平以上2% 5.三套都是3% 增值税：产权满两年免征 产权不满两年征收比例为5.3% 个人所得税：产证满五唯一免征 其他统一1%,1.户型周正，格局分布合理，空间感好，通透性强，居住舒适 2.楼层佳，南北朝向，视野开阔，采光通透 3.小区环境优美，绿化覆盖面积多，干净整洁，内有健身器材和小型娱乐设施。物业服务态度好,,,,
93,诚心出售 南夏墅品质小区 新城都荟品质洋房 可看房,165万,13866,武进区南夏墅街道,新城都荟,3室2厅1厨3卫,低楼层 (共11层),119㎡,暂无数据,暂无数据,板楼,南,钢混结构,精装,暂无数据,暂无数据,暂无数据,2023-07-09,商品房,暂无数据,普通住宅,暂无数据,非共有,有抵押,未上传房本照片,户型方正 通风性佳 有钥匙 随时都可以看房,小区比较新，人车分流，24保安巡逻，配备管家式服务，小区环境较好小区旁配套齐全,,契税：A首套 90平以下1% B首套 90平以上1.5% C二套90平以下1% D二套90平以上2% E三套都是3% 增值税：满两年免征 不满2年权.额征收5.6% 个人所得税：不满5年征1%,户型动静分离，卧室独立分开 安静私密性更高。客厅卧室都有大窗户，采光面更高,,,,
94,诚心出售 南夏墅品质小区百悦城毛坯三房 楼层好采光好,125万,11905,武进区南夏墅街道,中梁百悦城,3室2厅1厨2卫,中楼层 (共17层),105㎡,暂无数据,暂无数据,暂无数据,南 北,未知结构,毛坯,暂无数据,暂无数据,暂无数据,2023-06-05,商品房,暂无数据,普通住宅,暂无数据,共有,有抵押,未上传房本照片,户型方正 通风性佳 有钥匙 随时都可以看房,小区比较新，人车分流，24保安巡逻，配备管家式服务，小区环境较好小区旁配套齐全,,契税：A首套 90平以下1% B首套 90平以上1.5% C二套90平以下1% D二套90平以上2% E三套都是3% 增值税：满两年免征 不满2年权.额征收5.6% 个人所得税：不满5年征1%,户型动静分离，卧室独立分开 安静私密性更高。客厅卧室都有大窗户，采光面更高,,,,
95,诚心出售 品质小区 新城都荟精装3房2卫 楼层采光无忧,160万,13560,武进区南夏墅街道,新城都荟,3室2厅1厨2卫,中楼层 (共20层),118㎡,暂无数据,暂无数据,板楼,南 北,钢混结构,精装,一梯两户,有,暂无数据,2023-08-07,商品房,暂无数据,普通住宅,暂无数据,共有,有抵押 60万元,未上传房本照片,户型方正 通风性佳 客厅卧室都有大窗户，采光面更高,小区比较新，人车分流，24保安巡逻，配备管家式服务，小区环境较好小区旁配套齐全,,契税：A首套 90平以下1% B首套 90平以上1.5% C二套90平以下1% D二套90平以上2% E三套都是3% 增值税：满两年免征 不满2年权.额征收5.6% 个人所得税：不满5年征1%,户型动静分离，卧室独立分开 安静私密性更高。客厅卧室都有大窗户，采光面更高,,,,
96,出售 中梁前黄壹号院3房2卫 楼层好 视野好 采光无忧,125万,10987,武进区南夏墅街道,中梁前黄壹号院,3室2厅1厨2卫,高楼层 (共18层),113.78㎡,暂无数据,暂无数据,暂无数据,南 北,未知结构,毛坯,暂无数据,暂无数据,暂无数据,2023-07-31,商品房,暂无数据,普通住宅,暂无数据,共有,有抵押,未上传房本照片,户型周正，格局合理空间感好，居住舒适。楼层佳,小区环境优美，绿化面积覆盖高，干净整洁，内有健身器材和娱乐广场，物业服务态度好,小区生活设施齐，商场菜市场、银行等，交通便捷； 2、小区内有健身器材，小型篮球场，可供小区居民使用； 3、小区内停车位充足，建有地上停车场和地下车库；,"契税：A首套 90平以下1% B首套 90平以上1.5% C二套90平以下1% D二套90平以上2% E三套都是3% 增值税：满两年免征 不满2年权 额征收5.3% 个人所得税：不满5年或不唯一征1%

房主自荐(业主对房源的描述)",,,,,
97,诚心出售 南夏墅 新城都荟 品质小区 采光好 楼层好,160万,13446,武进区南夏墅街道,新城都荟,3室2厅1厨2卫,低楼层 (共20层),119㎡,暂无数据,暂无数据,板楼,南 北,钢混结构,毛坯,暂无数据,暂无数据,暂无数据,2023-03-15,商品房,暂无数据,普通住宅,暂无数据,共有,无抵押,未上传房本照片,房东诚心出售，户型方正，采光无遮挡，通透性好，好楼层,1、小区生活设施齐，商场、菜市场、银行等，交通便捷；2、小区内有健身器材，小型篮球场，可供小区居民使用；3、小区内停车位充足，建有地上停车场和地下车库；4、小区内24小时保安巡逻。,,契税首套房成交价的1.5%，二套房成交价的2%，三套房成交价的3%； 增值税：满2年免征，不满2年成交额征收5.3%； 个税：不满5年征收1%,户型周正，格局分布合理，空间感好，通透性强，居住舒适；2、楼层佳，朝向南北，视野开阔，采光透亮；3、小区环境优美，绿化面积覆盖高，干净整洁，内有健身器材和娱乐广场，物业服务态度好；4、小区地理位置优越，交通便捷，辐射广，设施齐全，生活便利,,,,
98,出售 新城都荟精装3房 户型方正 南北通透 采光无遮挡,138万,14082,武进区南夏墅街道,新城都荟,3室2厅1厨2卫,低楼层 (共20层),98㎡,暂无数据,暂无数据,板楼,南 北,钢混结构,精装,一梯两户,有,暂无数据,2023-08-08,商品房,暂无数据,普通住宅,暂无数据,共有,有抵押 30万元,未上传房本照片,户型方正 通风性佳 客厅卧室都有大窗户，采光面更高,小区比较新，人车分流，24保安巡逻，配备管家式服务，小区环境较好小区旁配套齐全,,契税：A首套 90平以下1% B首套 90平以上1.5% C二套90平以下1% D二套90平以上2% E三套都是3% 增值税：满两年免征 不满2年权.额征收5.6% 个人所得税：不满5年征1%,户型动静分离，卧室独立分开 安静私密性更高。客厅卧室都有大窗户，采光面更高,,,,
99,诚心出售 中梁百悦城3房 户型方正 采光无忧 无遮挡,120万,11402,武进区南夏墅街道,中梁百悦城,3室2厅1厨2卫,低楼层 (共17层),105.25㎡,暂无数据,暂无数据,暂无数据,南 北,未知结构,简装,暂无数据,暂无数据,暂无数据,2023-08-03,商品房,暂无数据,普通住宅,暂无数据,共有,有抵押 20万元,未上传房本照片,户型方正 通风性佳 有钥匙 随时都可以看房,小区比较新，人车分流，24保安巡逻，配备管家式服务，小区环境较好小区旁配套齐全,,契税：A首套 90平以下1% B首套 90平以上1.5% C二套90平以下1% D二套90平以上2% E三套都是3% 增值税：满两年免征 不满2年权.额征收5.6% 个人所得税：不满5年征1%,户型动静分离，卧室独立分开 安静私密性更高。客厅卧室都有大窗户，采光面更高,,,,
100,诚心出售 南夏墅地铁口荣盛御府洋房 可看房 采光好,135万,12981,武进区南夏墅街道,荣盛御府,3室2厅1厨1卫,高楼层 (共8层),104㎡,暂无数据,暂无数据,暂无数据,南 北,未知结构,简装,暂无数据,暂无数据,暂无数据,2023-07-30,商品房,暂无数据,普通住宅,暂无数据,非共有,有抵押,未上传房本照片,户型方正 通风性佳 有钥匙 随时都可以看房,小区比较新，人车分流，24保安巡逻，配备管家式服务，小区环境较好小区旁配套齐全,,契税：A首套 90平以下1% B首套 90平以上1.5% C二套90平以下1% D二套90平以上2% E三套都是3% 增值税：满两年免征 不满2年权.额征收5.6% 个人所得税：不满5年征1%,户型动静分离，卧室独立分开 安静私密性更高。客厅卧室都有大窗户，采光面更高,,,,
101,新城都荟、毛坯好楼层、有钥匙、全天采光。,195万,15117,武进区南夏墅街道,新城都荟,4室2厅1厨2卫,中楼层 (共11层),129㎡,暂无数据,暂无数据,板楼,南 北,钢混结构,毛坯,暂无数据,暂无数据,暂无数据,2023-10-06,商品房,暂无数据,普通住宅,暂无数据,共有,无抵押,未上传房本照片,房东诚心出售，户型方正，采光无遮挡，通透性好，好楼层,1、小区生活设施齐，商场、菜市场、银行等，交通便捷；2、小区内有健身器材，小型篮球场，可供小区居民使用；3、小区内停车位充足，建有地上停车场和地下车库；4、小区内24小时保安巡逻。,,契税首套房成交价的1.5%，二套房成交价的2%，三套房成交价的3%； 增值税：满2年免征，不满2年成交额征收5.3%； 个税：不满5年征收1%,户型周正，格局分布合理，空间感好，通透性强，居住舒适；2、楼层佳，朝向南北，视野开阔，采光透亮,,,,
102,荣盛御府 三房二卫 毛坯出售 户型方正随时可看房,150万,12680,武进区南夏墅街道,荣盛御府,3室2厅1厨1卫,高楼层 (共8层),118.3㎡,暂无数据,暂无数据,暂无数据,南 北,未知结构,毛坯,暂无数据,暂无数据,暂无数据,2023-08-05,商品房,暂无数据,普通住宅,暂无数据,共有,有抵押 80万元,未上传房本照片,户型周正，格局合理空间感好，居住舒适。楼层佳,小区环境优美，绿化面积覆盖高，干净整洁，内有健身器材和娱乐广场，物业服务态度好,小区生活设施齐，商场菜市场、银行等，交通便捷； 2、小区内有健身器材，小型篮球场，可供小区居民使用； 3、小区内停车位充足，建有地上停车场和地下车库；,契税：A首套 90平以下1% B首套 90平以上1.5% C二套90平以下1% D二套90平以上2% E三套都是3% 增值税：满两年免征 不满2年权 额征收5.3% 个人所得税：不满5年或不唯一征1%,,,,,
103,急售 南夏墅上悦城 户型方正 随时看房,113万,12159,武进区南夏墅街道,上悦城,3室2厅1厨1卫,高楼层 (共20层),92.94㎡,暂无数据,暂无数据,暂无数据,南,未知结构,毛坯,暂无数据,暂无数据,暂无数据,2023-10-24,商品房,2023-07-07,普通住宅,未满两年,共有,有抵押,已上传房本照片,房东诚心出售，户型方正，通透性好，好楼层,1、小区生活设施齐，商场、菜市场、银行等，交通便捷；2、小区内有健身器材，小型篮球场，可供小区居民使用；3、小区内停车位充足，建有地上停车场和地下车库；4、小区内24小时保安巡逻。,,契税首套房成交价的1.5%，二套房成交价的2%，三套房成交价的3%； 增值税：满2年免征，不满2年成交额征收5.3%； 个税：不满5年征收1%,户型周正，格局分布合理，空间感好，通透性强，居住舒适；2、楼层佳，朝向南北，视野开阔，采光透亮,,,,
104,三开间朝南 高新区品质小区中梁百悦城 采光好 无遮挡,120万,11599,武进区南夏墅街道,中梁百悦城,3室2厅1厨2卫,高楼层 (共18层),103.46㎡,暂无数据,暂无数据,暂无数据,南 北,未知结构,毛坯,暂无数据,暂无数据,暂无数据,2023-03-06,商品房,暂无数据,普通住宅,暂无数据,非共有,有抵押 70万元 江南银行,未上传房本照片,"户型好,格局好,采光充足，交通便利","1:小区生活实施齐全，商场,菜市场,银行等。2:小区内有健身器材,小型篮球 场，可供小区居民使用。3 :小区停车位充足,建有地面临时停车位以及底下停车 位。4 :小区内24小时保安巡逻。",,"1契税:首套房成交价的1.5% ,二套房成交价的2% ,三套房成交价的3%。增值税:满2年免征,不满2年成交额征收5.6%。个税:不满5年征收1%","1:户型方正,格局分布合理,空间感好,通透性强,居住舒适。2:楼层佳,朝向南北,视野开阔，采光充沛。3:小区环境优美,绿化覆盖面积高,干净整洁,内有建设器材和娱乐场所,物业态度较好",,,,
105,诚心出售紫竹悦庭毛坯房 可随时看房 有钥匙 价可谈,130万,12358,武进区南夏墅街道,中梁百悦城,3室2厅1厨2卫,高楼层 (共18层),105.2㎡,暂无数据,暂无数据,暂无数据,东 南 北,未知结构,毛坯,暂无数据,暂无数据,暂无数据,2023-04-23,商品房,暂无数据,普通住宅,暂无数据,非共有,无抵押,未上传房本照片,此房户型方正 三房朝南加客厅朝南 中高楼层采光好 配套齐全,小区生活设施齐，商场、菜市场、银行等，交通便捷 2.小区内有健身器材，小型篮球场，可供小区居民使用 3.小区内停车位充足，建有地下停车场，人车分流。地上有会客停车位。 4.小区内24小时保安巡逻,,1.首套90平以下1% 2.首套90平以上1.5% 3.二套90平以下1% 4.二套90平以上2% 5.三套都是3% 增值税：产权满两年免征 产权不满两年征收比例为5.3% 个人所得税：产证满五唯一免征 其他统一1%,1.户型周正，格局分布合理，空间感好，通透性强，居住舒适 2.楼层佳，南北朝向，视野开阔，采光通透 3.小区环境优美，绿化覆盖面积多，干净整洁，内有健身器材和小型娱乐设施。物业服务态度好,,,,
106,新城都荟 业主诚心出售 价格能谈随时可看,168万,14045,武进区南夏墅街道,新城都荟,3室2厅1厨2卫,中楼层 (共20层),119.62㎡,暂无数据,暂无数据,板楼,南,钢混结构,精装,暂无数据,暂无数据,暂无数据,2023-03-28,商品房,暂无数据,普通住宅,暂无数据,非共有,有抵押 80万元 邮政 业主自还,未上传房本照片,房东诚心出售，户型方正，采光无遮挡，通透性好，好楼层,1、小区生活设施齐，商场、菜市场、银行等，交通便捷；2、小区内有健身器材，小型篮球场，可供小区居民使用；3、小区内停车位充足，建有地上停车场和地下车库；4、小区内24小时保安巡逻。,,契税首套房成交价的1.5%，二套房成交价的2%，三套房成交价的3%； 增值税：满2年免征，不满2年成交额征收5.3%； 个税：不满5年征收1%,户型周正，格局分布合理，空间感好，通透性强，居住舒适；2、楼层佳，朝向南北，视野开阔，采光透亮；3、小区环境优美，绿化面积覆盖高，干净整洁，内有健身器材和娱乐广场，物业服务态度好；4、小区地理位置优越，交通便捷，辐射广，设施齐全，生活便利,,,,
107,新城都荟 业主诚心出售 价格能谈随时看,155万,12016,武进区南夏墅街道,新城都荟,4室2厅1厨2卫,低楼层 (共11层),129㎡,暂无数据,暂无数据,板楼,南,钢混结构,毛坯,暂无数据,暂无数据,暂无数据,2023-03-31,商品房,暂无数据,普通住宅,暂无数据,共有,无抵押,未上传房本照片,房东诚心出售，户型方正，采光无遮挡，通透性好，好楼层,1、小区生活设施齐，商场、菜市场、银行等，交通便捷；2、小区内有健身器材，小型篮球场，可供小区居民使用；3、小区内停车位充足，建有地上停车场和地下车库；4、小区内24小时保安巡逻。,,契税首套房成交价的1.5%，二套房成交价的2%，三套房成交价的3%； 增值税：满2年免征，不满2年成交额征收5.3%； 个税：不满5年征收1%,户型周正，格局分布合理，空间感好，通透性强，居住舒适；2、楼层佳，朝向南北，视野开阔，采光透亮；3、小区环境优美，绿化面积覆盖高，干净整洁，内有健身器材和娱乐广场，物业服务态度好；4、小区地理位置优越，交通便捷，辐射广，设施齐全，生活便利,,,,
108,诚心出售 南夏墅地铁口 荣盛御府毛坯四房 看房方便,150万,12606,武进区南夏墅街道,新城都荟,3室2厅1厨2卫,低楼层 (共11层),119㎡,暂无数据,暂无数据,板楼,南 北,钢混结构,毛坯,暂无数据,暂无数据,暂无数据,2022-12-09,商品房,暂无数据,普通住宅,暂无数据,共有,有抵押 27万元 公积金,未上传房本照片,房屋格局好 布局合理，房东诚意出售,1.小区生活设施齐，商场 菜市场 银行等 交通便捷 2小区内有健身器材 ，可供小区居民使用。3小区车位充足 建有地上和地下停车场 .4小区内24小时保安巡逻,,契税：A首套 90平以下1% B首套 90平以上1.5% C二套90平以下1% D二套90平以上2% E三套都是3%增值税：满两年免征 不满2年权.额征收5.6%个人所得税：不满5年征1%,1、户型周正，格局分布合理，空间感好，通透性强，居住舒适 2、南北朝向，视野开阔，采光通透 3、小区环境优美，绿化覆盖面积多，干净整洁，内有健身器材和小型娱乐设施。物业服务态度好。,,,,
109,南湖家苑二期 精装三房 拎包入住,145万,10966,武进区南夏墅街道,南湖家苑二期,3室2厅1厨2卫,高楼层 (共18层),132.23㎡,暂无数据,暂无数据,塔楼,南 北,钢混结构,精装,两梯四户,有,暂无数据,2023-04-03,商品房,暂无数据,普通住宅,暂无数据,共有,无抵押,未上传房本照片,交通便利 环境好 配套齐全 小区物业不错,小区有24小时门岗。物业认真负责 小区绿化绿指都有专人经常打理的,,契税：1.首套90平以下1% 2.首套90平以上1.5% 3.二套90平以下1% 4.二套90平以上2% 5.三套都是3% 增值税：产权满两年免征 产权不满两年征收比例为5.3% 个人所得税：产证满五唯一免征 其他统一1%,1，户型周正，格局分布合理，空间感好，通透性强，居住舒适 2.楼层佳，南北朝向，视野开阔，采光通透 3.小区环境优美，绿化覆盖面积多，干净整洁，内有健身器材和小型娱乐设施,,,,
110,诚心出售 南夏墅地铁口荣盛御府洋房 有钥匙可看房,175万,14584,武进区南夏墅街道,荣盛御府,3室2厅1厨2卫,高楼层 (共11层),120㎡,暂无数据,暂无数据,暂无数据,南 北,未知结构,毛坯,暂无数据,暂无数据,暂无数据,2023-04-30,商品房,暂无数据,普通住宅,暂无数据,共有,无抵押,未上传房本照片,此房户型方正 三房朝南加客厅朝南 中高楼层采光好 配套齐全,小区生活设施齐商场菜市场银行等交通便捷2小区内有健身器材小型篮球场可供小区居民使用3小区内停车位充足建有地下停车场人车分流 地上24小时保安巡逻,,1.首套90平以下1% 2.首套90平以上1.5% 3.二套90平以下1% 4.二套90平以上2% 5.三套都是3% 增值税：产权满两年免征 产权不满两年征收比例为5.3% 个人所得税：产证满五唯一免征 其他统一1%,1.户型周正，格局分布合理，空间感好，通透性强，居住舒适 2.楼层佳，南北朝向，视野开阔，采光通透 3.小区环境优美，绿化覆盖面积多，干净整洁，内有健身器材和小型娱乐设施。物业服务态度好,,,,
111,诚心出售 新城都荟毛坯4房 户型方正 楼层好 采光无忧,190万,14729,武进区南夏墅街道,新城都荟,4室2厅1厨2卫,中楼层 (共11层),129㎡,暂无数据,暂无数据,板楼,南 北,钢混结构,毛坯,两梯两户,有,暂无数据,2023-08-07,商品房,暂无数据,普通住宅,暂无数据,共有,无抵押,未上传房本照片,房东诚心出售，户型方正，采光无遮挡，通透性好，好楼层,1、小区生活设施齐，商场、菜市场、银行等，交通便捷；2、小区内有健身器材，小型篮球场，可供小区居民使用；3、小区内停车位充足，建有地上停车场和地下车库；4、小区内24小时保安巡逻。,,契税首套房成交价的1.5%，二套房成交价的2%，三套房成交价的3%； 增值税：满2年免征，不满2年成交额征收5.3%； 个税：不满5年征收1%,户型周正，格局分布合理，空间感好，通透性强，居住舒适；2、楼层佳，朝向南北，视野开阔，采光透亮,,,,
112,荣盛御府洋房 户型方正 房东诚心出售 随时可看房,150万,12932,武进区南夏墅街道,荣盛御府,3室2厅1厨2卫,低楼层 (共11层),116㎡,暂无数据,暂无数据,暂无数据,南 北,未知结构,毛坯,暂无数据,暂无数据,暂无数据,2023-08-04,商品房,暂无数据,普通住宅,暂无数据,共有,有抵押,未上传房本照片,户型方正 通风性佳 有钥匙 随时都可以看房,小区比较新，人车分流，24保安巡逻，配备管家式服务，小区环境较好小区旁配套齐全,,契税：A首套 90平以下1% B首套 90平以上1.5% C二套90平以下1% D二套90平以上2% E三套都是3% 增值税：满两年免征 不满2年权.额征收5.6% 个人所得税：不满5年征1%,户型动静分离，卧室独立分开 安静私密性更高。客厅卧室都有大窗户，采光面更高,,,,
113,湖塘地铁口 精装大三室  全新自住 好房等你来,168.8万,12394,武进区南夏墅街道,荣盛御府,3室2厅1厨2卫,高楼层 (共11层),136.2㎡,暂无数据,暂无数据,板塔结合,南,钢混结构,精装,暂无数据,暂无数据,暂无数据,2023-02-17,商品房,暂无数据,普通住宅,暂无数据,共有,有抵押 95万元,未上传房本照片,好房力荐 满2 前排无遮挡 位置佳 通风好 房东诚售,小区生活实施齐全，商场，菜市场，银行等。 2：小区内有健身器材，小型篮球场，可供小区居民使用。 3：小区停车位充足，建有地面临时停车位以及底下停车位。 4：小区内24小时保安巡逻,紧靠地铁1号线，公交车也很方便，厂区比较多，电子厂机械厂都有，工作好找，生活便捷，价格亲民，适合刚需客户,,1：户型方正，格局分布合理，空间感好，通透性强，居住舒适。 2：楼层佳，朝向南北，视野开阔，采光充沛。 3：小区环境优美，绿化覆盖面积高，干净整洁，内有建设器材和娱乐场所，物业态度较好,,,,
114,出售 中梁前黄壹号院毛坯3房2卫 楼层好 户型好 采光好,140万,12069,武进区南夏墅街道,中梁前黄壹号院,3室2厅1厨2卫,中楼层 (共18层),116㎡,暂无数据,暂无数据,暂无数据,南 北,未知结构,毛坯,暂无数据,暂无数据,暂无数据,2023-07-31,商品房,暂无数据,普通住宅,暂无数据,非共有,有抵押,未上传房本照片,户型周正，格局合理空间感好，居住舒适。楼层佳,小区环境优美，绿化面积覆盖高，干净整洁，内有健身器材和娱乐广场，物业服务态度好,小区生活设施齐，商场菜市场、银行等，交通便捷； 2、小区内有健身器材，小型篮球场，可供小区居民使用； 3、小区内停车位充足，建有地上停车场和地下车库；,契税：A首套 90平以下1% B首套 90平以上1.5% C二套90平以下1% D二套90平以上2% E三套都是3% 增值税：满两年免征 不满2年权 额征收5.3% 个人所得税：不满5年或不唯一征1%,,,,,
115,诚心出售 南夏墅品质小区 新城都荟洋房 有钥匙可看房,145万,12185,武进区南夏墅街道,新城都荟,3室2厅1厨2卫,中楼层 (共11层),119㎡,暂无数据,暂无数据,板楼,南 北,钢混结构,毛坯,暂无数据,暂无数据,暂无数据,2023-07-13,商品房,暂无数据,普通住宅,暂无数据,非共有,有抵押,未上传房本照片,户型方正 通风性佳 有钥匙 随时都可以看房,小区比较新，人车分流，24保安巡逻，配备管家式服务，小区环境较好小区旁配套齐全,,契税：A首套 90平以下1% B首套 90平以上1.5% C二套90平以下1% D二套90平以上2% E三套都是3% 增值税：满两年免征 不满2年权.额征收5.6% 个人所得税：不满5年征1%,户型动静分离，卧室独立分开 安静私密性更高。客厅卧室都有大窗户，采光面更高,,,,
116,诚心出售 南夏墅地铁口荣盛御府洋房 有车位 可看房,145万,10822,武进区南夏墅街道,荣盛御府,3室2厅1厨1卫,低楼层 (共11层),133.99㎡,暂无数据,暂无数据,暂无数据,南 北,未知结构,毛坯,暂无数据,暂无数据,暂无数据,2023-02-24,商品房,暂无数据,普通住宅,暂无数据,共有,无抵押,未上传房本照片,此房户型方正，房间都很大，光线充足 ，房东诚心出售,1、小区生活设施齐，商场、菜市场、银行等，交通便捷； 2、小区内有健身器材，小型篮球场，可供小区居民使用； 3、小区内停车位充足，建有地上停车场和地下车库； 4、小区内24小时保安巡逻。,,契税：A首套 90平以下1% B首套 90平以上1.5% C二套90平以下1% D二套90平以上2% E三套都是3% 增值税：满两年免征 不满2年权.额征收5.6% 个人所得税：不满5年征1%、,1、户型周正，格局分布合理，空间感好，通透性强，居住舒适； 2、楼层佳，朝向南北，视野开阔，采光透亮,,,,
117,业主诚心出售 上悦城毛坯小三房 看房方便 楼层好,108万,13334,武进区南夏墅街道,上悦城,3室2厅1厨1卫,高楼层 (共20层),81㎡,暂无数据,暂无数据,暂无数据,南 北,未知结构,毛坯,暂无数据,暂无数据,暂无数据,2023-10-18,商品房,暂无数据,普通住宅,暂无数据,非共有,有抵押,未上传房本照片,小区人车分流，精装修边户 随时可签，看房方便，居住舒适,1.小区生活设施齐全，商场、菜市场、银行等，交通便捷 2.小区内有健身器材，小型篮球场，可供小区居民使用 3.小区内停车位充足，建有地下停车场，人车分流。地上有会客停车位。 4.小区内24小时保安巡逻。,,1.首套90平以下1% 2.首套90平以上1.5% 3.二套90平以下1% 4.二套90平以上2% 5.三套都是3% 增值税：产权满两年免征 产权不满两年征收比例为5.3% 个人所得税：产证满五唯一免征 其他统一1%,1.户型方正，整体布局合理。空间感好。2.居住舒适。楼层佳。朝向南北。视野开阔。采光透亮。3.小区环境优美。绿化面积高。干净整洁。4.内有健身器材和娱乐广场。5.物业服务态度好,,,,
118,荣盛御府 房东诚心出售 户型方正 随时可看房 有钥匙,110万,12223,武进区南夏墅街道,荣盛御府,3室2厅1厨1卫,低楼层 (共16层),90㎡,暂无数据,暂无数据,暂无数据,南 北,未知结构,毛坯,暂无数据,暂无数据,暂无数据,2023-08-07,商品房,暂无数据,普通住宅,暂无数据,非共有,有抵押 70万元,未上传房本照片,户型方正 通风性佳 有钥匙 随时都可以看房,小区比较新，人车分流，24保安巡逻，配备管家式服务，小区环境较好小区旁配套齐全,,契税：A首套 90平以下1% B首套 90平以上1.5% C二套90平以下1% D二套90平以上2% E三套都是3% 增值税：满两年免征 不满2年权.额征收5.6% 个人所得税：不满5年征1%,"：
户型动静分离，卧室独立分开 安静私密性更高。客厅卧室都有大窗户，采光面更高",,,,
119,上悦城花园 新小区 房东诚心出售 随时可看房 有钥匙,103万,12740,武进区南夏墅街道,上悦城,3室2厅1厨1卫,高楼层 (共20层),80.85㎡,暂无数据,暂无数据,暂无数据,南 北,未知结构,毛坯,暂无数据,暂无数据,暂无数据,2023-08-14,商品房,暂无数据,普通住宅,暂无数据,非共有,无抵押,未上传房本照片,房屋格局好 布局合理，房东诚意出售,1、小区生活设施齐，商场 菜市场 银行等 交通便捷 2、小区内有健身器材 ，可供小区居民使用 3、小区车位充足 建有地上和地下停车场 4、小区内24小时保安巡逻,,契税：A首套 90平以下1% B首套 90平以上1.5% C二套90平以下1% D二套90平以上2% E三套都是3%增值税：满两年免征 不满2年权.额征收5.6%个人所得税：不满5年征1%,1、户型周正，格局分布合理，空间感好，通透性强，居住舒适 2、南北朝向，视野开阔，采光通透 3、小区环境优美，绿化覆盖面积多，干净整洁，内有健身器材和小型娱乐设施。物业服务态度好。,,,,
120,南夏墅次新小区 上悦城花园 房东诚心出售 随时可看房,99万,12245,武进区南夏墅街道,上悦城,3室2厅1厨1卫,高楼层 (共20层),80.85㎡,暂无数据,暂无数据,暂无数据,南 北,未知结构,毛坯,暂无数据,暂无数据,暂无数据,2023-08-14,商品房,暂无数据,普通住宅,暂无数据,非共有,无抵押,未上传房本照片,房屋格局好 布局合理，房东诚意出售,1、小区生活设施齐，商场 菜市场 银行等 交通便捷 2、小区内有健身器材 ，可供小区居民使用 3、小区车位充足 建有地上和地下停车场 4、小区内24小时保安巡逻,,契税：A首套 90平以下1% B首套 90平以上1.5% C二套90平以下1% D二套90平以上2% E三套都是3%增值税：满两年免征 不满2年权.额征收5.6%个人所得税：不满5年征1%,1、户型周正，格局分布合理，空间感好，通透性强，居住舒适 2、南北朝向，视野开阔，采光通透 3、小区环境优美，绿化覆盖面积多，干净整洁，内有健身器材和小型娱乐设施。物业服务态度好。,,,,
121,南夏墅 上悦城 毛坯房东诚心出售 有钥匙随时可看房,101万,12493,武进区南夏墅街道,上悦城,3室2厅1厨1卫,高楼层 (共20层),80.85㎡,暂无数据,暂无数据,暂无数据,南 北,未知结构,毛坯,暂无数据,暂无数据,暂无数据,2023-08-14,商品房,暂无数据,普通住宅,暂无数据,非共有,无抵押,未上传房本照片,房东诚心出售，户型方正，采光无遮挡，通透性好，好楼层,1、小区生活设施齐，商场、菜市场、银行等，交通便捷；2、小区内有健身器材，小型篮球场，可供小区居民使用；3、小区内停车位充足，建有地上停车场和地下车库；4、小区内24小时保安巡逻。,,契税首套房成交价的1.5%，二套房成交价的2%，三套房成交价的3%； 增值税：满2年免征，不满2年成交额征收5.3%； 个税：不满5年征收1%,户型周正，格局分布合理，空间感好，通透性强，居住舒适；2、楼层佳，朝向南北，视野开阔，采光透亮；3、小区环境优美，绿化面积覆盖高，干净整洁，内有健身器材和娱乐广场，物业服务态度好；4、小区地理位置优越，交通便捷，辐射广，设施齐全，生活便利,,,,
122,南夏墅 地铁口 荣盛御府 小高层 随时看房,165万,12314,武进区南夏墅街道,荣盛御府,3室2厅1厨2卫,高楼层 (共11层),134㎡,暂无数据,暂无数据,暂无数据,南 北,钢混结构,毛坯,暂无数据,暂无数据,暂无数据,2023-03-27,商品房,暂无数据,普通住宅,暂无数据,共有,有抵押,未上传房本照片,房东诚心出售，户型方正，采光无遮挡，通透性好，好楼层,1、小区生活设施齐，商场、菜市场、银行等，交通便捷；2、小区内有健身器材，小型篮球场，可供小区居民使用；3、小区内停车位充足，建有地上停车场和地下车库；4、小区内24小时保安巡逻。,,契税首套房成交价的1.5%，二套房成交价的2%，三套房成交价的3%； 增值税：满2年免征，不满2年成交额征收5.3%； 个税：不满5年征收1%,户型周正，格局分布合理，空间感好，通透性强，居住舒适；2、楼层佳，朝向南北，视野开阔，采光透亮；3、小区环境优美，绿化面积覆盖高，干净整洁，内有健身器材和娱乐广场，物业服务态度好；4、小区地理位置优越，交通便捷，辐射广，设施齐全，生活便利,,,,
123,高新区地铁口新城都荟洋房毛坯三房采光充足房东诚售,165万,13866,武进区南夏墅街道,新城都荟,3室2厅1厨2卫,高楼层 (共11层),119㎡,暂无数据,暂无数据,板楼,南 北,钢混结构,毛坯,暂无数据,暂无数据,暂无数据,2022-08-03,商品房,暂无数据,普通住宅,暂无数据,共有,有抵押,未上传房本照片,地铁口新小区，品质洋房社区，视野宽阔，配套齐全，交通便利,小区环境优美，人车分流，楼间距大，小区是洋房和小高层为主，小区南门自带商铺，可以满足日常需求,小区生活设施齐，商场、菜市场、银行等，交通便捷； 小区内有健身器材，小型篮球场，可供小区居民使用； 小区内停车位充足，建有地上停车场和地下车库,契税：A首套 90平以下1% B首套 90平以上1.5% C二套90平以下1% D二套90平以上2% E三套都是3%增值税：满两年免征 不满2年权.额征收5.6%个人所得税：不满5年征1%,1、户型周正，格局分布合理，空间感好，通透性强，居住舒适 2、南北朝向，视野开阔，采光通透 3、小区环境优美，绿化覆盖面积多，干净整洁，内有健身器材和小型娱乐设施。物业服务态度好。,,,,
124,地铁口阳湖站南湖家苑 精装三室边户保养如新拎包即住,135万,11222,武进区南夏墅街道,南湖家苑二期,3室2厅1厨2卫,高楼层 (共18层),120.3㎡,暂无数据,暂无数据,塔楼,南 北,钢混结构,精装,两梯三户,有,暂无数据,2023-03-26,商品房,暂无数据,普通住宅,暂无数据,共有,有抵押 50万元,未上传房本照片,户型方正全朝南明亮通透视野好 设施配套齐全,1：小区生活实施齐全，商场，菜市场，银行等。 2：小区内有健身器材，小型篮球场，可供小区居民使用。 3：小区停车位充足，建有地面临时停车位以及底下停车位。 4：小区内24小时保安巡逻。,,契税：首套房成交价的1.5%，二套房成交价的2%，三套房成交价的3%。 增值税：满2年免征，不满2年成交额征收5.6%。 个税：不满5年征收1%,1：户型方正，格局分布合理，空间感好，通透性强，居住舒适。 2：楼层佳，朝向南北，视野开阔，采光充沛。 3：小区环境优美，绿化覆盖面积高，干净整洁，内有建设器材和娱乐场所，物业态度较好,,,,
125,高新区地铁口阳湖站南湖家苑 三开间朝南二室诚心出售,90万,10265,武进区南夏墅街道,南湖家苑二期,2室2厅1厨1卫,低楼层 (共18层),87.68㎡,暂无数据,暂无数据,塔楼,南,钢混结构,简装,四梯三户,有,暂无数据,2023-03-22,商品房,暂无数据,普通住宅,暂无数据,共有,有抵押 60万元,未上传房本照片,户型方正全朝南明亮通透视野好 设施配套齐全,1：小区生活实施齐全，商场，菜市场，银行等。 2：小区内有健身器材，小型篮球场，可供小区居民使用。 3：小区停车位充足，建有地面临时停车位以及底下停车位。 4：小区内24小时保安巡逻。,,契税：首套房成交价的1.5%，二套房成交价的2%，三套房成交价的3%。 增值税：满2年免征，不满2年成交额征收5.6%。 个税：不满5年征收1%,1：户型方正，格局分布合理，空间感好，通透性强，居住舒适。 2：楼层佳，朝向南北，视野开阔，采光充沛。 3：小区环境优美，绿化覆盖面积高，干净整洁，内有建设器材和娱乐场所，物业态度较好,,,,
126,南夏墅地铁口荣盛御府毛坯采光佳楼层好户型方正，看..,142万,11270,武进区南夏墅街道,荣盛御府,3室2厅1厨2卫,高楼层 (共11层),126㎡,暂无数据,暂无数据,板塔结合,南 北,钢混结构,毛坯,暂无数据,暂无数据,暂无数据,2023-01-06,商品房,暂无数据,普通住宅,暂无数据,非共有,无抵押,未上传房本照片,南夏墅地铁口荣盛御府，毛坯，采光佳，楼层好，户型方正，看..,小区环境优美，绿化覆盖率高，干净整洁，内有健身器材和娱乐广场，物业服务态度好； 2、小区地理位置优越，交通便捷，四通发达，设施齐全，生活便利,小区商圈：百悦城广场，地铁口一号线、大润发等，东边有大面积绿地公园，方便休闲、活动。,,户型周正，格局分布合理，空间感好，通透性好，适宜居住； 2、楼层好，朝向南北，视野开阔，采光透亮,,,,
127,南夏墅中梁百悦城 精装边户三房房东未曾入住 全天采光,155万,14623,武进区南夏墅街道,中梁百悦城,3室2厅1厨2卫,低楼层 (共18层),106㎡,暂无数据,暂无数据,暂无数据,南,钢混结构,精装,暂无数据,暂无数据,暂无数据,2023-05-16,商品房,暂无数据,普通住宅,暂无数据,共有,有抵押 80万元,未上传房本照片,户型方正全朝南明亮通透视野好 设施配套齐全,1：小区生活实施齐全，商场，菜市场，银行等。 2：小区内有健身器材，小型篮球场，可供小区居民使用。 3：小区停车位充足，建有地面临时停车位以及底下停车位。 4：小区内24小时保安巡逻。,,契税：首套房成交价的1.5%，二套房成交价的2%，三套房成交价的3%。 增值税：满2年免征，不满2年成交额征收5.6%。 个税：不满5年征收1%,1：户型方正，格局分布合理，空间感好，通透性强，居住舒适。 2：楼层佳，朝向南北，视野开阔，采光充沛。 3：小区环境优美，绿化覆盖面积高，干净整洁，内有建设器材和娱乐场所，物业态度较好,,,,
128,南湖家苑二期 地铁口交通便利 业主诚心出售,103万,10843,武进区南夏墅街道,南湖家苑二期,2室2厅1厨1卫,高楼层 (共18层),95㎡,暂无数据,暂无数据,塔楼,南,钢混结构,精装,暂无数据,暂无数据,暂无数据,2023-03-16,商品房,暂无数据,普通住宅,暂无数据,非共有,无抵押,未上传房本照片,此房户型方正，看房方便，随时可以看房。,1：户型方正，格局分布合理，空间感好，通透性强，居住舒适。 2：楼层佳，朝向南北，视野开阔，采光充沛。 3：小区环境优美，绿化覆盖面积高，干净整洁，内有建设器材和娱乐场所，物业态度较好,1：小区生活实施齐全，商场，菜市场，银行等。 2：小区内有健身器材，小型篮球场，可供小区居民使用。 3：小区停车位充足，建有地面临时停车位以及底下停车位。 4：小区内24小时保安巡逻。,契税：首套房成交价的1.5%，二套房成交价的2%，三套房成交价的3%。 增值税：满2年免征，不满2年成交额征收5.6%。 个税：不满5年征收1%,,,,,
129,业主诚心出售 南夏墅品质小区 中梁百悦城毛坯三房,130万,12265,武进区南夏墅街道,中梁百悦城,3室2厅1厨2卫,中楼层 (共18层),106㎡,暂无数据,暂无数据,暂无数据,南 北,钢混结构,毛坯,暂无数据,暂无数据,暂无数据,2023-03-07,商品房,暂无数据,普通住宅,暂无数据,非共有,无抵押,未上传房本照片,"户型好,格局好,采光充足，交通便利","1:小区生活实施齐全，商场,菜市场,银行等。2:小区内有健身器材,小型篮球 场，可供小区居民使用。3 :小区停车位充足,建有地面临时停车位以及底下停车 位。4 :小区内24小时保安巡逻。",,"1契税:首套房成交价的1.5% ,二套房成交价的2% ,三套房成交价的3%。增值税:满2年免征,不满2年成交额征收5.6%。个税:不满5年征收1%","1:户型方正,格局分布合理,空间感好,通透性强,居住舒适。2:楼层佳,朝向南北,视野开阔，采光充沛。3:小区环境优美,绿化覆盖面积高,干净整洁,内有建设器材和娱乐场所,物业态度较好",,,,
130,南夏墅品质小区 中梁百悦城毛坯三房 可随时看房,120万,13803,武进区南夏墅街道,中梁百悦城,3室2厅1厨1卫,中楼层 (共18层),86.94㎡,暂无数据,暂无数据,暂无数据,南 北,未知结构,毛坯,暂无数据,暂无数据,暂无数据,2023-03-12,商品房,暂无数据,普通住宅,暂无数据,非共有,有抵押,未上传房本照片,"户型好,格局好,采光充足，交通便利","1:小区生活实施齐全，商场,菜市场,银行等。2:小区内有健身器材,小型篮球 场，可供小区居民使用。3 :小区停车位充足,建有地面临时停车位以及底下停车 位。4 :小区内24小时保安巡逻。",,"1契税:首套房成交价的1.5% ,二套房成交价的2% ,三套房成交价的3%。增值税:满2年免征,不满2年成交额征收5.6%。个税:不满5年征收1%","1:户型方正,格局分布合理,空间感好,通透性强,居住舒适。2:楼层佳,朝向南北,视野开阔，采光充沛。3:小区环境优美,绿化覆盖面积高,干净整洁,内有建设器材和娱乐场所,物业态度较好",,,,
131,诚心出售 南夏墅品质小区 百悦城毛坯三房 楼层好,100万,11628,武进区南夏墅街道,中梁百悦城,3室2厅1厨1卫,中楼层 (共17层),86㎡,暂无数据,暂无数据,暂无数据,南 北,未知结构,毛坯,暂无数据,暂无数据,暂无数据,2023-06-05,商品房,暂无数据,普通住宅,暂无数据,共有,有抵押,未上传房本照片,户型方正 通风性佳 有钥匙 随时都可以看房,小区比较新，人车分流，24保安巡逻，配备管家式服务，小区环境较好小区旁配套齐全,,契税：A首套 90平以下1% B首套 90平以上1.5% C二套90平以下1% D二套90平以上2% E三套都是3% 增值税：满两年免征 不满2年权.额征收5.6% 个人所得税：不满5年征1%,户型动静分离，卧室独立分开 安静私密性更高。客厅卧室都有大窗户，采光面更高,,,,
132,南夏墅品质小区 中梁百悦城毛坯三房 可随时看房采光好,117万,11383,武进区南夏墅街道,中梁百悦城,3室2厅1厨2卫,中楼层 (共18层),102.79㎡,暂无数据,暂无数据,暂无数据,南 北,未知结构,毛坯,暂无数据,暂无数据,暂无数据,2023-03-12,商品房,暂无数据,普通住宅,暂无数据,非共有,有抵押,未上传房本照片,"户型好,格局好,采光充足，交通便利","1:小区生活实施齐全，商场,菜市场,银行等。2:小区内有健身器材,小型篮球 场，可供小区居民使用。3 :小区停车位充足,建有地面临时停车位以及底下停车 位。4 :小区内24小时保安巡逻。",,"1契税:首套房成交价的1.5% ,二套房成交价的2% ,三套房成交价的3%。增值税:满2年免征,不满2年成交额征收5.6%。个税:不满5年征收1%","1:户型方正,格局分布合理,空间感好,通透性强,居住舒适。2:楼层佳,朝向南北,视野开阔，采光充沛。3:小区环境优美,绿化覆盖面积高,干净整洁,内有建设器材和娱乐场所,物业态度较好",,,,
133,诚心出售 南夏墅地铁口 荣盛御府毛坯三房 有钥匙看房,100万,10199,武进区南夏墅街道,荣盛御府,2室2厅1厨2卫,低楼层 (共11层),98.05㎡,暂无数据,暂无数据,暂无数据,南 北,未知结构,毛坯,两梯两户,有,暂无数据,2023-08-05,商品房,暂无数据,普通住宅,暂无数据,非共有,有抵押 40万元,未上传房本照片,房东诚心出售，户型方正，通透性好，采光无遮挡。,小区生活实施齐全，商场，菜市场，银行等。 2：小区内有健身器材，小型篮球场，可供小区居民使用。 3：小区停车位充足，建有地面临时停车位以及底下停车位。 4：小区内24小时保安巡逻。,,首套房成交价的1.5%，二套房成交价的2%，三套房成交价的3%。 增值税：满2年免征，不满2年成交额征收5.6%。 个税：不满5年征收1%,户型方正，格局分布合理，空间感好，通透性强，居住舒适。 2：楼层佳，朝向南北，视野开阔，采光充沛。 3：小区环境优美，绿化覆盖面积高，干净整洁，内有建设器材和娱乐场所，物业态度较好,,,,
134,诚心出售 中梁百悦城毛坯3房 户型好 进出方便 无遮挡,92万,10583,武进区南夏墅街道,中梁百悦城,3室2厅1厨1卫,低楼层 (共18层),86.94㎡,暂无数据,暂无数据,暂无数据,南 北,未知结构,毛坯,暂无数据,暂无数据,暂无数据,2023-08-07,商品房,暂无数据,普通住宅,暂无数据,共有,有抵押 2万元,未上传房本照片,房东诚心出售，户型方正，采光无遮挡，通透性好,1、小区生活设施齐，商场、菜市场、银行等，交通便捷；2、小区内有健身器材，小型篮球场，可供小区居民使用；3、小区内停车位充足，建有地上停车场和地下车库；4、小区内24小时保安巡逻。,,契税首套房成交价的1.5%，二套房成交价的2%，三套房成交价的3%； 增值税：满2年免征，不满2年成交额征收5.3%； 个税：不满5年征收1%,户型周正，格局分布合理，空间感好，通透性强，居住舒适；2、楼层佳，朝向南北，视野开阔，采光透亮；,,,,
135,诚心出售 南夏墅品质小区 中梁百悦城毛坯三房 有钥匙,95万,10747,武进区南夏墅街道,中梁百悦城,3室2厅1厨1卫,低楼层 (共18层),88.4㎡,暂无数据,暂无数据,暂无数据,南 北,未知结构,毛坯,暂无数据,暂无数据,暂无数据,2023-03-19,商品房,暂无数据,普通住宅,暂无数据,共有,有抵押,未上传房本照片,此房户型方正 三房朝南加客厅朝南 中高楼层采光好 配套齐全,小区生活设施齐商场菜市场银行等交通便捷2小区内有健身器材小型篮球场可供小区居民使用3小区内停车位充足建有地下停车场人车分流 小区内24小时保安巡逻,,1.首套90平以下1% 2.首套90平以上1.5% 3.二套90平以下1% 4.二套90平以上2% 5.三套都是3% 增值税：产权满两年免征 产权不满两年征收比例为5.3% 个人所得税：产证满五唯一免征 其他统一1%,1.户型周正，格局分布合理，空间感好，通透性强，居住舒适 2.楼层佳，南北朝向，视野开阔，采光通透 3.小区环境优美，绿化覆盖面积多，干净整洁，内有健身器材和小型娱乐设施。物业服务态度好,,,,
136,上悦城 南夏墅次新小区 纯毛坯 有钥匙 房东诚售,103万,12742,武进区南夏墅街道,上悦城,3室2厅1厨1卫,中楼层 (共20层),80.84㎡,暂无数据,59.03㎡,暂无数据,南,未知结构,毛坯,暂无数据,暂无数据,暂无数据,2023-10-09,商品房,2023-07-03,普通住宅,未满两年,非共有,有抵押 5万元 工商银行 客户偿还,已上传房本照片,房东诚心出售，户型方正，通透性好，好楼层,1、小区生活设施齐，商场、菜市场、银行等，交通便捷；2、小区内有健身器材，小型篮球场，可供小区居民使用；3、小区内停车位充足，建有地上停车场和地下车库；4、小区内24小时保安巡逻。,,契税首套房成交价的1.5%，二套房成交价的2%，三套房成交价的3%； 增值税：满2年免征，不满2年成交额征收5.3%； 个税：不满5年征收1%,户型周正，格局分布合理，空间感好，通透性强，居住舒适；2、楼层佳，朝向南北，视野开阔，采光透亮,,,,
137,南夏墅 户型方正 装修好，满五唯一省个税,103万,10619,武进区南夏墅街道,南湖家苑二期,2室1厅1厨1卫,高楼层 (共18层),97㎡,暂无数据,暂无数据,塔楼,南,钢混结构,精装,暂无数据,暂无数据,暂无数据,2023-03-05,商品房,暂无数据,普通住宅,暂无数据,共有,有抵押,未上传房本照片,户型方正 业主诚意出售 满五唯一省个人所得税,小区生活设施齐，商场、市、菜市场、银行等，交通便捷；2、小区内有健身器材，小型篮球场，可供小区居民使用；3、小区内停车位充足，建有地上停车场和地下车库；4、小区内24小时保安巡逻。,,契税：首套房成交价的1.5%，二套房成交价的2%，三套房成交价的3%。 增值税：满2年免征，不满2年成交额征收5.6%。 个税：不满5年征收1%,1：户型方正，格局分布合理，空间感好，通透性强，居住舒适。 2：楼层佳，朝向南北，视野开阔，采光充沛。 3：小区环境优美，绿化覆盖面积高，干净整洁，内有建设器材和娱乐场所，物业态度较好,,,,
138,高新区地铁口阳湖站门口南湖家苑 精装二室业主诚心售,100万,10527,武进区南夏墅街道,南湖家苑二期,2室2厅1厨1卫,中楼层 (共18层),95㎡,暂无数据,暂无数据,塔楼,南 北,钢混结构,精装,暂无数据,暂无数据,暂无数据,2023-04-02,商品房,暂无数据,普通住宅,暂无数据,共有,无抵押,未上传房本照片,此房满五唯一 户型方正全朝南明亮通透视野好 设施配套齐全,1：小区生活实施齐全，商场，菜市场，银行等。 2：小区内有健身器材，小型篮球场，可供小区居民使用。 3：小区停车位充足，建有地面临时停车位以及底下停车位。 4：小区内24小时保安巡逻。,,契税：首套房成交价的1.5%，二套房成交价的2%，三套房成交价的3%。 增值税：满2年免征，不满2年成交额征收5.6%。 个税：不满5年征收1%,1：户型方正，格局分布合理，空间感好，通透性强，居住舒适。 2：楼层佳，朝向南北，视野开阔，采光充沛。 3：小区环境优美，绿化覆盖面积高，干净整洁，内有建设器材和娱乐场所，物业态度较好,,,,
139,上悦城 户型方正，采光无遮挡，通透性好,102万,12593,武进区南夏墅街道,上悦城,2室2厅1厨1卫,低楼层 (共20层),81㎡,暂无数据,暂无数据,暂无数据,南 北,未知结构,毛坯,暂无数据,暂无数据,暂无数据,2023-09-26,商品房,暂无数据,普通住宅,暂无数据,共有,有抵押 67万元 中国银行 客户偿还,未上传房本照片,房东诚心出售，户型方正，采光无遮挡，通透性好，纯毛坯,1、小区生活设施齐，商场、菜市场、银行等，交通便捷；2、小区内有健身器材，小型篮球场，可供小区居民使用；3、小区内停车位充足，建有地上停车场和地下车库；4、小区内24小时保安巡逻。,,契税首套房成交价的1.5%，二套房成交价的2%，三套房成交价的3%； 增值税：满2年免征，不满2年成交额征收5.3%； 个税：不满5年征收1%,户型周正，格局分布合理，空间感好，通透性强，居住舒适；2、楼层佳，朝向南北，视野开阔，采光透亮；3、小区环境优美，绿化面积覆盖高，干净整洁，内有健身器材和娱乐广场，物业服务态度好；4、小区地理位置优越，交通便捷，辐射广，设施齐全，生活便利,,,,
140,商场边百悦城，中间楼层，毛坯，置换急售，看房随时,115万,13222,武进区南夏墅街道,中梁百悦城,3室2厅1厨1卫,中楼层 (共17层),86.98㎡,暂无数据,暂无数据,暂无数据,北,未知结构,毛坯,暂无数据,暂无数据,暂无数据,2023-10-07,商品房,暂无数据,普通住宅,暂无数据,共有,无抵押,未上传房本照片,户型周正，格局合理空间感好，居住舒适。楼层佳,小区环境优美，绿化面积覆盖高，干净整洁，内有健身器材和娱乐广场，物业服务态度好,小区生活设施齐，商场菜市场、银行等，交通便捷； 2、小区内有健身器材，可供小区居民使用； 3、小区内停车位充足，建有地上停车场和地下车库；,契税：A首套 90平以下1% B首套 90平以上1.5% C二套90平以下1% D二套90平以上2% E三套都是3% 增值税：满两年免征 不满2年权 额征收5.3% 个人所得税：不满5年或不唯一征1%,,,,,
141,南湖家苑二期 2室2厅 南,95.4万,10000,武进区南夏墅街道,南湖家苑二期,2室2厅1厨1卫,高楼层 (共18层),95.34㎡,暂无数据,暂无数据,塔楼,南,钢混结构,简装,暂无数据,暂无数据,暂无数据,2023-08-29,商品房,暂无数据,普通住宅,暂无数据,非共有,无抵押,未上传房本照片,,,,,,,,,
142,房东诚心出售，户型方正采光无遮挡，通透性好好楼层,133.9万,13664,武进区南夏墅街道,新城都荟,3室2厅1厨1卫,中楼层 (共20层),98㎡,暂无数据,暂无数据,板楼,南,钢混结构,精装,十八梯两户,有,暂无数据,2023-03-06,商品房,暂无数据,普通住宅,暂无数据,共有,有抵押,未上传房本照片,房东诚心出售，户型方正，采光无遮挡，通透性好，好楼层,1、小区生活设施齐，商场、菜市场、银行等，交通便捷；2、小区内有健身器材，小型篮球场，可供小区居民使用；3、小区内停车位充足，建有地上停车场和地下车库；4、小区内24小时保安巡逻。,,契税首套房成交价的1.5%，二套房成交价的2%，三套房成交价的3%； 增值税：满2年免征，不满2年成交额征收5.3%； 个税：不满5年征收1%,户型周正，格局分布合理，空间感好，通透性强，居住舒适；2、楼层佳，朝向南北，视野开阔，采光透亮；3、小区环境优美，绿化面积覆盖高，干净整洁，内有健身器材和娱乐广场，物业服务态度好；4、小区地理位置优越，交通便捷，辐射广，设施齐全，生活便利,,,,
143,南夏墅上悦城房屋格局好 布局合理，房东诚意出售,126万,15556,武进区南夏墅街道,上悦城,3室2厅1厨1卫,中楼层 (共20层),81㎡,暂无数据,暂无数据,暂无数据,南 北,未知结构,简装,暂无数据,暂无数据,暂无数据,2023-07-18,商品房,暂无数据,普通住宅,暂无数据,非共有,有抵押,未上传房本照片,房屋格局好 布局合理，房东诚意出售,1、小区生活设施齐，商场 菜市场 银行等 交通便捷 2、小区内有健身器材 ，可供小区居民使用 3、小区车位充足 建有地上和地下停车场 4、小区内24小时保安巡逻,,契税：A首套 90平以下1% B首套 90平以上1.5% C二套90平以下1% D二套90平以上2% E三套都是3%增值税：满两年免征 不满2年权.额征收5.6%个人所得税：不满5年征1%,1、户型周正，格局分布合理，空间感好，通透性强，居住舒适 2、南北朝向，视野开阔，采光通透 3、小区环境优美，绿化覆盖面积多，干净整洁，内有健身器材和小型娱乐设施。物业服务态度好。,,,,
144,高新区南夏墅嘉宏蓝爵三房两卫采光充足房东诚售,140万,14307,武进区南夏墅街道,嘉宏蓝爵,3室2厅1厨2卫,低楼层 (共17层),97.86㎡,暂无数据,暂无数据,暂无数据,东南,未知结构,毛坯,暂无数据,暂无数据,暂无数据,2023-10-13,商品房,暂无数据,普通住宅,暂无数据,非共有,有抵押,未上传房本照片,采光佳，环境好，靠公园，楼层好，户型不错 随时可看,1、小区生活设施齐，商场、菜市场、银行等，交通便捷； 2、小区内有健身器材，小型篮球场，可供小区居民使用； 3、小区内停车位充足，建有地上停车场和地下车库； 4、小区内24小时保安巡逻,,契税：A首套 90平以下1% B首套 90平以上1.5% C二套90平以下1% D二套90平以上2% E三套都是3% 增值税：满两年免征 不满2年权.额征收5.3% 个人所得税：不满5年征1%,1、户型周正，格局分布合理，空间感好，通透性强，居住舒适； 2、楼层佳，朝向南北，视野开阔，采光透亮,,,,
145,新城都荟 满二自住房 房东诚心出售,135万,11250,武进区南夏墅街道,新城都荟,3室2厅1厨2卫,高楼层 (共7层),120㎡,暂无数据,暂无数据,板楼,南,钢混结构,简装,一梯两户,有,暂无数据,2023-10-06,商品房,暂无数据,普通住宅,暂无数据,共有,有抵押,未上传房本照片,房东诚心出售，户型方正，采光无遮挡，通透性好，好楼层,1、小区生活设施齐，商场、菜市场、银行等，交通便捷；2、小区内有健身器材，小型篮球场，可供小区居民使用；3、小区内停车位充足，建有地上停车场和地下车库；4、小区内24小时保安巡逻。,,契税首套房成交价的1.5%，二套房成交价的2%，三套房成交价的3%； 增值税：满2年免征，不满2年成交额征收5.3%； 个税：不满5年征收1%,户型周正，格局分布合理，空间感好，通透性强，居住舒适；2、楼层佳，朝向南北，视野开阔，采光透亮；,,,,
146,东边户 户型方正  景观楼层 房东诚心出售 随时可看房,190万,14180,武进区南夏墅街道,荣盛御府,3室2厅1厨2卫,中楼层 (共11层),134㎡,暂无数据,暂无数据,暂无数据,南 北,钢混结构,毛坯,暂无数据,暂无数据,暂无数据,2023-11-23,商品房,暂无数据,普通住宅,暂无数据,共有,有抵押,未上传房本照片,此房户型方正 三房朝南加客厅朝南 中高楼层采光好 东边户,小区生活设施齐商场菜市场银行等交通便捷2小区内有健身器材小型篮球场可供小区居民使用3小区内停车位充足建有地下停车场人车分流 地上24小时保安巡逻,,1.首套90平以下1% 2.首套90平以上1.5% 3.二套90平以下1% 4.二套90平以上2% 5.三套都是3% 增值税：产权满两年免征 产权不满两年征收比例为5.3% 个人所得税：产证满五唯一免征 其他统一1%,1.户型周正，格局分布合理，空间感好，通透性强，居住舒适 2.楼层佳，南北朝向，视野开阔，采光通透 3.小区环境优美，绿化覆盖面积多，干净整洁，内有健身器材和小型娱乐设施。物业服务态度好,,,,
147,中梁百悦城 户型方正 精装领包入住 随时可看房,156万,13463,武进区南夏墅街道,中梁百悦城,4室2厅1厨2卫,低楼层 (共18层),115.88㎡,暂无数据,暂无数据,暂无数据,南 北,未知结构,精装,暂无数据,暂无数据,暂无数据,2023-11-24,商品房,暂无数据,普通住宅,暂无数据,共有,无抵押,未上传房本照片,力荐好房  无遮挡 位置佳 通风好 房东诚售,小区生活实施齐全，商场，菜市场，银行等。 2：小区内有健身器材，小型篮球场，可供小区居民使用。 3：小区停车位充足，建有地面临时停车位以及底下停车位。 4：小区内24小时保安巡逻,,契税：1.首套90平以下1% 2.首套90平以上1.5% 3.二套90平以下1% 4.二套90平以上2% 5.三套都是3% 增值税：产权满两年免征 产权不满两年征收比例为5.3% 个人所得税：其他统一1%,1：户型方正，格局分布合理，空间感好，通透性强，居住舒适。 2：楼层佳，朝向南北，视野开阔，采光充沛。 3：小区环境优美，绿化覆盖面积高，干净整洁，内有建设器材和娱乐场所，物业态度较好,,,,
148,前黄壹号院 户型方正 房东诚心出售 有钥匙 随时可看房,145万,12461,武进区南夏墅街道,中梁前黄壹号院,3室2厅1厨2卫,低楼层 (共18层),116.37㎡,暂无数据,暂无数据,暂无数据,南 北,未知结构,毛坯,暂无数据,暂无数据,暂无数据,2023-10-18,商品房,暂无数据,普通住宅,暂无数据,共有,有抵押 17万元,未上传房本照片,前排位置 南北向 看房有钥匙 诚意出售 保养新 楼层好 采光佳,,小区生活设施齐，商场、菜市场、银行等，交通便捷； 小区内有健身器材，小型篮球场，可供小区居民使用； 小区内停车位充足，建有地上停车场和地下车库；,契税：A首套 90平以下1% B首套 90平以上1.5% C二套90平以下1% D二套90平以上2% E三套都是3% 增值税：满两年免征 不满2年权 额征收5.3% 个人所得税：不满5年或不唯一征1%,户型周正，格局分布合理，空间感好，通透性强，居住舒适； 楼层佳，朝向南北，视野开阔，采光透亮,,,,
149,嘉宏蓝爵 有钥匙随时可看 纯毛坯,130万,13132,武进区南夏墅街道,嘉宏蓝爵,3室2厅1厨2卫,低楼层 (共9层),99㎡,暂无数据,暂无数据,暂无数据,南,未知结构,毛坯,暂无数据,暂无数据,暂无数据,2023-10-09,商品房,暂无数据,普通住宅,暂无数据,非共有,有抵押 90万元,未上传房本照片,户型方正 通风性佳 有钥匙 随时都可以看房,小区比较新，人车分流，24保安巡逻，配备管家式服务，小区环境较好小区旁配套齐全,,契税：A首套 90平以下1% B首套 90平以上1.5% C二套90平以下1% D二套90平以上2% E三套都是3% 增值税：满两年免征 不满2年权.额征收5.6% 个人所得税：不满5年征1%,户型动静分离，卧室独立分开 安静私密性更高。客厅卧室都有大窗户，采光面更高,,,,
150,武高新 地铁口 荣盛御府 精装未入住 小高层 随时看房,200万,15806,武进区南夏墅街道,荣盛御府,4室2厅1厨2卫,中楼层 (共11层),126.54㎡,暂无数据,暂无数据,暂无数据,南,未知结构,精装,暂无数据,暂无数据,暂无数据,2023-03-12,商品房,暂无数据,普通住宅,暂无数据,共有,无抵押,未上传房本照片,房东诚心出售，户型方正，采光无遮挡，通透性好，好楼层,1、小区生活设施齐，商场、菜市场、银行等，交通便捷；2、小区内有健身器材，小型篮球场，可供小区居民使用；3、小区内停车位充足，建有地上停车场和地下车库；4、小区内24小时保安巡逻。,,契税首套房成交价的1.5%，二套房成交价的2%，三套房成交价的3%； 增值税：满2年免征，不满2年成交额征收5.3%； 个税：不满5年征收1%,户型周正，格局分布合理，空间感好，通透性强，居住舒适；2、楼层佳，朝向南北，视野开阔，采光透亮；3、小区环境优美，绿化面积覆盖高，干净整洁，内有健身器材和娱乐广场，物业服务态度好；4、小区地理位置优越，交通便捷，辐射广，设施齐全，生活便利,,,,
151,上悦城 南夏墅 户型方正 房东诚售,125万,13587,武进区南夏墅街道,上悦城,3室2厅1厨1卫,中楼层 (共19层),92㎡,暂无数据,暂无数据,暂无数据,南,未知结构,毛坯,暂无数据,暂无数据,暂无数据,2023-10-09,商品房,暂无数据,普通住宅,暂无数据,共有,有抵押,未上传房本照片,房东诚心出售，户型方正，采光无遮挡，通透性好，好楼层,1、小区生活设施齐，商场、菜市场、银行等，交通便捷；2、小区内有健身器材，小型篮球场，可供小区居民使用；3、小区内停车位充足，建有地上停车场和地下车库；4、小区内24小时保安巡逻。,,契税首套房成交价的1.5%，二套房成交价的2%，三套房成交价的3%； 增值税：满2年免征，不满2年成交额征收5.3%； 个税：不满5年征收1%,户型周正，格局分布合理，空间感好，通透性强，居住舒适；2、楼层佳，朝向南北，视野开阔，采光透亮；3、小区环境优美，绿化面积覆盖高，干净整洁，内有健身器材和娱乐广场，物业服务态度好；4、小区地理位置优越，交通便捷，辐射广，设施齐全，生活便利,,,,
152,南湖家苑二期 2室2厅 南,98万,9800,武进区南夏墅街道,南湖家苑二期,2室2厅1厨2卫,低楼层 (共18层),100㎡,暂无数据,暂无数据,塔楼,南,钢混结构,精装,一梯三户,有,暂无数据,2024-03-13,商品房,暂无数据,普通住宅,暂无数据,共有,有抵押 20万元 商贷,未上传房本照片,,,,,,,,,
153,南夏墅 中梁百悦城 户型方正南北通透 房东诚心出售,145万,12609,武进区南夏墅街道,中梁百悦城,4室2厅1厨2卫,高楼层 (共18层),115㎡,暂无数据,暂无数据,暂无数据,南 北,未知结构,毛坯,暂无数据,暂无数据,暂无数据,2023-12-23,商品房,暂无数据,普通住宅,暂无数据,共有,有抵押,未上传房本照片,房东诚心出售置换 户型方正，配套齐全,1.小区生活设施完全， 2：小区里面人车分流，绿化高，环境不错。有健身器材，小型篮球场，可供小区居民使用。 3：小区停车位充足，建有地面临时停车位以及底下停车位。 4：小区内24小时保安巡逻,,"首套房90平米以下成交价的1%,90平米以上成交价的1.5%,二套房90平以下1%,以上2%,三套房不论大小均为3%;增值税分析:产证满2年免收增值税,未满2年征收5.3%;个税:产证满五年而且是唯套住房,免收个税,未满5年成交价的1%",三开间朝南户型 3+1房 前排无遮挡 视野良好 采光充足 看房提前联系 诚心出售的,,,,
154,前黄瑞景花园，户型方正 房东诚心出售 随时可以看房,178万,12443,武进区南夏墅街道,瑞景花园,4室2厅1厨2卫,低楼层 (共17层),143.06㎡,暂无数据,暂无数据,暂无数据,南 北,未知结构,精装,暂无数据,暂无数据,暂无数据,2024-02-19,商品房,2017-01-13,普通住宅,暂无数据,共有,有抵押,已上传房本照片,空间感好，通透性强，居住舒适； 层佳，朝向南北，视野开.,1、小区生活设施齐，商场、菜市场、银行等，交通便捷；2、小区内有健身器材，小型篮球场，可供小区居民使用；,,契税：A首套 90平以下1% B首套 90平以上1.5% C二套90平以下1% D二套90平以上2% E三套都是3% 增值税：满两年免征 不满2年权.额征收5.3% 个人所得税：不满5年征1,户型周正，格局分布合理，空间感好，通透性强，居住舒适； 2、楼层佳，朝向南北，视野开阔，采光透亮；,,,,
155,南夏墅中梁百悦城 刚需三房好楼层诚心出售有钥匙看房,105万,12078,武进区南夏墅街道,中梁百悦城,2室2厅1厨1卫,中楼层 (共18层),86.94㎡,暂无数据,暂无数据,暂无数据,南,未知结构,毛坯,暂无数据,暂无数据,暂无数据,2024-02-28,商品房,2021-11-01,普通住宅,暂无数据,非共有,有抵押 50万元,已上传房本照片,户型方正全朝南明亮通透视野好 设施配套齐全,1：小区生活实施齐全，商场，菜市场，银行等。 2：小区内有健身器材，小型篮球场，可供小区居民使用。 3：小区停车位充足，建有地面临时停车位以及底下停车位。 4：小区内24小时保安巡逻。,,契税：首套房成交价的1.5%，二套房成交价的2%，三套房成交价的3%。 增值税：满2年免征，不满2年成交额征收5.6%。 个税：不满5年征收1%,1：户型方正，格局分布合理，空间感好，通透性强，居住舒适。 2：楼层佳，朝向南北，视野开阔，采光充沛。 3：小区环境优美，绿化覆盖面积高，干净整洁，内有建设器材和娱乐场所，物业态度较好,,,,
156,诚心出售 品质小区 新城都荟3房2卫 楼层好 户型方正,145万,12185,武进区南夏墅街道,新城都荟,3室2厅1厨2卫,高楼层 (共19层),119㎡,暂无数据,暂无数据,板楼,南 北,钢混结构,毛坯,暂无数据,暂无数据,暂无数据,2024-01-04,商品房,暂无数据,普通住宅,暂无数据,共有,有抵押,未上传房本照片,采光佳，环境好，靠公园，楼层好，户型不错 随时可看,1、小区生活设施齐，商场、菜市场、银行等，交通便捷； 2、小区内有健身器材，小型篮球场，可供小区居民使用； 3、小区内停车位充足，建有地上停车场和地下车库； 4、小区内24小时保安巡逻,,契税：A首套 90平以下1% B首套 90平以上1.5% C二套90平以下1% D二套90平以上2% E三套都是3% 增值税：满两年免征 不满2年权.额征收5.3% 个人所得税：不满5年征1%,1、户型周正，格局分布合理，空间感好，通透性强，居住舒适； 2、楼层佳，朝向南北，视野开阔，采光透亮,,,,
157,上悦城3室2厅1卫，毛坯，采光好，价格可以谈，诚心,135万,14587,武进区南夏墅街道,上悦城,3室2厅1厨1卫,低楼层 (共20层),92.55㎡,暂无数据,暂无数据,暂无数据,南,未知结构,毛坯,暂无数据,暂无数据,暂无数据,2024-01-19,商品房,2023-06-29,普通住宅,未满两年,非共有,有抵押 90万元 江南银行 业主自还,已上传房本照片,房东诚心出售，户型方正，通透性好，采光无遮挡,1、小区生活设施齐，商场、菜市场、银行等，交通便捷；2、小区内有健身器材，小型篮球场，可供小区居民使用；3、小区内停车位充足，建有地上停车场和地下车库；4、小区内24小时保安巡逻。,,房屋产权70年契税；首套房契税小于90平方计税价格百分之1个点，大于90平方计税价格百分之1.5个点，二套契税小于90平方计税价格百分之1个点，大于90平方计税价格百分之2个点。三套以上计税价格百分之3个点，2；增值税满二年免征，不满二年征5.3%,户型方正，格局分布十分合理。空间感好。居住舒适。楼层佳。朝向南北。视野开阔。采光透亮。小区环境优美。绿化面积高。干净整洁。内有健身器材和娱乐广场。物业服务态度好,,,,
158,荣盛御府 3室2厅 南,155万,11376,武进区南夏墅街道,荣盛御府,3室2厅1厨2卫,中楼层 (共11层),136.26㎡,暂无数据,暂无数据,暂无数据,南,钢混结构,其他,暂无数据,暂无数据,暂无数据,2024-03-17,商品房,2018-06-02,普通住宅,满五年,非共有,暂无数据,已上传房本照片,,,,,,,,,
159,百悦城商场旁 中南上悦城精装修卫入住 3房,115万,14226,武进区南夏墅街道,上悦城,3室2厅1厨1卫,高楼层 (共20层),80.84㎡,暂无数据,暂无数据,暂无数据,南,未知结构,精装,暂无数据,暂无数据,暂无数据,2024-03-11,商品房,2023-08-04,普通住宅,未满两年,非共有,有抵押,已上传房本照片,百悦城商场旁 中南上悦城精装修卫入住 3房,,,契税：A首套 90平以下1% B首套 90平以上1.5% C二套90平以下1% D二套90平以上2% E三套都是3% 增值税：满两年免征 不满2年权.额征收5.6% 个人所得税：不满5年征1%,户型动静分离，卧室独立分开 安静私密性更高。客厅卧室都有大窗户，采光面更高,,房东自己精装修的，花了16万左右，马上收工了，没有入住过。小区是23年3月才交付。,,
160,诚心出售 中梁百悦城3房 位置好 采光无遮挡,103万,11649,武进区南夏墅街道,中梁百悦城,3室2厅1厨1卫,低楼层 (共17层),88.42㎡,暂无数据,暂无数据,暂无数据,南 北,未知结构,毛坯,暂无数据,暂无数据,暂无数据,2024-03-10,商品房,暂无数据,普通住宅,暂无数据,共有,无抵押,未上传房本照片,户型周正，格局合理空间感好，居住舒适。楼层佳,小区环境优美，绿化面积覆盖高，干净整洁，内有健身器材和娱乐广场，物业服务态度好,小区生活设施齐，商场菜市场、银行等，交通便捷； 2、小区内有健身器材，可供小区居民使用； 3、小区内停车位充足，建有地上停车场和地下车库；,契税：A首套 90平以下1% B首套 90平以上1.5% C二套90平以下1% D二套90平以上2% E三套都是3% 增值税：满两年免征 不满2年权 额征收5.3% 个人所得税：不满5年或不唯一征1%,,,,,
161,"中梁百悦城 户型好,格局好,采光充足，交通便利",118万,11212,武进区南夏墅街道,中梁百悦城,3室2厅1厨2卫,低楼层 (共17层),105.25㎡,暂无数据,暂无数据,暂无数据,南,未知结构,毛坯,暂无数据,暂无数据,暂无数据,2024-03-18,商品房,2024-03-18,普通住宅,未满两年,共有,有抵押 50万元,已上传房本照片,"户型好,格局好,采光充足，交通便利","1:小区生活实施齐全，商场,菜市场,银行等。2:小区内有健身器材,小型篮球 场，可供小区居民使用。3 :小区停车位充足,建有地面临时停车位以及底下停车 位。4 :小区内24小时保安巡逻。",,"1契税:首套房成交价的1.5% ,二套房成交价的2% ,三套房成交价的3%。增值税:满2年免征,不满2年成交额征收5.6%。个税:不满5年征收1%","1:户型方正,格局分布合理,空间感好,通透性强,居住舒适。2:楼层佳,朝向南北,视野开阔，采光充沛。3:小区环境优美,绿化覆盖面积高,干净整洁,内有建设器材和娱乐场所,物业态度较好",,,,
162,上悦城毛坯三房，采光好，小区比较新，楼层不错。,128万,13773,武进区南夏墅街道,上悦城,3室2厅1厨1卫,中楼层 (共20层),92.94㎡,暂无数据,暂无数据,暂无数据,南,未知结构,毛坯,暂无数据,暂无数据,暂无数据,2024-01-19,商品房,2023-07-07,普通住宅,未满两年,共有,有抵押 89万元 工商银行武进支行 业主自还,已上传房本照片,房东诚心出售，户型方正，通透性好，采光无遮挡,1、小区生活设施齐，商场、菜市场、银行等，交通便捷；2、小区内有健身器材，小型篮球场，可供小区居民使用；3、小区内停车位充足，建有地上停车场和地下车库；4、小区内24小时保安巡逻。,,房屋产权70年契税；首套房契税小于90平方计税价格百分之1个点，大于90平方计税价格百分之1.5个点，二套契税小于90平方计税价格百分之1个点，大于90平方计税价格百分之2个点。三套以上计税价格百分之3个点，2；增值税满二年免征，不满二年征5.3%,户型方正，格局分布十分合理。空间感好。居住舒适。楼层佳。朝向南北。视野开阔。采光透亮。小区环境优美。绿化面积高。干净整洁。内有健身器材和娱乐广场。物业服务态度好,,,,
163,诚心出售 品质小区新城都荟98平 南北通透户型 双阳台,130万,13266,武进区南夏墅街道,新城都荟,3室2厅1厨1卫,低楼层 (共20层),98㎡,暂无数据,暂无数据,板楼,南 北,钢混结构,精装,暂无数据,暂无数据,暂无数据,2024-03-06,商品房,暂无数据,普通住宅,暂无数据,共有,有抵押 70万元,未上传房本照片,诚心出售 品质小区新城都荟 南北通透户型 双阳台 楼层好 采光好,1、小区生活设施齐，商场、菜市场、银行等，交通便捷；2、小区内有健身器材，小型篮球场，可供小区居民使用；3、小区内停车位充足，建有地上停车场和地下车库；4、小区内24小时保安巡逻。,,契税首套房成交价的1.5%，二套房成交价的2%，三套房成交价的3%； 增值税：满2年免征，不满2年成交额征收5.3%； 个税：不满5年征收1%,户型周正，格局分布合理，空间感好，通透性强，居住舒适；2、楼层佳，朝向南北，视野开阔，采光透亮；,,,,
164,上悦城房东诚心出售，户型方正，通透性好，采光无遮挡,115万,12374,武进区南夏墅街道,上悦城,3室2厅1厨1卫,高楼层 (共20层),92.94㎡,暂无数据,暂无数据,板楼,南 北,钢混结构,毛坯,两梯五户,有,暂无数据,2024-03-06,商品房,2023-02-06,普通住宅,未满两年,非共有,有抵押 20万元,已上传房本照片,房东诚心出售，户型方正，通透性好，采光无遮挡,1、小区生活设施齐，商场、菜市场、银行等，交通便捷；2、小区内有健身器材，小型篮球场，可供小区居民使用；3、小区内停车位充足，建有地上停车场和地下车库；4、小区内24小时保安巡逻。,,房屋产权70年契税；首套房契税小于90平方计税价格百分之1个点，大于90平方计税价格百分之1.5个点，二套契税小于90平方计税价格百分之1个点，大于90平方计税价格百分之2个点。三套以上计税价格百分之3个点，2；增值税满二年免征，不满二年征5.3%,户型方正，格局分布十分合理。空间感好。居住舒适。楼层佳。朝向南北。视野开阔。采光透亮。小区环境优美。绿化面积高。干净整洁。内有健身器材和娱乐广场。物业服务态度好,,,,
165,南湖家苑精装满二、交通便利，采光好，诚心出售。,105万,9947,武进区南夏墅街道,南湖家苑二期,3室2厅1厨2卫,中楼层 (共18层),105.56㎡,暂无数据,暂无数据,塔楼,南 北,钢混结构,精装,暂无数据,暂无数据,暂无数据,2024-02-20,商品房,暂无数据,普通住宅,暂无数据,非共有,无抵押,未上传房本照片,精装修满二，房东诚心出售，采光通风性能好,小区居民文化素养高。环境优雅. 老少皆宜 .........,,契税：A首套 90平以下1% B首套 90平以上1.5% C二套90平以下1% D二套90平以上2% E三套都是3% 增值税：满两年免征 不满2年权.额征收5.6% 个人所得税：不满5年征1%,,,,大学城，BRT，武进公交总站，武进客运站，学府东苑市场出行方便....,
166,南湖家苑二期 3室2厅 南,99万,9397,武进区南夏墅街道,南湖家苑二期,3室2厅1厨1卫,中楼层 (共18层),105.36㎡,暂无数据,暂无数据,塔楼,南,钢混结构,其他,暂无数据,暂无数据,暂无数据,2024-03-12,商品房,暂无数据,普通住宅,暂无数据,非共有,暂无数据,未上传房本照片,,,,,,,,,
167,中梁前黄壹号院人车分流， 随时可签看房方便居住舒适,140万,11571,武进区南夏墅街道,中梁前黄壹号院,3室2厅1厨2卫,中楼层 (共10层),121㎡,暂无数据,暂无数据,暂无数据,南 北,未知结构,毛坯,暂无数据,暂无数据,暂无数据,2024-03-07,商品房,2021-04-19,普通住宅,暂无数据,共有,有抵押 80万元,已上传房本照片,小区人车分流， 随时可签，看房方便，居住舒适,1.小区生活设施齐全，商场、菜市场、银行等，交通便捷 2.小区内有健身器材，小型篮球场，可供小区居民使用 3.小区内停车位充足，建有地下停车场，人车分流。地上有会客停车位。 4.小区内24小时保安巡逻。,,1.首套90平以下1% 2.首套90平以上1.5% 3.二套90平以下1% 4.二套90平以上2% 5.三套都是3% 增值税：产权满两年免征 产权不满两年征收比例为5.3% 个人所得税：产证满五唯一免征 其他统一1%,1.户型方正，整体布局合理。空间感好。2.居住舒适。楼层佳。朝向南北。视野开阔。采光透亮。3.小区环境优美。绿化面积高。干净整洁。4.内有健身器材和娱乐广场。5.物业服务态度好,,,,
168,南夏墅品质小区 新城都荟毛坯三房两卫 全天采光有钥匙,138万,11626,武进区南夏墅街道,新城都荟,3室2厅1厨2卫,中楼层 (共19层),118.7㎡,平层,暂无数据,板楼,南 北,钢混结构,毛坯,暂无数据,暂无数据,暂无数据,2024-03-20,商品房,2020-06-16,普通住宅,暂无数据,非共有,有抵押,已上传房本照片,小区人车分流，精装修边户 随时可签，看房方便，居住舒适。,1.小区生活设施齐全，商场、菜市场、银行等，交通便捷 2.小区内有健身器材，小型篮球场，可供小区居民使用 3.小区内停车位充足，建有地下停车场，人车分流。地上有会客停车位。 4.小区内24小时保安巡逻。,,1.首套90平以下1% 2.首套90平以上1.5% 3.二套90平以下1% 4.二套90平以上2% 5.三套都是3% 增值税：产权满两年免征 产权不满两年征收比例为5.3% 个人所得税：产证满五唯一免征 其他统一1%,1.户型方正，整体布局合理。空间感好。2.居住舒适。楼层佳。朝向南北。视野开阔。采光透亮。3.小区环境优美。绿化面积高。干净整洁。4.内有健身器材和娱乐广场。5.物业服务态度好。,,,,
169,南湖家苑二期 3室2厅 南,120万,11321,武进区南夏墅街道,南湖家苑二期,3室2厅1厨1卫,中楼层 (共18层),106㎡,暂无数据,暂无数据,塔楼,南,钢混结构,其他,暂无数据,暂无数据,暂无数据,2024-03-20,商品房,暂无数据,普通住宅,暂无数据,非共有,暂无数据,未上传房本照片,,,,,,,,,
