,标题,总价格,单价,地段,小区名,房屋户型,所在楼层,建筑面积,套内面积,房屋朝向,建筑结构,装修情况,别墅类型,楼层高度,挂牌时间,交易权属,上次交易,房屋用途,房屋年限,产权所属,抵押信息,房本备件,核心卖点,适宜人群,周边配套,税费解析,户型结构,建筑类型,梯户比例,配备电梯,小区介绍,户型介绍,交通出行,用水类型,用电类型,售房详情,权属抵押,装修描述
0,临湖独栋别墅 内外双湖 花园一亩地 环境好 太湖庄园,780万,15709,武进区雪堰镇,太湖庄园,4室4厅2厨6卫,低楼层 (共3层),496.54㎡,暂无数据,南 北,未知结构,毛坯,暂无数据,暂无数据,2022-11-09,商品房,2018-07-11,别墅,暂无数据,非共有,无抵押,已上传房本照片,此房为独栋别墅 临湖 房东诚心出售小区环境好,适合度假养老居住使用，户型方正采光好，出门可沿太湖漫步或者去湿地公园打拳,自带7500平沿湖商店，出社区大门右转500米常州太滆美食街，东侧3公里地铁s2马山站站点，4公里湖底隧道口，交通便捷到常州无锡市区,"税费分析 1、契税：首套房，90平米以下成交价的1％，90平米以上成交价的1.5％, 二套房90平以上成交价的2%,2、增值税：产证满2年免收增值税，未满2年征收5.6％； 3、个税：产证满五年而且是一套住房，免收个税，未满5年成交价的1%",,,,,,,,,,,,
1,太湖庄园纯毛坯别墅 湖景房 鸟语花香山清水秀,475万,12769,武进区雪堰镇,太湖庄园,4室4厅1厨5卫,低楼层 (共4层),372㎡,暂无数据,南,钢混结构,毛坯,暂无数据,暂无数据,2022-10-20,商品房,2017-07-29,别墅,暂无数据,非共有,有抵押 440万元,已上传房本照片,此房联排别墅 中户 房东诚心出售小区环境好,适合度假养老居住使用，户型方正采光好，出门可沿太湖漫步或者去湿地公园打拳。,自带7500平沿湖商店，出社区大门右转500米常州太滆美食街，东侧3公里地铁s2马山站站点，4公里湖底隧道口，交通便捷到常州无锡市区,"税费分析 1、契税：首套房，90平米以下成交价的1％，90平米以上成交价的1.5％, 二套房90平以上成交价的2%,2、增值税：产证满2年免收增值税，未满2年征收5.6％； 3、个税：产证满五年而且是一套住房，免收个税，未满5年成交价的1%",,,,,,,,,,,,
2,小区环境优雅，配套成熟，交通便利，,190万,8314,武进区雪堰镇,旷达福源二区,3室2厅1厨2卫,低楼层 (共6层),228.54㎡,暂无数据,南,未知结构,精装,,暂无数据,2023-07-27,商品房,2017-06-04,普通住宅,暂无数据,共有,无抵押,已上传房本照片,小区环境优雅，配套成熟，交通便利，绿化面积覆盖高，干净整..,,,首套1%，二套1.5%，12套以上2%，不满两年交5.3的增值税,复式,暂无数据,暂无数据,暂无数据,小区环境优美，人文素养高，停车位充足，有娱乐设施供小区人使用，还有散步跑道！,"楼层好,视野宽阔,,采光小区;配套设施齐全,交通便利,户型方正",,,,,,
3,太湖湾度假村独栋精装别墅大院子，依山旁水 鸟语花香,1000万,31056,武进区雪堰镇,太湖湾度假村,6室3厅1厨4卫,低楼层 (共3层),322㎡,暂无数据,南,未知结构,精装,,暂无数据,2021-02-24,商品房,暂无数据,普通住宅,暂无数据,共有,无抵押,未上传房本照片,适合任何人群居住，景区：动漫嬉戏谷、灵山大佛、中华孝道园,,自带7500方商圈，太鬲美食节，马山镇菜场，医院均能满足生活所需，万达，太湖旅游度假区，自带17个主题特色品巷。【银 行】：马山镇农商行 中国工商银行 中国农业银行 中国建设银行【医院】：马山 第六人民医院自带7500方商圈，太鬲美食节，马山镇菜场,"税费分析 1、契税：首套房，90平米以下成交价的1％，90平米以上成交价的1.5％, 二套房90平以上成交价的2%,2、增值税：产证满2年免收增值税，未满2年征收5.6％； 3、个税：产证满五年而且是一套住房，免收个税",复式,暂无数据,暂无数据,暂无数据,,,南部湖底隧道无锡，无锡梅园轻轨S2号延伸线抵达宜兴，交通方便,,,,,
4,此房满五唯一，交通便利，生活设施齐全，,140万,6168,武进区雪堰镇,阳光花园,6室2厅1厨2卫,高楼层 (共5层),227㎡,暂无数据,南 北,钢混结构,简装,,暂无数据,2023-06-02,商品房,暂无数据,普通住宅,暂无数据,非共有,无抵押,未上传房本照片,此房满五唯一，交通便利，生活设施齐全，,,,契税首套90平以下1，2套90平1.5，不满两年，交5.8的增值税,复式,板塔结合,暂无数据,暂无数据,小区，生活设施齐全，小区有健身器材，提供小区居民使用，小区有地面停车位,户型周正，格局分布，合理，空间感好，通透性强，居住舒适，朝向南北,,,,,,
5,采光好，户型周正，格局分布合理，空间感好,320万,11941,武进区雪堰镇,望湖名门,5室2厅1厨3卫,低楼层 (共3层),268㎡,暂无数据,南 北,未知结构,毛坯,暂无数据,暂无数据,2023-08-27,商品房,暂无数据,别墅,暂无数据,共有,无抵押,未上传房本照片,适合任何人群居住，【景区】动漫嬉戏谷、灵山大佛、中华孝道..,自带7500方商圈，太鬲美食节，马山镇菜场，医院均能满足生活所需，万达，太湖旅游度假区，自带17个主题特色品巷。【银 行】：马山镇农商行 中国工商银行 中国农业银行 中国建设银行【医院】：马山 第六人民医院自带7500方商圈，太鬲美食节，马山镇菜场,,"税费分析 1、契税：首套房，90平米以下成交价的1％，90平米以上成交价的1.5％, 二套房90平以上成交价的2%,2、增值税：产证满2年免收增值税，未满2年征收5.6％； 3、个税：产证满五年而且是一套住房，免收个税，未满5年成交价的1%",,,,,,,南部湖底隧道无锡，无锡梅园轻轨S2号延伸线抵达宜兴，交通方便,,,,,
6,太湖湾度假村 度假旅游的好地方,230万,15541,武进区雪堰镇,太湖湾度假村,3室2厅1厨2卫,中楼层 (共4层),148㎡,暂无数据,南,钢混结构,精装,,暂无数据,2020-09-09,商品房,暂无数据,普通住宅,暂无数据,共有,有抵押 40万元 商业银行 客户偿还,未上传房本照片,适合任何人群居住，景区：动漫嬉戏谷、灵山大佛、中华孝道园,,自带7500方商圈，太鬲美食节，马山镇菜场，医院均能满足生活所需，万达，太湖旅游度假区，自带17个主题特色品巷。【银 行】：马山镇农商行 中国工商银行 中国农业银行 中国建设银行【医院】：马山 第六人民医院自带7500方商圈，太鬲美食节，马山镇菜场,"税费分析 1、契税：首套房，90平米以下成交价的1％，90平米以上成交价的1.5％, 二套房90平以上成交价的2%,2、增值税：产证满2年免收增值税，未满2年征收5.6％； 3、个税：产证满五年而且是一套住房，免收个税",复式,塔楼,暂无数据,暂无数据,,,南部湖底隧道无锡，无锡梅园轻轨S2号延伸线抵达宜兴，交通方便,,,,,
7,拎包入住，天然氧吧，湖光景色，尽收眼底,280万,16569,武进区雪堰镇,太湖湾度假村,4室2厅1厨2卫,低楼层 (共1层),169㎡,暂无数据,南,未知结构,精装,,暂无数据,2020-05-27,商品房,暂无数据,普通住宅,暂无数据,共有,无抵押,未上传房本照片,适合任何人群居住，【景区】动漫嬉戏谷、灵山大佛、中华孝道..,,自带7500方商圈，太鬲美食节，马山镇菜场，医院均能满足生活所需，万达，太湖旅游度假区，自带17个主题特色品巷。【银 行】：马山镇农商行 中国工商银行 中国农业银行 中国建设银行【医院】：马山 第六人民医院自带7500方商圈，太鬲美食节，马山镇菜场,"税费分析 1、契税：首套房，90平米以下成交价的1％，90平米以上成交价的1.5％, 二套房90平以上成交价的2%,2、增值税：产证满2年免收增值税，未满2年征收5.6％； 3、个税：产证满五年而且是一套住房，免收个税，未满5年成交价的1%",复式,暂无数据,暂无数据,暂无数据,,,南部湖底隧道无锡，无锡梅园轻轨S2号延伸线抵达宜兴，交通方便,,,,,
8,森林氧吧，养老度假，景点林立，装修精致,188万,15257,武进区雪堰镇,旷达太湖花园,4室2厅1厨2卫,低楼层 (共2层),123.23㎡,暂无数据,南 北,未知结构,精装,,暂无数据,2022-10-22,商品房,暂无数据,普通住宅,暂无数据,共有,无抵押,未上传房本照片,"房格局好,全天采光,户型方正视野好,干湿分离..",适合度假养老居住使用，户型方正采光好，出门可沿太湖漫步或者去湿地公园打拳,,契税:A首套90平以下1%B首套90平以上1.5%C二套90平以下1%D二套90平以上 2%E三套都是3%增值税:满两年免征不满2年权额征收5.3%个人所得税:不满5 年征1% 房主自荐(业主对房源的描述),平层,暂无数据,暂无数据,暂无数据,"小区生活设施齐,商场、菜市场、银行等,交通便捷;2、小区内有健身 器材,小型球场,可供小区居民使用:3、小区内停车位充足,建有地上停车场和 地下车库;人车分流",,,,,,,
9,太湖庄园联排别墅 东边户房东诚心出售,550万,14559,武进区雪堰镇,太湖庄园,5室3厅1厨5卫,低楼层 (共3层),377.79㎡,暂无数据,南 北,未知结构,毛坯,暂无数据,暂无数据,2022-06-01,商品房,2018-03-14,别墅,暂无数据,共有,无抵押,已上传房本照片,此房联排别墅 东边户房东诚心出售小区环境好,适合度假养老居住使用，户型方正采光好，出门可沿太湖漫步或者去湿地公园打拳。,自带7500平沿湖商店，出社区大门右转500米常州太滆美食街，东侧3公里地铁s2马山站站点，4公里湖底隧道口，交通便捷到常州无锡市区,"税费分析 1、契税：首套房，90平米以下成交价的1％，90平米以上成交价的1.5％, 二套房90平以上成交价的2%,2、增值税：产证满2年免收增值税，未满2年征收5.6％； 3、个税：产证满五年而且是一套住房，免收个税，未满5年成交价的1%",,,,,,,,,,,,
10,太湖湾度假村 两室 房东诚心出售 方便看房,115万,12405,武进区雪堰镇,太湖湾度假村,2室1厅1厨1卫,高楼层 (共11层),92.71㎡,暂无数据,南 北,钢混结构,毛坯,,暂无数据,2020-11-20,商品房,暂无数据,普通住宅,暂无数据,共有,有抵押 60万元 商业银行 客户偿还,未上传房本照片,适合任何人群居住，景区：动漫嬉戏谷、灵山大佛、中华孝道园,,自带7500方商圈，太鬲美食节，马山镇菜场，医院均能满足生活所需，万达，太湖旅游度假区，自带17个主题特色品巷。【银 行】：马山镇农商行 中国工商银行 中国农业银行 中国建设银行【医院】：马山 第六人民医院自带7500方商圈，太鬲美食节，马山镇菜场,"税费分析 1、契税：首套房，90平米以下成交价的1％，90平米以上成交价的1.5％, 二套房90平以上成交价的2%,2、增值税：产证满2年免收增值税，未满2年征收5.6％； 3、个税：产证满五年而且是一套住房，免收个税，未满5年成交价的1%",复式,塔楼,暂无数据,暂无数据,,,南部湖底隧道无锡，无锡梅园轻轨S2号延伸线抵达宜兴，交通方便,,,,,
11,太湖湾度假村。湖景房，业主诚心出售,96万,10323,武进区雪堰镇,太湖湾度假村,2室2厅1厨1卫,中楼层 (共11层),93㎡,暂无数据,东南,未知结构,简装,,暂无数据,2020-06-16,商品房,暂无数据,普通住宅,暂无数据,共有,无抵押,未上传房本照片,适合任何人群居住，【景区】动漫嬉戏谷、灵山大佛、中华孝道..,,自带7500方商圈，太鬲美食节，马山镇菜场，医院均能满足生活所需，万达，太湖旅游度假区，自带17个主题特色品巷。【银 行】：马山镇农商行 中国工商银行 中国农业银行 中国建设银行【医院】：马山 第六人民医院自带7500方商圈，太鬲美食节，马山镇菜场,"税费分析 1、契税：首套房，90平米以下成交价的1％，90平米以上成交价的1.5％, 二套房90平以上成交价的2%,2、增值税：产证满2年免收增值税，未满2年征收5.6％； 3、个税：产证满五年而且是一套住房，免收个税，未满5年成交价的1%",复式,暂无数据,暂无数据,暂无数据,,,南部湖底隧道无锡，无锡梅园轻轨S2号延伸线抵达宜兴，交通方便,,,,,
12,太湖湾度假村纯毛坯联排湖景别墅 西边户 大院子,320万,17022,武进区雪堰镇,太湖湾度假村,3室2厅1厨3卫,低楼层 (共3层),188㎡,暂无数据,南,未知结构,毛坯,暂无数据,暂无数据,2021-09-07,商品房,暂无数据,别墅,暂无数据,共有,无抵押,未上传房本照片,此房纯毛坯联排别墅 西边户大院子 看山看湖 天然氧吧,,自带7500方商圈，太鬲美食节，马山镇菜场，医院均能满足生活所需，万达，太湖旅游度假区，自带17个主题特色品巷。【银 行】：马山镇农商行 中国工商银行 中国农业银行 中国建设银行【医院】：马山 第六人民医院自带7500方商圈，太鬲美食节，马山镇菜场,"税费分析 1、契税：首套房，90平米以下成交价的1％，90平米以上成交价的1.5％, 二套房90平以上成交价的2%,2、增值税：产证满2年免收增值税，未满2年征收5.6％； 3、个税：产证满五年而且是一套住房，免收个税",,,,,,,南部湖底隧道无锡，无锡梅园轻轨S2号延伸线抵达宜兴，交通方便,,,,,
13,太湖庄园叠加别墅 湖景房 享受大自然生态环境,200万,15909,武进区雪堰镇,太湖庄园,3室2厅1厨2卫,中楼层 (共4层),125.72㎡,暂无数据,南 北,未知结构,毛坯,,暂无数据,2022-07-31,商品房,暂无数据,普通住宅,暂无数据,共有,有抵押 85万元,未上传房本照片,适合度假养老居住使用，户型方正采光好，出门可沿太湖漫步,适合度假养老居住使用，户型方正采光好，出门可沿太湖漫步或者去湿地公园打拳,自带7500平沿湖商店，出社区大门右转500米常州太滆美食街，东侧3公里地铁s2马山站站点，4公里湖底隧道口，交通便捷到常州无锡市区,"税费分析 1、契税：首套房，90平米以下成交价的1％，90平米以上成交价的1.5％, 二套房90平以上成交价的2%,2、增值税：产证满2年免收增值税，未满2年征收5.6％； 3、个税：产证满五年而且是一套住房，免收个税，未满5年成交价的1%",复式,暂无数据,暂无数据,暂无数据,,,,,,,,
14,太湖湾度假村一室小户型 54平 80万,80万,14815,武进区雪堰镇,太湖湾度假村,1室0厅1厨1卫,中楼层 (共4层),54㎡,暂无数据,南,未知结构,精装,,暂无数据,2020-08-10,商品房,暂无数据,商住两用,暂无数据,非共有,无抵押,未上传房本照片,适合任何人群居住，【景区】动漫嬉戏谷、灵山大佛、中华孝道 ..,,自带7500方商圈，太鬲美食节，马山镇菜场，医院均能满足生活所需，万达，太湖旅游度假区，自带17个主题特色品巷。【银 行】：马山镇农商行 中国工商银行 中国农业银行 中国建设银行【医院】：马山 第六人民医院自带7500方商圈，太鬲美食节，马山镇菜场,"税费分析 1、契税：首套房，90平米以下成交价的1％，90平米以上成交价的1.5％, 二套房90平以上成交价的2%,2、增值税：产证满2年免收增值税，未满2年征收5.6％； 3、个税：产证满五年而且是一套住房，免收个税，未满5年成交价的1%",平层,暂无数据,暂无数据,暂无数据,,,南部湖底隧道无锡，无锡梅园轻轨S2号延伸线抵达宜兴，交通方便,未知,未知,,,
15,太湖湾度假村小面积住宅 精装修 房东诚心出售,65万,11714,武进区雪堰镇,太湖湾度假村,1室1厅1厨1卫,低楼层 (共11层),55.49㎡,暂无数据,南,钢混结构,精装,,暂无数据,2020-06-14,商品房,暂无数据,普通住宅,暂无数据,共有,无抵押,未上传房本照片,适合任何人群居住，【景区】动漫嬉戏谷、灵山大佛、中华孝道,,自带7500方商圈，太鬲美食节，马山镇菜场，医院均能满足生活所需，万达，太湖旅游度假区，自带17个主题特色品巷。【银 行】：马山镇农商行 中国工商银行 中国农业银行 中国建设银行【医院】：马山 第六人民医院自带7500方商圈，太鬲美食节，马山镇菜场,"税费分析 1、契税：首套房，90平米以下成交价的1％，90平米以上成交价的1.5％, 二套房90平以上成交价的2%,2、增值税：产证满2年免收增值税，未满2年征收5.6％； 3、个税：产证满五年而且是一套住房，免收个税，未满5年成交价的1%",平层,塔楼,一梯四户,有,,,南部湖底隧道无锡，无锡梅园轻轨S2号延伸线抵达宜兴，交通方便,,,,,
16,望湖名门 毛坯4房 业主诚心出售,135万,8941,武进区雪堰镇,望湖名门,4室2厅1厨2卫,高楼层 (共5层),151㎡,暂无数据,南 北,钢混结构,毛坯,,暂无数据,2022-07-12,商品房,暂无数据,普通住宅,暂无数据,非共有,有抵押 20万元 商业银行 业主自还,未上传房本照片,毛坯4房 格局分布合理 ，满五唯一，随时可看。,,1、小区生活设施齐，商场、抄市、菜市场、银行等，交通便捷；2、小区内有健身器材，小型篮球场，可供小区居民使用；3、小区内停车位充足，建有地上停车场和地下车库；4、小区内24小时保安巡逻,契税：A首套 90平以下1% B首套 90平以上1.5% C二套90平以下1% D二套90平以上2% E三套都是3%增值税：满两年免征 不满2年权.额征收5.6%个人所得税：不满5年征1%,复式,板塔结合,暂无数据,无,,户型周正，格局分布合理，空间感好，通透性强，居住舒适；2、楼层佳，朝向南北，视野开阔，采光透亮；3、小区环境优美，绿化面积覆盖高，干净整洁，内有健身器材和娱乐广场，物业服务态度好；4、小区地理位置优越，交通便捷，辐射广，设施齐全,,,,,,
17,"此房满二有钥匙采光好,出门就有公园",395万,30385,武进区雪堰镇,太湖香树花园,3室2厅1厨1卫,低楼层 (共6层),130㎡,暂无数据,南 北,钢混结构,精装,,暂无数据,2024-02-17,商品房,暂无数据,普通住宅,暂无数据,共有,无抵押,未上传房本照片,"此房满二有钥匙采光好,出门就有公园",适合度假养老居住使用，户型方正，采光好，出门可沿太湖漫步，或者去湿地公园打拳,小区生活设施，商场菜市场，银行等交通便捷，小区内有健身器材小型球场，可供小区居民使用，,,复式,板塔结合,一梯三户,有,小区环境优美，人文素养高，停车位充足，有娱乐设施供小区人使用，还有散步跑道！,,,,,,,
18,太湖香树花园 5室2厅 南,620万,15449,武进区雪堰镇,太湖香树花园,5室2厅1厨4卫,低楼层 (共3层),401.33㎡,暂无数据,南,钢混结构,毛坯,,暂无数据,2023-12-12,商品房,暂无数据,普通住宅,暂无数据,共有,无抵押,未上传房本照片,,,,,复式,暂无数据,暂无数据,暂无数据,,,,,,,,
19,此房满五唯一，南北通透，格局好，楼层好，采光充足，,120万,9578,武进区雪堰镇,悦欣庭院,3室2厅1厨1卫,高楼层 (共11层),125.3㎡,暂无数据,南 北,未知结构,毛坯,,暂无数据,2023-05-31,商品房,暂无数据,普通住宅,暂无数据,共有,无抵押,未上传房本照片,此房满五唯一，南北通透格局好，楼层好，视野宽阔，纯毛坯,小区环境优雅，配套成熟，交通便利，居住舒适，小区旁边就是人民休闲娱乐场所,出门右转是幼儿园，商场菜场，旁边就是人民休闲娱乐场所，步行就能医院,,暂无数据,暂无数据,两梯三户,有,,南北通透格局好，楼层好，很多，采光充足，通风效果好，两间朝南,,,,,,
20,房子满五唯一，交通方便楼层好采光好,95万,11112,武进区雪堰镇,悦欣庭院,2室2厅1厨1卫,高楼层 (共11层),85.5㎡,暂无数据,南 北,钢混结构,简装,,暂无数据,2023-05-14,商品房,暂无数据,普通住宅,暂无数据,共有,无抵押,未上传房本照片,房子满五唯一，交通方便，楼层好，采光好,小区环境优雅，适合任何人居住，交通方便，停车方便，小区娱乐设施齐全，,,,暂无数据,板塔结合,两梯四户,有,小区生活设施齐全，菜场商场银行交通便利，空气质量优，景区动漫嬉戏谷,户型，房屋两间朝南，采光通透，户型方正，南北通透，空间感好，,,,,,,
21,此房满五唯一有钥匙，采光好，出门就是公园,116万,12609,武进区雪堰镇,望湖名门,3室1厅1厨1卫,高楼层 (共11层),92㎡,暂无数据,南 北,钢混结构,精装,,暂无数据,2023-09-12,商品房,暂无数据,普通住宅,暂无数据,共有,无抵押,未上传房本照片,此房满五唯一有钥匙，采光好，出门就是公园,适合度假养老，居住使用，户型方正，采光好，出门可沿太湖漫步，或者去湿地公园打拳,小区生活设施，商场，菜市场，银行，交通便捷，小区有健身器材，小型气场可居居民使用,满五唯一90个平方以下税费一个点满五唯一90平方以上，税费1.5,暂无数据,板塔结合,暂无数据,暂无数据,小区环境优美，人文素养高，停车位充足，有娱乐设施供小区人使用，还有散步跑道,,,,,,,
22,别墅依山旁水 开窗见南山 低头小桥流水 如临仙境,553万,17768,武进区雪堰镇,旷达太湖花园,5室3厅1厨3卫,低楼层 (共3层),311.25㎡,暂无数据,东南 西南,未知结构,毛坯,暂无数据,暂无数据,2023-05-29,商品房,2021-07-16,别墅,暂无数据,共有,无抵押,已上传房本照片,联排别墅 有三个大花园 地处国家一级旅游度假区  开窗鸟语花,远离喧嚣 闲庭阔步 适合居住养老度假 一家人 老少皆宜 适合度假 养生,别墅500米有环球动漫嬉戏谷 300米有佳苑广场 菜场 教育机构 银行 配套齐全·生活方便,,,,,,,,,,,业主闲置变现 诚心出售 即将满二 无抵押  产权清晰 共有财产,,
23,太湖庄园毛坯下叠东边套  南北通透 前后院子  采光好,200万,15241,武进区雪堰镇,太湖庄园,3室2厅1厨3卫,低楼层 (共4层),131.23㎡,暂无数据,南 北,未知结构,毛坯,暂无数据,暂无数据,2023-10-31,商品房,2019-10-10,别墅,暂无数据,共有,无抵押,已上传房本照片,此房满两年南北通透下叠带前后院子采光好,适合度假养老居住使用，户型方正采光好，出门可沿太湖漫步或者去湿地公园打拳,自带7500平沿湖商店，出社区大门右转500米常州太滆美食街，东侧3公里地铁s2马山站站点，4公里湖底隧道口，交通便捷到常州无锡市区,"税费分析 1、契税：首套房，90平米以下成交价的1％，90平米以上成交价的1.5％, 二套房90平以上成交价的2%,2、增值税：产证满2年免收增值税，未满2年征收5.6％； 3、个税：产证满五年而且是一套住房，免收个税，未满5年成交价的1%",,,,,,,,,,,,
24,望湖名门联排别墅 西边户有钥匙 业主诚心出售,318万,11518,武进区雪堰镇,望湖名门,6室4厅1厨3卫,低楼层 (共3层),276.09㎡,暂无数据,南,未知结构,毛坯,,暂无数据,2023-03-11,商品房,2018-03-11,普通住宅,暂无数据,共有,无抵押,已上传房本照片,适合任何人群居住，【景区】动漫嬉戏谷、灵山大佛、中华孝道..,,自带7500方商圈，太鬲美食节，马山镇菜场，医院均能满足生活所需，万达，太湖旅游度假区，自带17个主题特色品巷。【银 行】：马山镇农商行 中国工商银行 中国农业银行 中国建设银行【医院】：马山 第六人民医院自带7500方商圈，太鬲美食节，马山镇菜场,"税费分析 1、契税：首套房，90平米以下成交价的1％，90平米以上成交价的1.5％, 二套房90平以上成交价的2%,2、增值税：产证满2年免收增值税，未满2年征收5.6％； 3、个税：产证满五年而且是一套住房，免收个税，未满5年成交价的1%",暂无数据,暂无数据,暂无数据,暂无数据,,,南部湖底隧道无锡，无锡梅园轻轨S2号延伸线抵达宜兴，交通方便,,,,,
25,满五唯一，全天采光，南北通透，户型方正,186万,8924,武进区雪堰镇,望湖名门,3室4厅1厨3卫,中楼层 (共5层),208.43㎡,暂无数据,南 北,钢混结构,精装,,暂无数据,2023-09-23,商品房,2010-07-14,普通住宅,满五年,非共有,无抵押,已上传房本照片,满五唯一，南北通透，有钥匙，全天采光,适合度假养老居住使用户型方正采光好，出门可沿太湖漫步或者去湿地公园打拳,小区生活设施，菜场，商场，银行等交通便捷，小区也有健身器材，小型球场可供小区人使用,,暂无数据,板塔结合,暂无数据,暂无数据,小区环境优美，人文素养高，停车位充足，有娱乐设施供小区人使用，还有散步跑道,,,,,,,
26,太湖庄园东边户  南北大花园150平左右 得房率高,250万,18854,武进区雪堰镇,太湖庄园,3室2厅1厨2卫,低楼层 (共2层),132.6㎡,暂无数据,南 北,混合结构,毛坯,暂无数据,暂无数据,2023-07-21,商品房,2021-07-29,别墅,暂无数据,共有,无抵押,已上传房本照片,此房观湖靠山 有南北大露台 可做空中花园 南北花园120平方,适合度假养老居住使用，户型方正采光好，出门可沿太湖漫步或者去湿地公园打拳,,契税:1.首套90平以下1%2.首套90平以上1.5% 3.二套90平以下1%4.二套90平以上2%5.三套都是3%增值税:产权满两年免征产权不满两年征收比例为5.3%个人所得税:产证满五唯一免征其他统一1%,,,,,1小工口议心，、木、等，交通便捷2.小区内有健身器材，小型篮球场，可供小区居民使用3小区内停车位充足，建有地下停车场，人车分流。地上有会客停车位。 4.小区内24小时保安巡逻,户型周正，格局分布合理，空间感好，通透性强，居住舒适2.南北朝向，视野开阔，采光通透 3.小区环境优美，绿化覆盖面积多，干净整洁。内有健身器材和小型娱乐设施。物业服务态度好。,,,,,,
27,格局分布合理 ，满五唯一，随时可看,250万,15338,武进区雪堰镇,望湖怡景,4室2厅1厨2卫,高楼层 (共18层),163㎡,暂无数据,南 北,钢混结构,精装,,暂无数据,2023-05-15,商品房,2020-05-15,普通住宅,暂无数据,共有,暂无数据,已上传房本照片,小区环境优雅，配套成熟，交通便利，,,小区生活设施齐，商场、抄市、菜市场、银行等，交通便捷；2、小区内有健身器材，小型篮球场，可供小区居民使用；,契税：A首套 90平以下1% B首套 90平以上1.5% C二套90平以下1% D二套90平以上2% E三套都是3%增值税：满两年免征 不满2年权.额征收5.6%个人所得税：不满5年征1%,暂无数据,板塔结合,两梯三户,有,小区环境优美，绿化面积覆盖高，干净整洁，内有健身器材和娱乐广场，物业服务态度好；,户型周正，格局分布合理，空间感好，通透性强，居住舒适；南北通透,、小区内停车位充足，建有地上停车场和地下车库；、小区内24小时保安巡逻,,,,,
28,房东诚心出售 可观湖看山 视野好,328万,17002,武进区雪堰镇,太湖庄园,5室3厅2厨4卫,低楼层 (共3层),192.92㎡,暂无数据,南 北,未知结构,毛坯,暂无数据,暂无数据,2023-08-15,商品房,2021-02-15,别墅,暂无数据,共有,无抵押,已上传房本照片,适合度假养老居住使用，户型方正采光好视野好,适合度假养老居住使用，户型方正采光好，出门可沿太湖漫步或者去湿地公园打拳,自带7500平沿湖商店，出社区大门右转500米常州太滆美食街，东侧3公里地铁s2马山站站点，4公里湖底隧道口，交通便捷到常州无锡市区,"契税:1.首套90平以下1%2.首套90平以上1.5% 3.二套90平以下1%4.二套90平以上2%5.三套都是3%增值税:产权满两年免征产权不满两年征收比例为5.3%个人所得税:产证满五唯一免征其他统一1%
关闭 保存
猜你想问：",,,,,,适合度假养老居住使用，户型方正 南北通透 地下室挑高6.8米,,,,,,
29,急出 急出！！！房东诚心出售  价格还可以商量,305万,16004,武进区雪堰镇,太湖庄园,5室3厅2厨4卫,低楼层 (共3层),190.58㎡,暂无数据,南 北,框架结构,毛坯,暂无数据,暂无数据,2023-08-14,商品房,2021-01-21,别墅,暂无数据,共有,无抵押,已上传房本照片,此房观湖靠山  有南北大露台 可做空中花园,适合度假养老居住使用，户型方正采光好，出门可沿太湖漫步或者去湿地公园打拳,,"契税:1.首套90平以下1%2.首套90平以上1.5%
3.二套90平以下1%4.二套90平以上2%5.三套都是3%增值税:产权满两年免征产权不满两年征收比例为5.3%个人所得税:产证满五唯一免征其他统一1%
关闭 保",,,,,1小工口议心，、木、等，交通便捷2.小区内有健身器材，小型篮球场，可供小区居民使用3小区内停车位充足，建有地下停车场，人车分流。地上有会客停车位。4.小区内24小时保安巡逻,户型周正，格局分布合理，空间感好，通透性强，居住舒适2.南北朝向，视野开阔，采光通透3.小区环境优美，绿化覆盖面积多，干净整洁。内有健身器材和小型娱乐设施。物业服务态度好。,,,,,,
30,太湖庄园北入户精装叠加3房3卫 房东诚心出售,160万,13110,武进区雪堰镇,太湖庄园,3室2厅1厨3卫,中楼层 (共4层),122.05㎡,暂无数据,南,框架结构,精装,暂无数据,暂无数据,2023-06-01,商品房,2021-01-12,别墅,满两年,非共有,无抵押,已上传房本照片,此房观湖靠山  有南北大露台 可做空中花园,适合度假养老居住使用，户型方正采光好，出门可沿太湖漫步或者去湿地公园打拳,,"契税:1.首套90平以下1%2.首套90平以上1.5%
3.二套90平以下1%4.二套90平以上2%5.三套都是3%增值税:产权满两年免征产权不满两年征收比例为5.3%个人所得税:产证满五唯一免征其他统一1%",,,,,"1小工口议心，、木、等，交通便捷2.小区内有健身器材，小型篮球场，可供小区居民使用3小区内停车位充足，建有地下停车场，人车分流。地上有会客停车位。
4.小区内24小时保安巡逻","户型周正，格局分布合理，空间感好，通透性强，居住舒适2.南北朝向，视野开阔，采光通透
3.小区环境优美，绿化覆盖面积多，干净整洁。内有健身器材和小型娱乐设施。物业服务态度好。",,,,,,
31,"此房满二有钥匙采光好,出门就有公园",96万,10435,武进区雪堰镇,望湖名门,3室1厅1厨1卫,低楼层 (共11层),92㎡,暂无数据,南 北,钢混结构,精装,,暂无数据,2023-07-26,商品房,暂无数据,普通住宅,暂无数据,共有,无抵押,未上传房本照片,"此房满二有钥匙采光好,出门就有公园",适合度假养老居住使用，户型方正，采光好，出门可沿太湖漫步，或者去湿地公园打拳,小区生活设施，商场菜市场，银行等交通便捷，小区内有健身器材小型球场，可供小区居民使用，,,暂无数据,板塔结合,暂无数据,暂无数据,小区环境优美，人文素养高，停车位充足，有娱乐设施供小区人使用，还有散步跑道！,,,,,,,
32,"此房满二有钥匙采光好,出门就有公园",155万,12683,武进区雪堰镇,悦欣庭院,3室2厅1厨1卫,高楼层 (共11层),122.22㎡,暂无数据,南,未知结构,精装,,暂无数据,2023-10-30,商品房,暂无数据,普通住宅,暂无数据,非共有,无抵押,未上传房本照片,"此房满二有钥匙采光好,出门就有公园",适合度假养老居住使用，户型方正，采光好，出门可沿太湖漫步，或者去湿地公园打拳,小区生活设施，商场菜市场，银行等交通便捷，小区内有健身器材小型球场，可供小区居民使用，,,暂无数据,暂无数据,暂无数据,暂无数据,小区环境优美，人文素养高，停车位充足，有娱乐设施供小区人使用，还有散步跑道！,,,,,,,
33,小区环境优雅，配套成熟，交通便利，绿化面积覆盖高.,145万,11329,武进区雪堰镇,旷达福源二区,3室2厅1厨1卫,中楼层 (共18层),128㎡,暂无数据,南,未知结构,毛坯,,暂无数据,2023-11-09,商品房,暂无数据,普通住宅,暂无数据,非共有,无抵押,未上传房本照片,小区环境优雅.配套成熟，交通便利.电梯房绿化面积覆盖高,小区带有电梯。家里有老人小孩出入方便小区人车分流环境好。临街。距离医院近。有菜市场公园小区首付不高，贷款方式不限.适合首付不多的小两口,,,暂无数据,暂无数据,暂无数据,暂无数据,小区环境优美，人文素养高，停车位充足，有娱乐设施供小区人使用，还有健身广场散步跑道,小区楼层好，视野宽阔。采光充足.小区配套设施齐全，交通便利户型方正,,,,,,
34,太湖湾度假区， 背山面湖，  天然氧吧，风景优雅,230万,15240,武进区雪堰镇,太湖湾度假村,3室2厅1厨2卫,中楼层 (共4层),150.92㎡,暂无数据,南,钢混结构,精装,,暂无数据,2022-07-16,商品房,2008-11-20,普通住宅,暂无数据,共有,有抵押,已上传房本照片,背山面湖 视野佳 天然氧吧 四季宜居,适合任何人群，【景区】动漫嬉戏谷、灵山大佛、中华孝道园、拈花湾均，抵达影视基地三国城、水浒城。,【商 业】自带7500方商圈，太滆美食街，太滆菜场，万达，太湖旅游度假区，自带17个主题特色品巷。 【银行】太滆镇农商行 中国工商银行 中国农业银行 中国建设银行 【医院】 潘家医院 雪堰医院,,暂无数据,塔楼,暂无数据,无,,,四 周交通畅达，常州市区至太湖湾青杨快速通道，苏锡常南部湖底隧道开通，太湖湾旅游度假区的腹 地，无锡常州宜兴三地几何中 心，无锡梅园轻轨S2号延伸线抵达宜兴,,,,,
35,带院子下叠 采光好 南北通透 有钥匙看房方便,198万,16103,武进区雪堰镇,太湖庄园,3室2厅1厨3卫,低楼层 (共4层),122.96㎡,暂无数据,南 北,未知结构,毛坯,暂无数据,暂无数据,2023-03-08,商品房,2021-03-11,别墅,满两年,共有,无抵押,已上传房本照片,此房南北通透的格局，下叠带小院子，视野好，采光佳！,适合度假养老居住使用，户型方正采光好，出门可沿太湖漫步或者去湿地公园打拳,自带7500平沿湖商店，出社区大门右转500米常州太滆美食街，东侧3公里地铁s2马山站站点，4公里湖底隧道口，交通便捷到常州无锡市区,"税费分析，此房面积大于90平方，所以契税缴纳按名下房产套数定   若首套房契税为成交价的1.5％,。二套房成交价的2%。三套及以上的成交价的3%     2、增值税：产证满2年免收增值税，未满2年征收5.6％。   个税需缴纳成交价的1%",,,,,,,,,,,,
36,"此房满二有钥匙采光好,出门就有公园",156万,12188,武进区雪堰镇,雪湖家园,3室2厅1厨2卫,中楼层 (共11层),128㎡,暂无数据,南 北,钢混结构,精装,,暂无数据,2023-09-19,商品房,2017-09-14,普通住宅,暂无数据,共有,无抵押,已上传房本照片,"此房满二有钥匙采光好,出门就有公园",适合度假养老居住使用，户型方正，采光好，出门可沿太湖漫步，或者去湿地公园打拳,小区生活设施，商场菜市场，银行等交通便捷，小区内有健身器材小型球场，可供小区居民使用，,,暂无数据,板塔结合,暂无数据,暂无数据,小区环境优美，人文素养高，停车位充足，有娱乐设施供小区人使用，还有散步跑道！,,,,,,,
37,"此房满五有钥匙采光好,出门就有公园",658万,14424,武进区雪堰镇,九洲红墅岭,7室3厅1厨3卫,低楼层 (共3层),456.21㎡,暂无数据,南 北,未知结构,毛坯,双拼,暂无数据,2023-07-17,商品房,2016-05-30,别墅,暂无数据,共有,无抵押,已上传房本照片,"此房满五有钥匙采光好,出门就有公园",适合度假养老居住使用，户型方正，采光好，出门可沿太湖漫步，或者去湿地公园打拳,小区生活设施，商场菜市场，银行等交通便捷，小区内有健身器材小型球场，可供小区居民使用，,,,,,,小区环境优美，人文素养高，停车位充足，有娱乐设施供小区人使用，还有散步跑道！,,,,,,,
38,太湖庄园临湖独栋 北入户南花园 大花园  内外双湖,1200万,24168,武进区雪堰镇,太湖庄园,5室3厅1厨6卫,低楼层 (共2层),496.54㎡,暂无数据,南 北,未知结构,毛坯,暂无数据,暂无数据,2023-03-29,商品房,2020-04-21,别墅,暂无数据,共有,有抵押,已上传房本照片,此房南北通透格局，视野宽阔，采光好,适合度假养老居住使用，户型方正采光好，出门可沿太湖漫步或者去湿地公园打拳,自带7500平沿湖商店，出社区大门右转500米常州太滆美食街，东侧3公里地铁s2马山站站点，4公里湖底隧道口，交通便捷到常州无锡市区,"税费分析 1、契税：首套房，90平米以下成交价的1％，90平米以上成交价的1.5％, 二套房90平以上成交价的2%,2、增值税：产证满2年免收增值税，未满2年征收5.6％； 3、个税：产证满五年而且是一套住房，免收个税，未满5年成交价的1%",,,,,,,,,,,,
39,太湖庄园毛坯临湖双拼 南北通透 采光好 看房方便,550万,25228,武进区雪堰镇,太湖庄园,5室2厅1厨3卫,低楼层 (共2层),218.02㎡,暂无数据,南 北,未知结构,毛坯,暂无数据,暂无数据,2023-09-01,商品房,2018-07-29,别墅,暂无数据,非共有,有抵押,已上传房本照片,此房南北通透，临湖采光好 。。。。,适合度假养老居住使用，户型方正采光好，出门可沿太湖漫步或者去湿地公园打拳,自带7500平沿湖商店，出社区大门右转500米常州太滆美食街，东侧3公里地铁s2马山站站点，4公里湖底隧道口，交通便捷到常州无锡市区,"税费分析 1、契税：首套房，90平米以下成交价的1％，90平米以上成交价的1.5％, 二套房90平以上成交价的2%,2、增值税：产证满2年免收增值税，未满2年征收5.6％； 3、个税：产证满五年而且是一套住房，免收个税，未满5年成交价的1%",,,,,,,,,,,,
40,太湖庄园联排别墅 看房方便 南北通透 采光佳,320万,10206,武进区雪堰镇,太湖庄园,5室3厅1厨4卫,低楼层 (共3层),313.55㎡,暂无数据,南 北,钢混结构,毛坯,暂无数据,暂无数据,2023-09-28,商品房,2017-02-22,别墅,暂无数据,共有,有抵押,已上传房本照片,此房满五唯一 ，南北通透，采光好，房东诚心出售，价可谈！！！,适合度假养老居住使用，户型方正采光好，出门可沿太湖漫步或者去湿地公园打拳,自带7500平沿湖商店，出社区大门右转500米常州太滆美食街，东侧3公里地铁s2马山站站点，4公里湖底隧道口，交通便捷到常州无锡市区,"税费分析 1、契税：首套房，90平米以下成交价的1％，90平米以上成交价的1.5％, 二套房90平以上成交价的2%,2、增值税：产证满2年免收增值税，未满2年征收5.6％； 3、个税：产证满五年而且是一套住房，免收个税，未满5年成交价的1%",,,,,,,,,,,,
41,太湖庄园双拼东边套 南北通透 采光好 一依山傍水,550万,25228,武进区雪堰镇,太湖庄园,5室2厅1厨4卫,低楼层 (共2层),218.02㎡,暂无数据,南 北,未知结构,毛坯,暂无数据,暂无数据,2023-10-10,商品房,2020-09-15,别墅,暂无数据,非共有,有抵押,已上传房本照片,此房双拼东边套，南北通透，小区环境好,适合度假养老居住使用，户型方正采光好，出门可沿太湖漫步或者去湿地公园打拳,自带7500平沿湖商店，出社区大门右转500米常州太滆美食街，东侧3公里地铁s2马山站站点，4公里湖底隧道口，交通便捷到常州无锡市区,"税费分析 1、契税：首套房，90平米以下成交价的1％，90平米以上成交价的1.5％, 二套房90平以上成交价的2%,2、增值税：产证满2年免收增值税，未满2年征收5.6％； 3、个税：产证满五年而且是一套住房，免收个税，未满5年成交价的1%",,,,,,,,,,,,
42,临湖独栋 大院子 挑高客厅 内外双湖 游艇入户,1800万,25263,武进区雪堰镇,太湖庄园,7室5厅1厨7卫,低楼层 (共2层),712.52㎡,暂无数据,南 北,未知结构,毛坯,暂无数据,暂无数据,2023-03-25,商品房,2020-10-08,别墅,满两年,非共有,无抵押,已上传房本照片,此房为独栋别墅 临湖 大花园 小区环境好,适合度假养老居住使用，户型方正采光好，出门可沿太湖漫步或者去湿地公园打拳,自带7500平沿湖商店，出社区大门右转500米常州太滆美食街，东侧3公里地铁s2马山站站点，4公里湖底隧道口，交通便捷到常州无锡市区,"税费分析 1、契税：首套房，90平米以下成交价的1％，90平米以上成交价的1.5％, 二套房90平以上成交价的2%,2、增值税：产证满2年免收增值税，未满2年征收5.6％； 3、个税：产证满五年而且是一套住房，免收个税，未满5年成交价的1%",,,,,,,,,,,,
43,太湖湾度假村，天然氧吧，环境宜人，适合全家居住,138万,9995,武进区雪堰镇,太湖湾度假村,3室2厅1厨2卫,中楼层 (共4层),138.07㎡,暂无数据,南,未知结构,毛坯,,暂无数据,2022-06-30,商品房,2020-04-16,普通住宅,暂无数据,非共有,有抵押,已上传房本照片,背山面湖 视野佳 天然氧吧 四季宜居,适合任何人群，【景区】动漫嬉戏谷、灵山大佛、中华孝道园、拈花湾均，抵达影视基地三国城、水浒城。,【商 业】自带7500方商圈，太滆美食街，太滆菜场，万达，太湖旅游度假区，自带17个主题特色品巷。 【银行】太滆镇农商行 中国工商银行 中国农业银行 中国建设银行 【医院】 潘家医院 雪堰医院,,暂无数据,暂无数据,暂无数据,暂无数据,,,四 周交通畅达，常州市区至太湖湾青杨快速通道，苏锡常南部湖底隧道开通，太湖湾旅游度假区的腹 地，无锡常州宜兴三地几何中 心，无锡梅园轻轨S2号延伸线抵达宜兴,,,,,
44,诚售 看房方便 太湖庄园毛坯下叠 南北通透 采光佳,200万,16058,武进区雪堰镇,太湖庄园,3室2厅1厨3卫,低楼层 (共4层),124.55㎡,暂无数据,南 北,未知结构,毛坯,暂无数据,暂无数据,2023-06-29,商品房,2019-04-25,别墅,满两年,非共有,无抵押,已上传房本照片,此房南北通透，毛坯下叠，房东诚售，位置佳。,适合度假养老居住使用，户型方正采光好，出门可沿太湖漫步或者去湿地公园打拳,自带7500平沿湖商店，出社区大门右转500米常州太滆美食街，东侧3公里地铁s2马山站站点，4公里湖底隧道口，交通便捷到常州无锡市区,"税费分析 1、契税：首套房，90平米以下成交价的1％，90平米以上成交价的1.5％, 二套房90平以上成交价的2%,2、增值税：产证满2年免收增值税，未满2年征收5.6％； 3、个税：产证满五年而且是一套住房，免收个税，未满5年成交价的1%",,,,,,,,,,,,
45,太湖庄园临湖双拼别墅 西边户 南北通透 采光好,650万,29814,武进区雪堰镇,太湖庄园,4室3厅1厨4卫,低楼层 (共2层),218.02㎡,暂无数据,南 北,未知结构,毛坯,暂无数据,暂无数据,2023-07-17,商品房,2019-07-10,别墅,暂无数据,共有,无抵押,已上传房本照片,此房南北通透，格局好，采光佳，临湖，湖面还不错。,适合度假养老居住使用，户型方正采光好，出门可沿太湖漫步或者去湿地公园打拳,适合度假养老居住使用，型方正采光好，出门可沿太湖漫步或者去湿地公园打拳,"税费分析，此房面积大于90平方，所以契税缴纳按名下房产套数定 若首套房契税为成交价的1.5％,。二套房成交价的2%。三套及以上的成交价的3% 2、增值税：产证满2年免收增值税，未满2年征收5.6％。 个税需缴纳成交价的1%",,,,,,,,,,,,
46,湖景房   房东诚心出售   价格可以谈,1160万,31272,武进区雪堰镇,太湖庄园,5室3厅1厨5卫,低楼层 (共3层),370.95㎡,暂无数据,南,未知结构,精装,,暂无数据,2023-01-18,商品房,2017-07-29,普通住宅,暂无数据,非共有,无抵押,已上传房本照片,适合度假养老居住使用，户型方正采光好有院子 出门可沿太湖漫步,适合度假养老居住使用，户型方正采光好，出门可沿太湖漫步或者去湿地公园打拳,自带7500平沿湖商店，出社区大门右转500米常州太滆美食街，东侧3公里地铁s2马山站站点，4公里湖底隧道口，交通便捷到常州无锡市区,"税费分析 1、契税：首套房，90平米以下成交价的1％，90平米以上成交价的1.5％, 二套房90平以上成交价的2%,2、增值税：产证满2年免收增值税，未满2年征收5.6％； 3、个税：产证满五年而且是一套住房，免收个税，未满5年成交价的1%",暂无数据,暂无数据,暂无数据,暂无数据,,,,,,,,
47,下叠带院子 南北通透 有钥匙 看房方便,190万,15255,武进区雪堰镇,太湖庄园,3室2厅1厨3卫,低楼层 (共4层),124.55㎡,暂无数据,南 北,未知结构,毛坯,,暂无数据,2023-03-08,商品房,2018-06-20,普通住宅,暂无数据,非共有,有抵押,已上传房本照片,此房南北通透的格局，下叠带院子，视野好，采光佳！,适合度假养老居住使用，户型方正采光好，出门可沿太湖漫步或者去湿地公园打拳,自带7500平沿湖商店，出社区大门右转500米常州太滆美食街，东侧3公里地铁s2马山站站点，4公里湖底隧道口，交通便捷到常州无锡市区,"税费分析，契税缴纳按名下房产套数定，此房面积大于90平方， 若首套房契税为成交价的1.5％,。二套房成交价的2%。三套及以上的成交价的3%     2、增值税：产证满2年免收增值税，未满2年征收5.6％。   个税需缴纳成交价的1%",暂无数据,暂无数据,暂无数据,暂无数据,,,,,,,,
48,太湖庄园下叠 南北院子 房东诚心出售 价可谈,210万,16031,武进区雪堰镇,太湖庄园,3室2厅1厨3卫,低楼层 (共4层),131㎡,暂无数据,南 北,框架结构,毛坯,暂无数据,暂无数据,2023-05-24,商品房,2020-05-05,别墅,满两年,共有,无抵押,已上传房本照片,此房满二，有钥匙，采光好，南北通透，院子大,适合度假养老居住使用，户型方正采光好，出门可沿太湖漫步或者去湿地公园打拳,适合度假养老居住使用，型方正采光好，出门可沿太湖漫步或者去湿地公园打拳,"税费分析，此房面积大于90平方，所以契税缴纳按名下房产套数定 若首套房契税为成交价的1.5％,。二套房成交价的2%。三套及以上的成交价的3% 2、增值税：产证满2年免收增值税，未满2年征收5.6％。 个税需缴纳成交价的1%",,,,,,,,,,,,
49,太湖庄园法式联排 下沉式花园 位置佳 有钥匙看房方便,400万,21169,武进区雪堰镇,太湖庄园,5室2厅1厨3卫,低楼层 (共3层),188.96㎡,暂无数据,南 北,未知结构,毛坯,暂无数据,暂无数据,2023-06-22,商品房,2020-05-06,别墅,暂无数据,非共有,无抵押,已上传房本照片,此房南北通透，采光好，房东诚心出售，价可谈！！！,适合度假养老居住使用，户型方正采光好，出门可沿太湖漫步或者去湿地公园打拳,自带7500平沿湖商店，出社区大门右转500米常州太滆美食街，东侧3公里地铁s2马山站站点，4公里湖底隧道口，交通便捷到常州无锡市区,"税费分析 1、契税：首套房，90平米以下成交价的1％，90平米以上成交价的1.5％, 二套房90平以上成交价的2%,2、增值税：产证满2年免收增值税，未满2年征收5.6％； 3、个税：产证满五年而且是一套住房，免收个税，未满5年成交价的1%",,,,,,,,,,,,
50,悦欣庭院 3室2厅 南,125万,10870,武进区雪堰镇,悦欣庭院,3室2厅1厨1卫,中楼层 (共5层),115㎡,暂无数据,南,未知结构,精装,,暂无数据,2023-10-30,商品房,暂无数据,普通住宅,暂无数据,非共有,有抵押 业主自还,未上传房本照片,,,,,暂无数据,暂无数据,暂无数据,暂无数据,,,,,,,,
51,太湖庄园三面大院子下叠 南北通透 看房方便,250万,20000,武进区雪堰镇,太湖庄园,3室2厅1厨3卫,低楼层 (共4层),125㎡,暂无数据,南 北,未知结构,毛坯,暂无数据,暂无数据,2023-10-31,商品房,暂无数据,别墅,暂无数据,共有,有抵押,未上传房本照片,此房下叠边套，大院子，三面院子。南北通透,适合度假养老居住使用，户型方正采光好，出门可沿太湖漫步或者去湿地公园打拳,自带7500平沿湖商店，出社区大门右转500米常州太滆美食街，东侧3公里地铁s2马山站站点，4公里湖底隧道口，交通便捷到常州无锡市区,"税费分析 1、契税：首套房，90平米以下成交价的1％，90平米以上成交价的1.5％, 二套房90平以上成交价的2%,2、增值税：产证满2年免收增值税，未满2年征收5.6％； 3、个税：产证满五年而且是一套住房，免收个税，未满5年成交价的1%",,,,,,,,,,,,
52,雪湖新苑 满五唯一 房东诚心出售,100万,11821,武进区雪堰镇,雪湖新苑,2室1厅1厨1卫,中楼层 (共18层),84.6㎡,暂无数据,南,钢混结构,精装,,暂无数据,2021-10-06,商品房,2013-06-14,普通住宅,暂无数据,非共有,无抵押,已上传房本照片,楼层好，视野好，雪湖新苑 满五唯一 房东诚心出售,,,存量房需要缴纳个人所得税1%。契税（看买方名下房屋套数决定费率），若买方此次购 房为首套房且购买房屋为90㎡及以下，收取契税为：1%。90㎡以上契税收取：1.5%。 二套房90㎡及以下依旧收取：1%，若90㎡以上将收取2%。三套房不论面积大小契税 均按照3%收取。,暂无数据,板塔结合,两梯四户,有,小区环境优美，配套成熟，交通便利，居住舒适。人文素养好，乐于助人，相处和谐,"方正通透，户型正气，视野宽阔,采光无遮挡，配套设施齐全..。",,,,,,
53,旷达太湖花园 1室1厅 东南,69.8万,12218,武进区雪堰镇,旷达太湖花园,1室1厅1厨1卫,中楼层 (共5层),57.13㎡,暂无数据,东南,钢混结构,其他,,暂无数据,2023-11-14,商品房,2020-05-17,普通住宅,暂无数据,非共有,暂无数据,已上传房本照片,,,,,暂无数据,暂无数据,暂无数据,暂无数据,,,,,,,,
54,小区环境优雅，配套成熟，交通便利，居住舒适。,145万,12394,武进区雪堰镇,望湖怡景,3室2厅1厨2卫,中楼层 (共18层),117㎡,暂无数据,南 北,钢混结构,毛坯,,暂无数据,2023-05-15,商品房,暂无数据,普通住宅,暂无数据,共有,无抵押,未上传房本照片,小区环境优雅，配套成熟，交通便利，居住舒适。,,,"首套房契税是1.5%,二套是2%,三套及以上是3%如不满两年增加5.3%的增值税",暂无数据,板塔结合,暂无数据,暂无数据,小区生活设施齐全，菜市场、银行、，交通便捷；2、小区内有健身器材，小孩游乐场，可供小区居民使用；3、小区内停车位充足，3、小区内24小时保安巡逻,,,,,业主人非 常友好、热情，邻里关系相处比较融洽，很有诚意出售。欢迎看房，随时恭候。,,
55,太湖庄园下叠 带院子 南北通透 看房方便 价可谈,225万,18336,武进区雪堰镇,太湖庄园,3室2厅1厨3卫,低楼层 (共4层),122.71㎡,暂无数据,南 北,未知结构,毛坯,暂无数据,暂无数据,2023-04-28,商品房,2022-08-11,别墅,未满两年,共有,有抵押,已上传房本照片,此房南北通透，采光好，带院子。,适合度假养老居住使用，户型方正采光好，出门可沿太湖漫步或者去湿地公园打拳,自带7500平沿湖商店，出社区大门右转500米常州太滆美食街，东侧3公里地铁s2马山站站点，4公里湖底隧道口，交通便捷到常州无锡市区,"税费分析 1、契税：首套房，90平米以下成交价的1％，90平米以上成交价的1.5％, 二套房90平以上成交价的2%,2、增值税：产证满2年免收增值税，未满2年征收5.6％； 3、个税：产证满五年而且是一套住房，免收个税，未满5年成交价的1%",,,,,,,,,,,,
56,太湖庄园 2室2厅 南 北,141万,16297,武进区雪堰镇,太湖庄园,2室2厅1厨1卫,高楼层 (共11层),86.52㎡,暂无数据,南 北,未知结构,精装,,暂无数据,2023-07-12,商品房,2021-07-13,普通住宅,暂无数据,共有,有抵押,已上传房本照片,,,,,暂无数据,暂无数据,暂无数据,暂无数据,,,,,,,,
57,太湖庄园精装房 看房方便 有钥匙 空气清新 依山傍水,78万,13228,武进区雪堰镇,太湖庄园,1室1厅1厨1卫,中楼层 (共8层),58.97㎡,暂无数据,南 北,未知结构,精装,,暂无数据,2023-08-08,商品房,2017-04-13,普通住宅,暂无数据,非共有,无抵押,已上传房本照片,适合度假养老居住使用，户型方正采光好视野好,适合度假养老居住使用，户型方正采光好，出门可沿太湖漫步或者去湿地公园打拳,自带7500平沿湖商店，出社区大门右转500米常州太滆美食街，东侧3公里地铁s2马山站站点，4公里湖底隧道口，交通便捷到常州无锡市区,"税费分析 1、契税：首套房，90平米以下成交价的1％，90平米以上成交价的1.5％, 二套房90平以上成交价的2%,2、增值税：产证满2年免收增值税，未满2年征收5.6％； 3、个税：产证满五年而且是唯住房，免收个税。满五和唯一两个条件缺一不可。",暂无数据,暂无数据,暂无数据,暂无数据,,,,,,,,
58,豪-装 房东自住 全屋订制价可谈 看房提前约 太湖庄园,98万,11465,武进区雪堰镇,太湖庄园,2室2厅1厨1卫,低楼层 (共11层),85.48㎡,暂无数据,南 北,未知结构,精装,,暂无数据,2023-03-30,商品房,2021-06-17,普通住宅,暂无数据,非共有,有抵押,已上传房本照片,此房房东自住的，装修新，装修好,适合度假养老居住使用，户型方正采光好，出门可沿太湖漫步或者去湿地公园打拳,自带7500平沿湖商店，出社区大门右转500米常州太滆美食街，东侧3公里地铁s2马山站站点，4公里湖底隧道口，交通便捷到常州无锡市区,"税费分析 1、契税：首套房，90平米以下成交价的1％，90平米以上成交价的1.5％, 二套房90平以上成交价的2%,2、增值税：产证满2年免收增值税，未满2年征收5.6％； 3、个税：产证满五年而且是一套住房，免收个税，未满5年成交价的1%",暂无数据,暂无数据,暂无数据,暂无数据,,,,,,,,
59,"此房满五有钥匙采光好,出门就有公园",130万,12595,武进区雪堰镇,太湖香树花园,3室2厅1厨1卫,低楼层 (共3层),103.22㎡,暂无数据,南 北,未知结构,毛坯,,暂无数据,2023-07-12,商品房,2017-09-05,普通住宅,暂无数据,共有,无抵押,已上传房本照片,"此房满五有钥匙采光好,出门就有公园",适合度假养老居住使用，户型方正，采光好，出门可沿太湖漫步，或者去湿地公园打拳,小区生活设施，商场菜市场，银行等交通便捷，小区内有健身器材小型球场，可供小区居民使用，,,暂无数据,暂无数据,暂无数据,暂无数据,小区环境优美，人文素养高，停车位充足，有娱乐设施供小区人使用，还有散步跑道！,,,,,,,
60,此房满二，楼层采光好，出门就是公园南北通风。,175万,12682,武进区雪堰镇,旷达福源二区,4室2厅1厨2卫,低楼层 (共9层),138㎡,暂无数据,南 北,未知结构,毛坯,,暂无数据,2023-10-19,商品房,暂无数据,普通住宅,暂无数据,共有,无抵押,未上传房本照片,此房满二，楼层采光好，出门就是公园南北通风。,,小区生活设施，商场，菜市场，银行，交通便捷，小区有健身器材，小型气场，可居民使用,满五唯一，90个平方以下税费一个点，满5唯一90个平方以上，税费1.5。,暂无数据,暂无数据,暂无数据,暂无数据,小区生活设施，商场，菜市场，银行，交通便捷，小区有健身器材，小型气场，可居民使用,,,,,,,
61,望湖名门 4室2厅 南,135万,15017,武进区雪堰镇,望湖名门,4室2厅1厨2卫,高楼层 (共12层),89.9㎡,暂无数据,南,钢混结构,精装,,暂无数据,2023-06-06,商品房,暂无数据,普通住宅,暂无数据,共有,无抵押,未上传房本照片,,,,,暂无数据,板塔结合,一梯三户,有,,,,,,,,
62,楼层好，视野好， 房东诚心出售,165万,13750,武进区雪堰镇,雪湖新苑,3室2厅1厨2卫,中楼层 (共18层),120㎡,暂无数据,南 北,钢混结构,精装,,暂无数据,2023-05-13,商品房,暂无数据,普通住宅,暂无数据,共有,无抵押,未上传房本照片,楼层好，视野好，雪湖新苑 满五唯一 房东诚心出售,,,存量房需要缴纳个人所得税1%。契税（看买方名下房屋套数决定费率），若买方此次购 房为首套房且购买房屋为90㎡及以下，收取契税为：1%。90㎡以上契税收取：1.5%。 二套房90㎡及以下依旧收取：1%，若90㎡以上将收取2%。三套房不论面积大小契税 均按照3%收取。,暂无数据,板塔结合,两梯四户,有,小区环境优美，配套成熟，交通便利，居住舒适。人文素养好，乐于助人，相处和谐,"方正通透，户型正气，视野宽阔,采光无遮挡，配套设施齐全..。",,,,,,
63,房东诚心出售，大开间，采光好，交通便利,140万,11291,武进区雪堰镇,阳光花园,3室1厅1厨2卫,低楼层 (共6层),124㎡,暂无数据,南 北,钢混结构,其他,,暂无数据,2023-05-15,商品房,暂无数据,普通住宅,暂无数据,非共有,无抵押,未上传房本照片,房东诚心出售，大开间，采光好，交通便利,,,"1、契税：首套房，90平米以下成交价的1％，90平米以上成交价的1.5％, 二套房90平以上成交价的2%,2、增值税：产证满2年免收增值税，未满2年征收5.6％； 3、个税：产证满五年而且是一套住房，免收个税，未满5年成交价的1%",暂无数据,板塔结合,暂无数据,暂无数据,1.环境优雅，低密度社区2.绿化优美，感受大自然带来的美丽3.儿童游乐设施齐，给孩子快乐的童年，减少带孩子外出游玩带来的麻烦4.交通便利，四通八达，出行更加方便，节省时间5.配套医院近，适合几代人的家庭,,,,,售房详情： 售房详情：业主现诚心出售，证件齐，欢迎看房，随时恭候，如看中房子，价格可谈,,
64,太湖湾度假村依山傍水环境优美适合居住,958万,17644,武进区雪堰镇,太湖湾度假村,5室3厅1厨4卫,低楼层 (共4层),542.97㎡,暂无数据,南,未知结构,毛坯,独栋,暂无数据,2020-12-04,商品房,暂无数据,别墅,暂无数据,共有,有抵押,未上传房本照片,背山面湖 视野*佳 天然氧吧  居住舒适,适合任何人群居住，【景区】动漫嬉戏谷、灵山大佛、中华孝道园、拈花湾均，抵达影视基地三国城、水浒城。,【商 业】自带7500方商圈，太滆美食街，太滆菜场，万达，太湖旅游度假区，自带17个主题特色品巷。 【银行】太滆镇农商行 中国工商银行 中国农业银行 中国建设银行 【医院】 潘家医院 雪堰医院,"税费分析 1、契税：首套房，90平米以下成交价的1％，90平米以上成交价的1.5％, 二套房90平以上成交价的2%,2、增值税：产证满2年免收增值税，未满2年征收5.6％； 3、个税：产证满五年而且是一套住房，免收个税，未满5年成交价的1%",,,,,,,四 周交通畅达，苏锡常南部湖底隧道开通在即，太湖湾旅游度假区的腹 地，无锡常州宜兴三地几何中 心，无锡梅园轻轨S2号延伸线抵达宜兴,,,,,
65,观山湖景叠加别墅  房东诚心出售 看中价格可谈,180万,14899,武进区雪堰镇,太湖庄园,3室2厅1厨2卫,中楼层 (共4层),120.82㎡,暂无数据,北 南,未知结构,毛坯,,暂无数据,2023-07-15,商品房,2023-03-05,普通住宅,未满两年,共有,无抵押,已上传房本照片,此房观湖靠山 有南北大露台 可做空中花园,合度假养老居住使用，户型方正采光好，出门可沿太湖漫步或者去湿地公园打拳,,契税:1.首套90平以下1%2.首套90平以上1.5% 3.二套90平以下1%4.二套90平以上2%5.三套都是3%增值税:产权满两年免征产权不满两年征收比例为5.3%个人所得税:产证满五唯一免征其他统一1%,暂无数据,暂无数据,暂无数据,暂无数据,,户型周正，格局分布合理，空间感好，通透性强，居住舒适2.南北朝向，视野开阔，采光通透 3.小区环境优美，绿化覆盖面积多，干净整洁。内有健身器材和小型娱乐设施。物业服务态度好。,,,,,,
66,房屋南北通透，全天采光，有停车位,163万,14955,武进区雪堰镇,佳源名人公馆,3室2厅1厨2卫,低楼层 (共23层),109㎡,暂无数据,南 北,钢混结构,精装,,暂无数据,2023-06-16,商品房,暂无数据,普通住宅,暂无数据,共有,无抵押,未上传房本照片,南北通透格局，楼层好，视野宽阔，交通方便，价格包含一个停车位,,,此房为商品房，满两年免收增值税，首套1%，二套1.5%，两套以上2%，不满两年交5.8的增值税,暂无数据,板塔结合,两梯两户,有,小区环境优美，人文素养高，停车位充足，有娱乐设施供小区人使用，还有散步跑道,南北通透，视野宽阔，采光无遮挡，三房两厅两卫，配套设备齐全。,,,,,,
67,精装电梯房，全天采光，户型方正，南北通风,140万,11429,武进区雪堰镇,悦欣庭院,3室2厅1厨2卫,低楼层 (共11层),122.5㎡,暂无数据,南 北,未知结构,精装,,暂无数据,2023-07-31,商品房,暂无数据,普通住宅,暂无数据,共有,无抵押,未上传房本照片,适合任何人居住，景区动漫嬉戏谷，灵山大佛，中华孝道园,,出门右转就是幼儿园，商场菜场旁边就是人民休闲娱乐场所，步行就能医院,满5唯一90个平方以下税费一个点满5，唯一90个平方以上，税费1.5二套房90个平方以下二个点，满90个平方以上税费2.5不满有增值税5.3,暂无数据,暂无数据,暂无数据,暂无数据,小区环境优美，适合任何人居住，小区娱乐，设施，供小区人玩耍上街很便利,户型周正，格局分布合理，空间感好，通透性强，居住舒适，南北通透,,,,,,
68,此房楼层好，视野开阔，采光充足，配套设施齐全。,134万,11552,武进区雪堰镇,世纪锦苑,3室2厅1厨1卫,高楼层 (共11层),116㎡,暂无数据,南 北,未知结构,精装,,暂无数据,2023-08-31,商品房,暂无数据,普通住宅,暂无数据,共有,无抵押,未上传房本照片,此房楼层好，视野开阔，采光充足，配套设施齐全，交通便利,,生活设施齐全，银行，市场，商场，菜场，饮食尽在咫尺，生活起居很方便,,暂无数据,暂无数据,暂无数据,暂无数据,,,,,,业主诚心售房，证件齐全，欢迎看房随时恭候，如果看中房子价格可谈,此房产权清晰，房源真实，业主诚心出售，看房方便过户，全程陪同,
69,此房满五唯一，楼层采光好，出门就是公园，南北通风。,130万,11207,武进区雪堰镇,悦欣庭院,3室2厅1厨1卫,中楼层 (共11层),116㎡,暂无数据,南 北,钢混结构,精装,,暂无数据,2023-09-15,商品房,暂无数据,普通住宅,暂无数据,共有,无抵押,未上传房本照片,此房满五唯一楼层采光好，出门就是公园南北通风,适合度假养老，居住使用，户型方正，采光好，出门可沿太湖漫步，或者去湿地公园打拳,小区生活设施，商场，菜市场，银行，交通便捷，小区有健身器材，小型气场，可居民使用,满五唯一，90个平方以下，税费一个点满5，唯一90个平方以上，税费1.5,暂无数据,板塔结合,两梯四户,有,小区生活设施，商场，菜市场，银行，交通便捷，小区有健身器材，小型气场可居居民使用,,,,,,,
70,悦欣庭院 3室1厅 南,120万,9592,武进区雪堰镇,悦欣庭院,3室1厅1厨2卫,低楼层 (共11层),125.11㎡,暂无数据,南,未知结构,毛坯,,暂无数据,2023-09-11,商品房,暂无数据,普通住宅,暂无数据,共有,无抵押,未上传房本照片,,,,,暂无数据,暂无数据,暂无数据,暂无数据,,,,,,,,
71,太湖湾度假村，度假游玩，天然氧吧,165万,11000,武进区雪堰镇,太湖湾度假村,4室2厅1厨2卫,中楼层 (共4层),150㎡,暂无数据,南 西南,未知结构,毛坯,,暂无数据,2020-06-16,商品房,暂无数据,普通住宅,暂无数据,共有,无抵押,未上传房本照片,适合任何人群居住，【景区】动漫嬉戏谷、灵山大佛、中华孝道..,,自带7500方商圈，太鬲美食节，马山镇菜场，医院均能满足生活所需，万达，太湖旅游度假区，自带17个主题特色品巷。【银 行】：马山镇农商行 中国工商银行 中国农业银行 中国建设银行【医院】：马山 第六人民医院自带7500方商圈，太鬲美食节，马山镇菜场,"税费分析 1、契税：首套房，90平米以下成交价的1％，90平米以上成交价的1.5％, 二套房90平以上成交价的2%,2、增值税：产证满2年免收增值税，未满2年征收5.6％； 3、个税：产证满五年而且是一套住房，免收个税，未满5年成交价的1%",暂无数据,暂无数据,暂无数据,暂无数据,,,南部湖底隧道无锡，无锡梅园轻轨S2号延伸线抵达宜兴，交通方便,,,,,
72,此房满五，唯一有钥匙彩光好，出门就有公园,165万,9323,武进区雪堰镇,望湖名门,5室3厅2厨3卫,低楼层 (共5层),177㎡,暂无数据,南 北,钢混结构,其他,,暂无数据,2023-10-10,商品房,暂无数据,普通住宅,暂无数据,共有,无抵押,未上传房本照片,此房满五，唯一有钥匙，采光好，出门就有公园,适合度假养老，居住使用，户型方正，采光好，出门可沿太湖漫步，或者去湿地公园打拳,小区生活设施，商场，菜市场银行等交通便捷，小区内有健身器材，小型球场可供小区居民使用,,暂无数据,板塔结合,暂无数据,暂无数据,小区环境优美，人文素养高，停车位充足，有娱乐设施供小区人使用，还有散步跑道,,,,,,,
73,一线湖景联排别墅 南北通透 采光好 看房方便,520万,13689,武进区雪堰镇,太湖庄园,4室4厅2厨4卫,低楼层 (共3层),379.87㎡,暂无数据,南 北,未知结构,毛坯,暂无数据,暂无数据,2023-02-12,商品房,2021-01-01,别墅,暂无数据,共有,无抵押,已上传房本照片,"此房南北通透,一线湖景联排边套",适合度假养老居住使用，户型方正采光好，出门可沿太湖漫步或者去湿地公园打拳,自带7500平沿湖商店，出社区大门右转500米常州太滆美食街，东侧3公里地铁s2马山站站点，4公里湖底隧道口，交通便捷到常州无锡市区,"税费分析 1、契税：首套房，90平米以下成交价的1％，90平米以上成交价的1.5％, 二套房90平以上成交价的2%,2、增值税：产证满2年免收增值税，未满2年征收5.6％； 3、个税：产证满五年而且是一套住房，免收个税，未满5年成交价的1%",,,,,,,,,,,,
74,户型方正，视野开阔，拎包入住，,88万,10932,武进区雪堰镇,悦欣庭院,2室2厅1厨1卫,低楼层 (共11层),80.5㎡,暂无数据,南 北,未知结构,精装,,暂无数据,2023-05-12,商品房,暂无数据,普通住宅,暂无数据,共有,无抵押,未上传房本照片,户型方正，视野开阔，在小区中间位置,本小区适合任何人居住，小区里面有娱乐设施嗯，供小区里的人使用，,,首套1%，二套1.5%，二套以上2%，不满两年交5.3的增值税，,暂无数据,暂无数据,暂无数据,暂无数据,小区环境优雅，里面有停车位，也有跑道可供小区里的人散步使用，,,,,,,,
75,不满二年，南北朝向，楼层好，视野开阔，采光充足,108万,12000,武进区雪堰镇,湖山颐舍,2室2厅1厨2卫,高楼层 (共14层),90㎡,暂无数据,南 北,钢混结构,毛坯,,暂无数据,2023-10-09,商品房,暂无数据,普通住宅,暂无数据,非共有,无抵押,未上传房本照片,南北通透，楼层好，视野宽阔，采光足,,,满两年免增值税，不满两年交5.3的增值税，不满90平是一个点，90平以上1.5个点,暂无数据,暂无数据,暂无数据,暂无数据,小区环境优美，物业是天空城服。嗯嗯，新小区还不满两年，有环形跑道嗯，有游乐场,此房不满两年，南北通透，有两个卫生间，楼层高，采光充足，双阳台,,,,,,
76,楼层好，采光明亮，视野开阔，户型方正,120万,12500,武进区雪堰镇,湖山颐舍,2室2厅1厨2卫,高楼层 (共14层),96㎡,暂无数据,东 西,钢混结构,毛坯,,暂无数据,2023-10-10,商品房,2023-09-07,普通住宅,未满两年,共有,无抵押,已上传房本照片,楼层好，视野开阔，户型方正，采光明亮,适合度假养老居住使用，户型方正，采光好。小区里有环形跑道，也有娱乐设施，供小区人使用,小区生活设施，菜场，银行都很方便，小区也有健身器材，离幼儿园500米,,暂无数据,暂无数据,暂无数据,暂无数据,小区环境优美，人文素养高，停车位充足，有娱乐设施供小区人使用，还有散步，跑道和篮球场,,,,,,,
77,格局分布合理，满二唯一随时可看,158万,10000,武进区雪堰镇,望湖怡景,4室2厅1厨2卫,高楼层 (共18层),158㎡,暂无数据,南 北,钢混结构,毛坯,,暂无数据,2023-05-15,商品房,暂无数据,普通住宅,暂无数据,共有,无抵押,未上传房本照片,格局分布合理满二唯一随时可以带看,,小区生活设施旗，商场菜场银行等，交通便捷，小区内有健身器材，小型篮球场,,暂无数据,板塔结合,暂无数据,暂无数据,小区环境优美，绿化面积覆盖高，干净整洁，内有健身器材和娱乐广场业务业务更好,户型周正，格局分布合理，空间感好，通信性强，居住舒适啊，采光好,,,,,,
78,太湖庄园纯毛坯叠加别墅 有电梯 房东诚心出售,195万,16388,武进区雪堰镇,太湖庄园,3室2厅1厨3卫,中楼层 (共4层),118.99㎡,暂无数据,北 南,未知结构,毛坯,暂无数据,暂无数据,2023-05-30,商品房,暂无数据,别墅,暂无数据,共有,有抵押 100万元,未上传房本照片,适合度假养老居住使用，户型方正采光好 出门可沿太湖漫步,适合度假养老居住使用，户型方正采光好，出门可沿太湖漫步或者去湿地公园打拳,自带7500平沿湖商店，出社区大门右转500米常州太滆美食街，东侧3公里地铁s2马山站站点，4公里湖底隧道口，交通便捷到常州无锡市区,"税费分析 1、契税：首套房，90平米以下成交价的1％，90平米以上成交价的1.5％, 二套房90平以上成交价的2%,2、增值税：产证满2年免收增值税，未满2年征收5.6％； 3、个税：产证满五年而且是一套住房，免收个税，未满5年成交价的1%",,,,,,,,,,,,
79,户型方正，采光好，南北通透，出门就是公园,138万,12000,武进区雪堰镇,望湖名门,4室2厅1厨1卫,中楼层 (共11层),115㎡,暂无数据,南 北,钢混结构,精装,,暂无数据,2023-09-19,商品房,暂无数据,普通住宅,暂无数据,共有,无抵押,未上传房本照片,户型方正，采光好，南北通透，出门就是公园,适合度假养老，居住使用，户型方正，采光好，出门可沿太湖漫步，或者去湿地公园打拳,,满五唯一90个平方以下税费一个点满五唯一90平方以上，税费1.5,暂无数据,板塔结合,一梯四户,有,小区环境优美，人文素养高，停车位充足，有娱乐设施供小区人使用，还有散步跑道,,,,,,,
80,视野开阔，天然氧吧，叠加别墅，带花园,320万,16835,武进区雪堰镇,太湖湾度假村,4室2厅1厨2卫,低楼层 (共3层),190.09㎡,暂无数据,南,未知结构,精装,,暂无数据,2022-07-16,商品房,暂无数据,普通住宅,暂无数据,共有,无抵押,未上传房本照片,背山面湖 视野佳 天然氧吧 居住舒适,适合任何人群居住，【景区】动漫嬉戏谷、灵山大佛、中华孝道园、拈花湾均，抵达影视基地三国城、水浒城。,【商 业】自带7500方商圈，太滆美食街，太滆菜场，万达，太湖旅游度假区，自带17个主题特色品巷。 【银行】太滆镇农商行 中国工商银行 中国农业银行 中国建设银行 【医院】 潘家医院 雪堰医院,,暂无数据,暂无数据,暂无数据,暂无数据,,,四 周交通畅达，常州市区至太湖湾青杨快速通道，苏锡常南部湖底隧道，太湖湾旅游度假区的腹 地，无锡常州宜兴三地几何中 心，无锡梅园轻轨S2号延伸线抵达宜兴,,,,,
81,太湖庄园下叠 南北院子 看刚方便 采光佳,200万,15716,武进区雪堰镇,太湖庄园,3室2厅1厨3卫,低楼层 (共4层),127.26㎡,暂无数据,南 北,未知结构,毛坯,暂无数据,暂无数据,2023-09-14,商品房,2023-11-09,别墅,未满两年,共有,有抵押,已上传房本照片,此房南北通透，采光好，房东诚心出售，价可谈！！！,适合度假养老居住使用，户型方正采光好，出门可沿太湖漫步或者去湿地公园打拳,自带7500平沿湖商店，出社区大门右转500米常州太滆美食街，东侧3公里地铁s2马山站站点，4公里湖底隧道口，交通便捷到常州无锡市区,"税费分析 1、契税：首套房，90平米以下成交价的1％，90平米以上成交价的1.5％, 二套房90平以上成交价的2%,2、增值税：产证满2年免收增值税，未满2年征收5.6％； 3、个税：产证满五年而且是一套住房，免收个税，未满5年成交价的1%",,,,,,,,,,,,
82,"此房满二有钥匙采光好,出门就有公园",150万,11719,武进区雪堰镇,雪湖家园,3室2厅1厨2卫,中楼层 (共10层),128㎡,暂无数据,南 北,未知结构,精装,,暂无数据,2023-10-08,商品房,暂无数据,普通住宅,暂无数据,共有,无抵押,未上传房本照片,"此房满二有钥匙采光好,出门就有公园",适合度假养老居住使用，户型方正，采光好，出门可沿太湖漫步，或者去湿地公园打拳,小区生活设施，商场菜市场，银行等交通便捷，小区内有健身器材小型球场，可供小区居民使用，,,暂无数据,暂无数据,暂无数据,暂无数据,小区环境优美，人文素养高，停车位充足，有娱乐设施供小区人使用，还有散步跑道！,,,,,,,
83,"此房满二有钥匙采光好,出门就有公园",178万,13031,武进区雪堰镇,望湖怡景,3室2厅1厨2卫,低楼层 (共18层),136.6㎡,暂无数据,南 北,钢混结构,精装,,暂无数据,2023-08-04,商品房,暂无数据,普通住宅,暂无数据,共有,无抵押,未上传房本照片,"此房满二有钥匙采光好,出门就有公园",适合度假养老居住使用，户型方正，采光好，出门可沿太湖漫步，或者去湿地公园打拳,小区生活设施，商场菜市场，银行等交通便捷，小区内有健身器材小型球场，可供小区居民使用，,,暂无数据,板塔结合,暂无数据,暂无数据,小区环境优美，人文素养高，停车位充足，有娱乐设施供小区人使用，还有散步跑道！,,,,,,,
84,此房满五唯一停车位充足，小区里有多种果树,119万,8168,武进区雪堰镇,阳光花园,4室2厅1厨2卫,低楼层 (共5层),145.7㎡,暂无数据,南 北,钢混结构,简装,,暂无数据,2023-06-01,商品房,暂无数据,普通住宅,暂无数据,共有,无抵押,未上传房本照片,满五唯一精装修 适合任何人群居住，【景区】动漫嬉戏谷、灵山..,,小区外面 商场 农贸市场 旅游景点 。。。中国邮政银行中国工商银行 中国农业银行 中国建设银行【医院】,"税费分析 1、契税：首套房，90平米以下成交价的1％，90平米以上成交价的1.5％, 二套房90平以上成交价的2%,2、增值税：产证满2年免收增值税，未满2年征收5.6％； 3、个税：产证满五年而且是一套住房，免收个税，未满5年成交价的1%",暂无数据,板塔结合,暂无数据,无,,,东侧3公里地铁s2马山站站点，4公里湖底隧道口，交通便捷到常州无锡市区,,,,,
85,太湖庄园上叠 有钥匙 看房方便 南北通透 依山傍水,190万,16078,武进区雪堰镇,太湖庄园,3室2厅1厨3卫,中楼层 (共4层),118.18㎡,暂无数据,南 北,未知结构,毛坯,暂无数据,暂无数据,2023-03-29,商品房,2022-03-04,别墅,满两年,非共有,无抵押,已上传房本照片,此房南北通透格局，视野佳，采光好，，，,适合度假养老居住使用，户型方正采光好，出门可沿太湖漫步或者去湿地公园打拳,自带7500平沿湖商店，出社区大门右转500米常州太滆美食街，东侧3公里地铁s2马山站站点，4公里湖底隧道口，交通便捷到常州无锡市区,"税费分析 1、契税：首套房，90平米以下成交价的1％，90平米以上成交价的1.5％, 二套房90平以上成交价的2%,2、增值税：产证满2年免收增值税，未满2年征收5.6％； 3、个税：产证满五年而且是一套住房，免收个税，未满5年成交价的1%",,,,,,,,,,,,
86,"此房满五有钥匙采光好,出门就有公园",120万,9757,武进区雪堰镇,望湖名门,3室2厅1厨2卫,中楼层 (共5层),123㎡,暂无数据,南 北,钢混结构,毛坯,,暂无数据,2023-07-26,商品房,暂无数据,普通住宅,暂无数据,共有,无抵押,未上传房本照片,"此房满五有钥匙采光好,出门就有公园",适合度假养老居住使用，户型方正，采光好，出门可沿太湖漫步，或者去湿地公园打拳,小区生活设施，商场菜市场，银行等交通便捷，小区内有健身器材小型球场，可供小区居民使用，,,暂无数据,板塔结合,暂无数据,暂无数据,小区环境优美，人文素养高，停车位充足，有娱乐设施供小区人使用，还有散步跑道！,,,,,,,
87,东边套上叠  南北通透 看房提前预约  价可谈,200万,16261,武进区雪堰镇,太湖庄园,3室2厅1厨3卫,中楼层 (共4层),123㎡,暂无数据,南 北,未知结构,毛坯,,暂无数据,2023-03-11,商品房,暂无数据,普通住宅,暂无数据,共有,有抵押,未上传房本照片,此房南北通透的格局，下叠带院子，视野好，采光佳！,适合度假养老居住使用，户型方正采光好，出门可沿太湖漫步或者去湿地公园打拳,自带7500平沿湖商店，出社区大门右转500米常州太滆美食街，东侧3公里地铁s2马山站站点，4公里湖底隧道口，交通便捷到常州无锡市区,"税费分析，契税缴纳按名下房产套数定，此房面积大于90平方， 若首套房契税为成交价的1.5％,。二套房成交价的2%。三套及以上的成交价的3%     2、增值税：产证满2年免收增值税，未满2年征收5.6％。   个税需缴纳成交价的1%",暂无数据,暂无数据,暂无数据,暂无数据,,,,,,,,
88,"此房满二有钥匙采光好,出门就有公园",215万,16045,武进区雪堰镇,雪湖新苑,3室2厅1厨2卫,中楼层 (共6层),134㎡,暂无数据,南 北,钢混结构,精装,,暂无数据,2023-08-08,商品房,暂无数据,普通住宅,暂无数据,共有,无抵押,未上传房本照片,"此房满二有钥匙采光好,出门就有公园",适合度假养老居住使用，户型方正，采光好，出门可沿太湖漫步，或者去湿地公园打拳,小区生活设施，商场菜市场，银行等交通便捷，小区内有健身器材小型球场，可供小区居民使用，,,暂无数据,板塔结合,暂无数据,暂无数据,小区环境优美，人文素养高，停车位充足，有娱乐设施供小区人使用，还有散步跑道！,,,,,,,
89,望湖名门 3室2厅 南 北,130万,10439,武进区雪堰镇,望湖名门,3室2厅1厨2卫,中楼层 (共11层),124.54㎡,暂无数据,南 北,钢混结构,简装,,暂无数据,2023-02-28,商品房,暂无数据,普通住宅,暂无数据,共有,无抵押,未上传房本照片,,,,,暂无数据,板塔结合,暂无数据,暂无数据,,,,,,,,
90,手慢无 太湖庄园毛坯下叠 南北通透 前后院子,148万,12061,武进区雪堰镇,太湖庄园,5室2厅2厨3卫,低楼层 (共4层),122.71㎡,暂无数据,南 北,未知结构,毛坯,暂无数据,暂无数据,2023-09-21,商品房,暂无数据,别墅,暂无数据,非共有,有抵押,未上传房本照片,此房是下叠，南北通透，前后院子,适合度假养老居住使用，户型方正采光好，出门可沿太湖漫步或者去湿地公园打拳,,契税:1.首套90平以下1%2.首套90平以上1.5% 3.二套90平以下1%4.二套90平以上2%5.三套都是3%增值税:产权满两年免征产权不满两年征收比例为5.3%个人所得税:产证满五唯一免征其他统一1%,,,,,1小工口议心，、木、等，交通便捷2.小区内有健身器材，小型篮球场，可供小区居民使用3小区内停车位充足，建有地下停车场，人车分流。地上有会客停车位。 4.小区内24小时保安巡逻,户型周正，格局分布合理，空间感好，通透性强，居住舒适2.南北朝向，视野开阔，采光通透 3.小区环境优美，绿化覆盖面积多，干净整洁。内有健身器材和小型娱乐设施。物业服务态度好。,,,,,,
91,太湖庄园毛坯上叠 南北通透 看房方便 价可谈,180万,15202,武进区雪堰镇,太湖庄园,3室2厅1厨3卫,中楼层 (共4层),118.41㎡,暂无数据,南 北,未知结构,毛坯,暂无数据,暂无数据,2023-10-21,商品房,暂无数据,别墅,暂无数据,共有,有抵押,未上传房本照片,此房南北通透，价格可谈。。。。。。。,适合度假养老居住使用，户型方正采光好，出门可沿太湖漫步或者去湿地公园打拳,自带7500平沿湖商店，出社区大门右转500米常州太滆美食街，东侧3公里地铁s2马山站站点，4公里湖底隧道口，交通便捷到常州无锡市区,"税费分析 1、契税：首套房，90平米以下成交价的1％，90平米以上成交价的1.5％, 二套房90平以上成交价的2%,2、增值税：产证满2年免收增值税，未满2年征收5.6％； 3、个税：产证满五年而且是一套住房，免收个税，未满5年成交价的1%",,,,,,,,,,,,
92,临湖独栋别墅 内外双湖 看房方便 位置佳 太湖庄园,1500万,25381,武进区雪堰镇,太湖庄园,6室4厅1厨6卫,低楼层 (共3层),591㎡,暂无数据,南 北,未知结构,毛坯,暂无数据,暂无数据,2023-03-15,商品房,暂无数据,别墅,暂无数据,共有,无抵押,未上传房本照片,此房为独栋别墅 临湖 采光好 小区环境好,适合度假养老居住使用，户型方正采光好，出门可沿太湖漫步或者去湿地公园打拳,自带7500平沿湖商店，出社区大门右转500米常州太滆美食街，东侧3公里地铁s2马山站站点，4公里湖底隧道口，交通便捷到常州无锡市区,"税费分析 1、契税：首套房，90平米以下成交价的1％，90平米以上成交价的1.5％, 二套房90平以上成交价的2%,2、增值税：产证满2年免收增值税，未满2年征收5.6％； 3、个税：产证满五年而且是一套住房，免收个税，未满5年成交价的1%",,,,,,,,,,,,
93,临湖独栋 土建已做 诚售 价格可谈 太湖庄园,1088万,21936,武进区雪堰镇,太湖庄园,5室3厅1厨6卫,低楼层 (共2层),496㎡,暂无数据,南 北,未知结构,毛坯,暂无数据,暂无数据,2022-11-15,商品房,暂无数据,别墅,暂无数据,非共有,无抵押,未上传房本照片,此房为独栋别墅 临湖 房东诚心出售小区环境好,适合度假养老居住使用，户型方正采光好，出门可沿太湖漫步或者去湿地公园打拳,自带7500平沿湖商店，出社区大门右转500米常州太滆美食街，东侧3公里地铁s2马山站站点，4公里湖底隧道口，交通便捷到常州无锡市区,"税费分析 1、契税：首套房，90平米以下成交价的1％，90平米以上成交价的1.5％, 二套房90平以上成交价的2%,2、增值税：产证满2年免收增值税，未满2年征收5.6％； 3、个税：产证满五年而且是一套住房，免收个税，未满5年成交价的1%",,,,,,,,,,,,
94,太湖庄园 3室2厅 南 北,200万,15983,武进区雪堰镇,太湖庄园,3室2厅1厨3卫,中楼层 (共4层),125.14㎡,暂无数据,南 北,未知结构,简装,暂无数据,暂无数据,2023-08-14,商品房,暂无数据,别墅,暂无数据,非共有,有抵押,未上传房本照片,,,,,,,,,,,,,,,,
95,太湖庄园东边套下叠 前后院子 南北通透 依山傍水,240万,18046,武进区雪堰镇,太湖庄园,3室2厅1厨2卫,低楼层 (共4层),133㎡,暂无数据,南 北 东,未知结构,毛坯,暂无数据,暂无数据,2023-09-24,商品房,2020-10-10,别墅,未满两年,共有,有抵押,已上传房本照片,此房南北通透下叠别墅，前后院子，,适合度假养老居住使用，户型方正采光好，出门可沿太湖漫步或者去湿地公园打拳,适合度假养老居住使用，型方正采光好，出门可沿太湖漫步或者去湿地公园打拳,"税费分析，此房面积大于90平方，所以契税缴纳按名下房产套数定 若首套房契税为成交价的1.5％,。二套房成交价的2%。三套及以上的成交价的3% 2、增值税：产证满2年免收增值税，未满2年征收5.6％。 个税需缴纳成交价的1%",,,,,,,,,,,,
96,"此房满二有钥匙采光好,出门就有公园",110万,12100,武进区雪堰镇,望湖名门,3室1厅1厨2卫,中楼层 (共11层),90.91㎡,暂无数据,南 北,钢混结构,精装,,暂无数据,2023-08-30,商品房,暂无数据,普通住宅,暂无数据,共有,无抵押,未上传房本照片,"此房满二有钥匙采光好,出门就有公园",适合度假养老居住使用，户型方正，采光好，出门可沿太湖漫步，或者去湿地公园打拳,小区生活设施，商场菜市场，银行等交通便捷，小区内有健身器材小型球场，可供小区居民使用，,,暂无数据,板塔结合,暂无数据,暂无数据,小区环境优美，人文素养高，停车位充足，有娱乐设施供小区人使用，还有散步跑道！,,,,,,,
97,新上 太湖庄园联排别墅 依上傍水 有钥匙 看房方便,380万,19974,武进区雪堰镇,太湖庄园,4室2厅1厨3卫,低楼层 (共3层),190.25㎡,暂无数据,南 北,框架结构,毛坯,,暂无数据,2023-08-09,商品房,2021-03-11,普通住宅,暂无数据,共有,有抵押,已上传房本照片,此房南北通透，采光好，房东诚心出售，价可谈！！！,适合度假养老居住使用，户型方正采光好，出门可沿太湖漫步或者去湿地公园打拳,自带7500平沿湖商店，出社区大门右转500米常州太滆美食街，东侧3公里地铁s2马山站站点，4公里湖底隧道口，交通便捷到常州无锡市区,"税费分析 1、契税：首套房，90平米以下成交价的1％，90平米以上成交价的1.5％, 二套房90平以上成交价的2%,2、增值税：产证满2年免收增值税，未满2年征收5.6％； 3、个税：产证满五年而且是一套住房，免收个税，未满5年成交价的1%",暂无数据,暂无数据,暂无数据,暂无数据,,,,,,,,
98,太湖庄园毛坯下叠 前排双拼 全天采光 看房方便,240万,18356,武进区雪堰镇,太湖庄园,3室2厅1厨3卫,低楼层 (共4层),130.75㎡,暂无数据,南 北,未知结构,毛坯,暂无数据,暂无数据,2023-10-16,商品房,2023-10-20,别墅,未满两年,非共有,有抵押,已上传房本照片,此房南北通透，下叠，前后院子，看房方便,适合度假养老居住使用，户型方正采光好，出门可沿太湖漫步或者去湿地公园打拳,自带7500平沿湖商店，出社区大门右转500米常州太滆美食街，东侧3公里地铁s2马山站站点，4公里湖底隧道口，交通便捷到常州无锡市区,"税费分析 1、契税：首套房，90平米以下成交价的1％，90平米以上成交价的1.5％, 二套房90平以上成交价的2%,2、增值税：产证满2年免收增值税，未满2年征收5.6％； 3、个税：产证满五年而且是一套住房，免收个税，未满5年成交价的1%",,,,,,,,,,,,
99,精装临湖独栋别墅 拎包入住 大花园 诚售 看房提前预约,1180万,23936,武进区雪堰镇,太湖庄园,5室3厅1厨6卫,低楼层 (共3层),493㎡,暂无数据,南 北,未知结构,精装,,暂无数据,2023-08-02,商品房,2016-04-14,普通住宅,暂无数据,共有,无抵押,已上传房本照片,此房为独栋别墅 临湖 大花园 小区环境好,适合度假养老居住使用，户型方正采光好，出门可沿太湖漫步或者去湿地公园打拳,自带7500平沿湖商店，出社区大门右转500米常州太滆美食街，东侧3公里地铁s2马山站站点，4公里湖底隧道口，交通便捷到常州无锡市区,"税费分析 1、契税：首套房，90平米以下成交价的1％，90平米以上成交价的1.5％, 二套房90平以上成交价的2%,2、增值税：产证满2年免收增值税，未满2年征收5.6％； 3、个税：产证满五年而且是一套住房，免收个税，未满5年成交价的1%",暂无数据,暂无数据,暂无数据,暂无数据,,,,,,,,
100,太湖庄园 毛坯上叠 看房提前联系 南北通透 价可谈,233万,19582,武进区雪堰镇,太湖庄园,4室1厅1厨3卫,中楼层 (共4层),118.99㎡,暂无数据,南 北,未知结构,毛坯,暂无数据,暂无数据,2023-08-14,商品房,2022-09-26,别墅,未满两年,非共有,无抵押,已上传房本照片,此房南北通透采光好毛坯上叠,适合度假养老居住使用，户型方正采光好，出门可沿太湖漫步或者去湿地公园打拳,自带7500平沿湖商店，出社区大门右转500米常州太滆美食街，东侧3公里地铁s2马山站站点，4公里湖底隧道口，交通便捷到常州无锡市区,"税费分析 1、契税：首套房，90平米以下成交价的1％，90平米以上成交价的1.5％, 二套房90平以上成交价的2%,2、增值税：产证满2年免收增值税，未满2年征收5.6％； 3、个税：产证满五年而且是一套住房，免收个税，未满5年成交价的1%",,,,,,,,,,,,
101,适合度假养老居住使用户型方正采光好出门可沿太湖漫步,242万,18509,武进区雪堰镇,太湖庄园,3室2厅1厨3卫,低楼层 (共4层),130.75㎡,暂无数据,南 北,未知结构,毛坯,,暂无数据,2022-05-26,商品房,2019-04-15,普通住宅,暂无数据,共有,无抵押,已上传房本照片,适合度假养老居住使用，户型方正采光好，出门可沿太湖漫步,适合度假养老居住使用，户型方正采光好，出门可沿太湖漫步或者去湿地公园打拳,自带7500平沿湖商店，出社区大门右转500米常州太滆美食街，东侧3公里地铁s2马山站站点，4公里湖底隧道口，交通便捷到常州无锡市区,"税费分析 1、契税：首套房，90平米以下成交价的1％，90平米以上成交价的1.5％, 二套房90平以上成交价的2%,2、增值税：产证满2年免收增值税，未满2年征收5.6％； 3、个税：产证满五年而且是一套住房，免收个税，未满5年成交价的1%",暂无数据,暂无数据,暂无数据,暂无数据,,,,,,,,
102,南北通透格局，楼层好，采光充足，视野开阔！,69万,10148,武进区雪堰镇,旷达太湖花园,1室2厅1厨1卫,低楼层 (共5层),68㎡,暂无数据,南 北,未知结构,精装,,暂无数据,2023-11-09,商品房,暂无数据,普通住宅,暂无数据,共有,无抵押,未上传房本照片,南北通透格局，楼层好，采光充足，视野开阔！,该小区适合任何人居住，小区环境优美，配套齐全，里面有跑道，花园,,,暂无数据,暂无数据,暂无数据,暂无数据,该小区安保设施好，人文素养高，环境优美，绿化果树多，负氧离子高,户型方正，南北朝向，东边户，南北通透！视野开阔，绿化果树多。,,,,,,
103,太湖庄园 毛坯一房两厅一卫  楼层佳 采光好 看房方便,90万,14074,武进区雪堰镇,太湖庄园,1室2厅1厨1卫,中楼层 (共11层),63.95㎡,暂无数据,南 北,未知结构,毛坯,,暂无数据,2023-03-30,商品房,2021-10-06,普通住宅,暂无数据,共有,无抵押,已上传房本照片,此房视野佳，采光充足，次新房。,适合度假养老居住使用，户型方正采光好，出门可沿太湖漫步或者去湿地公园打拳,自带7500平沿湖商店，出社区大门右转500米常州太滆美食街，东侧3公里地铁s2马山站站点，4公里湖底隧道口，交通便捷到常州无锡市区,"税费分析 1、契税：首套房，90平米以下成交价的1％，90平米以上成交价的1.5％, 二套房90平以上成交价的2%,2、增值税：产证满2年免收增值税，未满2年征收5.6％； 3、个税：产证满五年而且是一套住房，免收个税，未满5年成交价的1%",暂无数据,暂无数据,暂无数据,暂无数据,,,,,,,,
104,此房格局好，南北通风户型，全天采光，户型方正,90万,10620,武进区雪堰镇,旷达太湖花园,2室2厅1厨1卫,中楼层 (共6层),84.75㎡,暂无数据,南 北,钢混结构,精装,,暂无数据,2023-06-03,商品房,暂无数据,普通住宅,暂无数据,共有,无抵押,未上传房本照片,此房满五唯一，南北通风户型，户型方正楼层好,适合度假养老居住使用，户型方正，采光好，出门可沿太湖漫步，或者去湿地公园打拳,,90个平方以下满五唯一税费一个点，90个平方以上满五唯一税费1.5，二套房90个平方以下，税费两个点，90个平方以上2.5,暂无数据,板塔结合,两梯八户,有,,,小区生活设施，商场菜市场，银行等交通便捷，小区内有健身器材小型球场，可供小区居民使用，,,,,,
105,"房格局好,全天采光,户型方正视野好,干湿分离.",136万,15907,武进区雪堰镇,太湖庄园,2室2厅1厨1卫,高楼层 (共11层),85.5㎡,暂无数据,南 北,未知结构,精装,,暂无数据,2023-05-07,商品房,暂无数据,普通住宅,暂无数据,非共有,无抵押,未上传房本照片,"房格局好,全天采光,户型方正视野好,干湿分离..",适合度假养老居住使用，户型方正采光好，出门可沿太湖漫步或者去湿地公园打拳,,契税:A首套90平以下1%B首套90平以上1.5%C二套90平以下1%D二套90平以上 2%E三套都是3%增值税:满两年免征不满2年权额征收5.3%个人所得税:不满5 年征1% 房主自荐(业主对房源的描述),暂无数据,暂无数据,暂无数据,暂无数据,"小区生活设施齐,商场、菜市场、银行等,交通便捷;2、小区内有健身 器材,小型球场,可供小区居民使用:3、小区内停车位充足,建有地上停车场和 地下车库;人车分流",,,,,,,
106,户型方正，视野开阔，拎包入住。格局好,90万,11181,武进区雪堰镇,悦欣庭院,2室2厅1厨1卫,低楼层 (共11层),80.5㎡,暂无数据,南 北,未知结构,简装,,暂无数据,2023-08-07,商品房,暂无数据,普通住宅,暂无数据,共有,无抵押,未上传房本照片,户型方正，视野开阔，在小区中间位置,本小区适合任何人居住，小区里面有娱乐设施供小区人使用。上街很方便,,首套房1%二套房1.5%二套以上2%不满两，年交5.3的增值税,暂无数据,暂无数据,两梯三户,有,,南北通风格局好，楼层好，采光充足，通风效果好，两间朝南，一眼望去就是桃花,,,,,,
107,此房满二有钥匙采光好，出门就有公园,98万,11265,武进区雪堰镇,望湖怡景,2室2厅1厨1卫,低楼层 (共18层),87㎡,暂无数据,南 北,钢混结构,精装,,暂无数据,2023-10-05,商品房,暂无数据,普通住宅,暂无数据,共有,无抵押,未上传房本照片,此房满二有钥匙采光好，出门就有公园,适合度假养老，居住使用，户型方正，采光好，出门可沿太湖漫步，或者是湿地公园打拳,小区生活设施，商场菜市场，银行等交通便捷，小区内有健身器材小型球场，可供小区居民使用,,暂无数据,板塔结合,两梯三户,有,小区环境优美，人文素养高，停车位充足，有娱乐设施供小区人使用，还有散步跑道,,,,,,,
108,南北通透，楼层好，采光充足，视野开阔,120万,13983,武进区雪堰镇,旷达太湖花园,2室2厅1厨1卫,低楼层 (共3层),85.82㎡,暂无数据,南 北,未知结构,简装,,暂无数据,2023-09-04,商品房,暂无数据,普通住宅,暂无数据,非共有,无抵押,未上传房本照片,不满五，南北通透格局，楼层好，采光充足，视野开阔！,该小区适合任何人居住，小区环境优美，配套齐全，里面有跑道，花园,,,暂无数据,暂无数据,暂无数据,暂无数据,该小区安保设施好，人文素养高，环境优美，绿化果树多，负氧离子高。,户型方正，南北朝向，东边户，南北通透！视野开阔，绿化果树多。,,,,,,
109,悦欣庭院 3室1厅 南,96万,10796,武进区雪堰镇,悦欣庭院,3室1厅1厨1卫,低楼层 (共11层),88.93㎡,暂无数据,南,未知结构,简装,,暂无数据,2023-09-11,商品房,暂无数据,普通住宅,暂无数据,非共有,无抵押,未上传房本照片,,,,,暂无数据,暂无数据,暂无数据,暂无数据,,,,,,,,
110,此房满二，有钥匙采光好，出门就有公园,76万,10411,武进区雪堰镇,悦欣庭院,2室1厅1厨1卫,低楼层 (共11层),73㎡,暂无数据,南 北,未知结构,精装,,暂无数据,2023-10-07,商品房,暂无数据,普通住宅,暂无数据,共有,无抵押,未上传房本照片,此房满二，有钥匙采光好，出门就有公园,适合度假养老，居住使用，户型方正，采光好，出门可沿太湖漫步，或者去湿地公园打拳,小区生活设施，商场菜市场，银行等交通便捷，小区内有健身器材小型球场，可供小区居民使用,,暂无数据,暂无数据,两梯三户,有,小区环境优美，人文素养高，停车位充足，有娱乐设施供小区人使用，还有散步跑道,,,,,,,
111,旷达太湖花园 2室2厅 南 北,95万,11047,武进区雪堰镇,旷达太湖花园,2室2厅1厨1卫,中楼层 (共6层),86㎡,暂无数据,南 北,未知结构,毛坯,,暂无数据,2023-06-20,商品房,暂无数据,普通住宅,暂无数据,非共有,有抵押,未上传房本照片,,,,,暂无数据,暂无数据,暂无数据,暂无数据,,,,,,,,
112,这小区座落在街头购物方便。小区环境优美卫生干净整洁,120万,12055,武进区雪堰镇,雪湖新苑,2室1厅1厨1卫,中楼层 (共18层),99.55㎡,暂无数据,东 东南,钢混结构,精装,,暂无数据,2023-09-13,商品房,暂无数据,普通住宅,暂无数据,非共有,无抵押,未上传房本照片,此房是小高层电梯房户型方正。出门有菜场。有小卖部购物方便。,小区设施配套齐全.带有电梯老人小孩出入方便.小区做到人车分流安全.小区内设有健身小广场。可以健身运动,,,暂无数据,板塔结合,暂无数据,暂无数据,小区得房率高。小区带有电梯方便老人小孩出门方便.，小区人车分流安全。小区内绿化卫生整洁优美舒适。首付不高适合小夫妻工资不高的朋友,,,,,此房是小高层带有电梯。户型方正采光通透。两室适合年轻小夫妻做婚房。而且首付不高。,,
113,此房格局好，南北通风户型，全天采光，户型方正,85万,10030,武进区雪堰镇,旷达太湖花园,2室2厅1厨1卫,高楼层 (共6层),84.75㎡,暂无数据,南 北,钢混结构,毛坯,,暂无数据,2023-08-26,商品房,暂无数据,普通住宅,暂无数据,共有,无抵押,未上传房本照片,小区环境优美，适合任何人居住，户型方正，楼层好,适合度假养老，居住使用，户型方正，采光好，出门可沿太湖漫步，或者去湿地公园打拳,,90个平方以下满5唯一税费一个点，90个平方以上满五唯一税费1.5，两套房90平方以下税费两个点，90平方以上两2.5,暂无数据,板塔结合,两梯八户,有,,,小区生活设施，商场，菜市场，银行等交通便捷，小区内有健身器材小型球场可供小区居民使用,,,,,
114,此房满五唯一，中间楼层，采光视野都不错,90万,9891,武进区雪堰镇,望湖名门,2室2厅1厨1卫,中楼层 (共11层),91㎡,暂无数据,南 北,钢混结构,简装,,暂无数据,2023-07-16,商品房,暂无数据,普通住宅,暂无数据,共有,无抵押,未上传房本照片,此房满五唯一，户型方正，采光充足,人文素养高，绿化环境优美，干净整洁，交通便利，适合任何人居住。,,不满90平交1%的税，满90平到120平交1.5的税，120以上，交两点的税，不满两年交5.3的增值税,暂无数据,板塔结合,暂无数据,暂无数据,楼间距大，绿化好，本小区有娱乐设施，可供小区里的人使用！也有环型跑道,,,,,,,
115,一楼带大院子 精装未入住 太湖庄园洋房 看房方便,160万,19278,武进区雪堰镇,太湖庄园,2室2厅1厨1卫,低楼层 (共11层),83㎡,暂无数据,南 北,未知结构,精装,,暂无数据,2023-05-11,商品房,暂无数据,普通住宅,暂无数据,共有,无抵押,未上传房本照片,此房精装未入住，环境好，带大院子。。。。,适合度假养老居住使用，户型方正采光好，出门可沿太湖漫步或者去湿地公园打拳,自带7500平沿湖商店，出社区大门右转500米常州太滆美食街，东侧3公里地铁s2马山站站点，4公里湖底隧道口，交通便捷到常州无锡市区,"税费分析 1、契税：首套房，90平米以下成交价的1％，90平米以上成交价的1.5％, 二套房90平以上成交价的2%,2、增值税：产证满2年免收增值税，未满2年征收5.6％； 3、个税：产证满五年而且是一套住房，免收个税，未满5年成交价的1%",暂无数据,暂无数据,暂无数据,暂无数据,,,,,,,,
116,太湖庄园上叠 视野好 采光无遮挡 看房方便,180万,14954,武进区雪堰镇,太湖庄园,3室2厅1厨3卫,中楼层 (共4层),120.37㎡,暂无数据,南 北,未知结构,毛坯,暂无数据,暂无数据,2023-04-04,商品房,暂无数据,别墅,暂无数据,共有,无抵押,未上传房本照片,此房南北通透，采光好，能看到点湖面,适合度假养老居住使用，户型方正采光好，出门可沿太湖漫步或者去湿地公园打拳,自带7500平沿湖商店，出社区大门右转500米常州太滆美食街，东侧3公里地铁s2马山站站点，4公里湖底隧道口，交通便捷到常州无锡市区,"税费分析 1、契税：首套房，90平米以下成交价的1％，90平米以上成交价的1.5％, 二套房90平以上成交价的2%,2、增值税：产证满2年免收增值税，未满2年征收5.6％； 3、个税：产证满五年而且是一套住房，免收个税，未满5年成交价的1%",,,,,,,,,,,,
117,此房南北通透格局好视野宽阔彩光充足配套设施齐全,125万,14535,武进区雪堰镇,旷达太湖花园,3室2厅1厨2卫,低楼层 (共5层),86㎡,暂无数据,南 北,未知结构,其他,,暂无数据,2023-05-31,商品房,暂无数据,普通住宅,暂无数据,非共有,无抵押,未上传房本照片,此房南北通透，格局好，视野宽阔，采光充足，配套设施齐全,,,,暂无数据,暂无数据,暂无数据,暂无数据,小区风景优美，活动广场，人民休闲娱乐场所，健身方便，步行几公里就是公园,户型两间朝南，前面带个大花园，阳光四射，可以在院子里喝喝小茶,,,,房东要去外地发展，过来居住不方便，想把这边房子卖了，到别的城市去买一套,,此房是装精装房，品牌，家具家电，房东不怎么住，保养很好，装修的很有风格
118,环境好，交通便利，房东人很好.,88万,9906,武进区雪堰镇,望湖名门,3室1厅1厨1卫,高楼层 (共11层),88.84㎡,暂无数据,南,钢混结构,简装,,暂无数据,2023-01-09,商品房,暂无数据,普通住宅,暂无数据,共有,无抵押,未上传房本照片,小区环境优雅，配套成熟，交通便利，居住舒适。,,生活设施齐 ，农贸菜场 商场 饮食近在咫尺 生活起居很方便。,存量房需要缴纳个人所得税1%。契税（看买方名下房屋套数决定费率），若买方此次购 房为首套房且购买房屋为90㎡及以下，收取契税为：1%。90㎡以上契税收取：1.5%。 二套房90㎡及以下依旧收取：1%，若90㎡以上将收取2%。三套房不论面积大小契税 均按照3%收取。,暂无数据,板塔结合,暂无数据,暂无数据,,,,,,业主人非 常友好、热情，很有诚意出售。欢迎看房，随时恭候户型棒，成熟小区管理。,,
119,"此房满二有钥匙采光好,出门就有公园",120万,13954,武进区雪堰镇,旷达太湖花园,3室1厅1厨2卫,中楼层 (共6层),86㎡,暂无数据,南 北,未知结构,精装,,暂无数据,2023-08-26,商品房,暂无数据,普通住宅,暂无数据,共有,无抵押,未上传房本照片,"此房满二有钥匙采光好,出门就有公园",适合度假养老居住使用，户型方正，采光好，出门可沿太湖漫步，或者去湿地公园打拳,小区生活设施，商场菜市场，银行等交通便捷，小区内有健身器材小型球场，可供小区居民使用，,,暂无数据,暂无数据,暂无数据,暂无数据,小区环境优美，人文素养高，停车位充足，有娱乐设施供小区人使用，还有散步跑道！,,,,,,,
120,诚售 精装两房 南北通透 看房需提前预约 太湖庄园,130万,15663,武进区雪堰镇,太湖庄园,2室2厅1厨1卫,高楼层 (共11层),83㎡,暂无数据,南 北,未知结构,精装,,暂无数据,2023-03-30,商品房,暂无数据,普通住宅,暂无数据,非共有,有抵押,未上传房本照片,此房楼层好，采光佳，装修干净清爽,适合度假养老居住使用，户型方正采光好，出门可沿太湖漫步或者去湿地公园打拳,自带7500平沿湖商店，出社区大门右转500米常州太滆美食街，东侧3公里地铁s2马山站站点，4公里湖底隧道口，交通便捷到常州无锡市区,"税费分析 1、契税：首套房，90平米以下成交价的1％，90平米以上成交价的1.5％, 二套房90平以上成交价的2%,2、增值税：产证满2年免收增值税，未满2年征收5.6％； 3、个税：产证满五年而且是一套住房，免收个税，未满5年成交价的1%",暂无数据,暂无数据,暂无数据,暂无数据,,,,,,,,
121,"此房满二有钥匙采光好,出门就有公园",120万,13954,武进区雪堰镇,旷达太湖花园,3室1厅1厨2卫,中楼层 (共6层),86㎡,暂无数据,南 北,未知结构,精装,,暂无数据,2023-08-26,商品房,暂无数据,普通住宅,暂无数据,共有,无抵押,未上传房本照片,"此房满二有钥匙采光好,出门就有公园",适合度假养老居住使用，户型方正，采光好，出门可沿太湖漫步，或者去湿地公园打拳,小区生活设施，商场菜市场，银行等交通便捷，小区内有健身器材小型球场，可供小区居民使用，,,暂无数据,暂无数据,暂无数据,暂无数据,小区环境优美，人文素养高，停车位充足，有娱乐设施供小区人使用，还有散步跑道！,,,,,,,
122,精装洋房 采光好 视野好 家具家电齐全 拎包入住,120万,13701,武进区雪堰镇,太湖庄园,2室2厅1厨1卫,中楼层 (共11层),87.59㎡,暂无数据,南 北,未知结构,精装,,暂无数据,2023-03-06,商品房,2022-09-22,普通住宅,未满两年,共有,无抵押,已上传房本照片,此房南北通透的格局，精装未入住，家具家电齐全，视野好，采..,适合度假养老居住使用，户型方正采光好，出门可沿太湖漫步或者去湿地公园打拳,自带7500平沿湖商店，出社区大门右转500米常州太滆美食街，东侧3公里地铁s2马山站站点，4公里湖底隧道口，交通便捷到常州无锡市区,税费分析，契税缴纳按名下房产套数定，此房面积小于90平方，   若首套二套房均为成交价的1%。三套及以上的成交价的3%     2、增值税：产证满2年免收增值税，未满2年征收5.6％。   个税需缴纳成交价的1%,暂无数据,暂无数据,暂无数据,暂无数据,,,,,,,,
123,太湖庄园精装洋房 未入住 房东诚售 看房方便,105万,11988,武进区雪堰镇,太湖庄园,2室2厅1厨1卫,中楼层 (共11层),87.59㎡,暂无数据,南 北,未知结构,精装,,暂无数据,2023-05-23,商品房,2022-09-15,普通住宅,未满两年,共有,有抵押,已上传房本照片,此房楼层好，采光佳，南北通透。,适合度假养老居住使用，户型方正采光好，出门可沿太湖漫步或者去湿地公园打拳,自带7500平沿湖商店，出社区大门右转500米常州太滆美食街，东侧3公里地铁s2马山站站点，4公里湖底隧道口，交通便捷到常州无锡市区,税费分析，契税缴纳按名下房产套数定，此房面积小于90平方， 若首套二套房均为成交价的1%。三套及以上的成交价的3% 2、增值税：产证满2年免收增值税，未满2年征收5.6％。 个税需缴纳成交价的1%,暂无数据,暂无数据,暂无数据,暂无数据,,,,,,,,
124,小区是新小区，楼层好，全天采光，南北通透小区环境好,120万,12766,武进区雪堰镇,湖山颐舍,3室2厅1厨2卫,中楼层 (共15层),94㎡,暂无数据,南 北,未知结构,毛坯,,暂无数据,2023-10-09,商品房,暂无数据,普通住宅,暂无数据,共有,无抵押,未上传房本照片,小区环境优美人文素养高停车位充足有娱乐设施共小区人使用还有散,适合度假养老，居住使用，户型方正，采光好，小区里有环形跑道，也有娱乐设施，供小区人使用,小区生活设施，菜场银行都很方便，小区也有健身器材，离幼儿园500米,,暂无数据,暂无数据,暂无数据,暂无数据,,此房户型方正，三间朝南。南北通风，视线好。采光充足。楼层也好,,,,,,
125,小区环境优美，绿化面积覆盖高，干净整洁,89万,10723,武进区雪堰镇,旷达太湖花园,2室1厅1厨1卫,低楼层 (共6层),83㎡,暂无数据,南 北,未知结构,毛坯,,暂无数据,2023-05-30,商品房,暂无数据,普通住宅,暂无数据,共有,无抵押,未上传房本照片,小区环境优美，绿化面积覆盖高，干净整洁，内有健身器材和娱..,,小区生活设施齐，商场、抄市、菜市场、银行等，交通便捷；2、小区内有健身器材，小型篮球场，可供小区居民使用；,,暂无数据,暂无数据,暂无数据,暂无数据,小区环境优美，绿化面积覆盖高，干净整洁，内有健身器材和娱乐广场，物业服务态度好,户型周正，格局分布合理，空间感好，通透性强，居住舒适；南北通透,,,,,,
126,"此房满二有钥匙采光好,出门就有公园",102.8万,10280,武进区雪堰镇,雪湖家园,3室2厅1厨2卫,中楼层 (共6层),100㎡,暂无数据,南 北,钢混结构,简装,,暂无数据,2023-08-29,商品房,暂无数据,普通住宅,暂无数据,共有,无抵押,未上传房本照片,"此房满二有钥匙采光好,出门就有公园",适合度假养老居住使用，户型方正，采光好，出门可沿太湖漫步，或者去湿地公园打拳,小区生活设施，商场菜市场，银行等交通便捷，小区内有健身器材小型球场，可供小区居民使用，,,暂无数据,板塔结合,两梯两户,有,小区环境优美，人文素养高，停车位充足，有娱乐设施供小区人使用，还有散步跑道！,,,,,,,
127,太湖庄园精装两房 中甲楼层 采光无遮挡 看房方便,99万,11928,武进区雪堰镇,太湖庄园,2室2厅1厨1卫,中楼层 (共11层),83㎡,暂无数据,南 北,未知结构,精装,,暂无数据,2023-08-02,商品房,暂无数据,普通住宅,暂无数据,非共有,有抵押,未上传房本照片,此房精装修的房子，未入住，中间楼层，采光好！！！,适合度假养老居住使用，户型方正采光好，出门可沿太湖漫步或者去湿地公园打拳,自带7500平沿湖商店，出社区大门右转500米常州太滆美食街，东侧3公里地铁s2马山站站点，4公里湖底隧道口，交通便捷到常州无锡市区,"税费分析 1、契税：首套房，90平米以下成交价的1％，90平米以上成交价的1.5％, 二套房90平以上成交价的2%,2、增值税：产证满2年免收增值税，未满2年征收5.6％； 3、个税：产证满五年而且是一套住房，免收个税，未满5年成交价的1%",暂无数据,暂无数据,暂无数据,暂无数据,,,,,,,,
128,"此房满二有钥匙采光好,出门就有公园",56万,9689,武进区雪堰镇,旷达太湖花园,1室1厅1厨1卫,中楼层 (共5层),57.8㎡,暂无数据,南,钢混结构,毛坯,,暂无数据,2023-08-11,商品房,暂无数据,普通住宅,暂无数据,共有,无抵押,未上传房本照片,"此房满二有钥匙采光好,出门就有公园",适合度假养老居住使用，户型方正，采光好，出门可沿太湖漫步，或者去湿地公园打拳,小区生活设施，商场菜市场，银行等交通便捷，小区内有健身器材小型球场，可供小区居民使用，,,暂无数据,暂无数据,暂无数据,暂无数据,小区环境优美，人文素养高，停车位充足，有娱乐设施供小区人使用，还有散步跑道！,,,,,,,
129,上海发展，装修后一直没住过，虽是二手房其实是新房,100万,12267,武进区雪堰镇,旷达太湖花园,2室2厅1厨1卫,低楼层 (共6层),81.52㎡,暂无数据,南,未知结构,精装,,暂无数据,2023-02-26,商品房,暂无数据,普通住宅,暂无数据,共有,无抵押,未上传房本照片,房子满两年，房东只有疫情时候住过，基本全新。,,"地理位置得天独厚，出行方便！
五、推荐理由
让您体验惬意的生活，充分享受生活的美！",,暂无数据,暂无数据,暂无数据,暂无数据,"二、房屋介绍
格局合理，没有浪费面积，利用空间大，是 的好户型
三、社区配套
1、环境优雅，低密度社区
2、小区绿化高",,,,,,,
130,交通便利，生活设施齐全，离菜场100米,90万,8515,武进区雪堰镇,枫叶花园,2室2厅1厨1卫,中楼层 (共7层),105.7㎡,暂无数据,南 北,钢混结构,精装,,暂无数据,2023-06-21,商品房,暂无数据,普通住宅,暂无数据,共有,无抵押,未上传房本照片,交通便利，生活设施齐全，，生活设施完善，采光无遮挡,,,,暂无数据,板塔结合,暂无数据,无,小区，生活设施齐全，小区有健身器材，提供小区居民使用，小区有地面停车位,户型周正，格局分布，合理，空间感好，通透性强，居住舒适，朝向南北,,,,,满两年免收增值税，首套90平以下税率1%，二套90平以上为1.5%，不满两年交5.8%的增值税,
131,"此房满二有钥匙采光好,出门就有公园",90万,10117,武进区雪堰镇,望湖名门,2室2厅1厨2卫,低楼层 (共11层),88.96㎡,暂无数据,南 北,钢混结构,精装,,暂无数据,2023-09-19,商品房,暂无数据,普通住宅,暂无数据,共有,无抵押,未上传房本照片,"此房满二有钥匙采光好,出门就有公园",适合度假养老居住使用，户型方正，采光好，出门可沿太湖漫步，或者去湿地公园打拳,小区生活设施，商场菜市场，银行等交通便捷，小区内有健身器材小型球场，可供小区居民使用，,,暂无数据,板塔结合,暂无数据,暂无数据,小区环境优美，人文素养高，停车位充足，有娱乐设施供小区人使用，还有散步跑道！,,,,,,,
132,太湖庄园毛坯下叠 带南北院子 南北通透 价可谈,200万,15716,武进区雪堰镇,太湖庄园,3室2厅1厨3卫,低楼层 (共4层),127.26㎡,暂无数据,南 北,未知结构,毛坯,暂无数据,暂无数据,2023-10-16,商品房,2022-12-13,别墅,未满两年,非共有,有抵押,已上传房本照片,此房带院子，下叠，有钥匙，价可谈,适合度假养老居住使用，户型方正采光好，出门可沿太湖漫步或者去湿地公园打拳,自带7500平沿湖商店，出社区大门右转500米常州太滆美食街，东侧3公里地铁s2马山站站点，4公里湖底隧道口，交通便捷到常州无锡市区,"税费分析 1、契税：首套房，90平米以下成交价的1％，90平米以上成交价的1.5％, 二套房90平以上成交价的2%,2、增值税：产证满2年免收增值税，未满2年征收5.6％； 3、个税：产证满五年而且是一套住房，免收个税，未满5年成交价的1%",,,,,,,,,,,,
133,"此房满二有钥匙采光好,出门就有公园",76万,12667,武进区雪堰镇,旷达太湖花园,1室1厅1厨1卫,中楼层 (共5层),60㎡,暂无数据,东 西,钢混结构,精装,,暂无数据,2023-06-20,商品房,暂无数据,普通住宅,暂无数据,共有,无抵押,未上传房本照片,"此房满二有钥匙采光好,出门就有公园",适合度假养老居住使用，户型方正，采光好，出门可沿太湖漫步，或者去湿地公园打拳,小区生活设施，商场菜市场，银行等交通便捷，小区内有健身器材小型球场，可供小区居民使用，,,暂无数据,暂无数据,暂无数据,暂无数据,小区环境优美，人文素养高，停车位充足，有娱乐设施供小区人使用，还有散步跑道！,,,,,,,
134,太湖庄园精装未入住洋房 看房方便 价可谈,72万,11259,武进区雪堰镇,太湖庄园,1室2厅1厨1卫,中楼层 (共11层),63.95㎡,暂无数据,南,钢混结构,精装,,暂无数据,2023-10-06,商品房,2022-10-25,普通住宅,未满两年,非共有,有抵押 51万元,已上传房本照片,此房精装未入住，总价低，看房方便,适合度假养老居住使用，户型方正采光好，出门可沿太湖漫步或者去湿地公园打拳,自带7500平沿湖商店，出社区大门右转500米常州太滆美食街，东侧3公里地铁s2马山站站点，4公里湖底隧道口，交通便捷到常州无锡市区,"税费分析 1、契税：首套房，90平米以下成交价的1％，90平米以上成交价的1.5％, 二套房90平以上成交价的2%,2、增值税：产证满2年免收增值税，未满2年征收5.6％； 3、个税：产证满五年而且是一套住房，免收个税，未满5年成交价的1%",暂无数据,暂无数据,暂无数据,暂无数据,,,,,,,,
135,太湖旁精装两居室，拎包即可，中间楼层采光好！,80万,12103,武进区雪堰镇,太湖庄园,1室2厅1厨1卫,中楼层 (共11层),66.1㎡,暂无数据,南 北,未知结构,精装,,暂无数据,2023-06-11,商品房,2022-10-12,普通住宅,未满两年,共有,无抵押,已上传房本照片,"此房满二有钥匙采光好,出来太湖！",适合度假养老居住使用，户型方正采光好，出门可沿太湖漫步或者去湿地公园打拳,适合度假养老居住使用，型方正采光好，出门可沿太湖漫步或者去湿地公园打拳,"税费分析，此房面积大于90平方，所以契税缴纳按名下房产套数定 若首套房契税为成交价的1.5％,。二套房成交价的2%。三套及以上的成交价的3% 2、增值税：产证满2年免收增值税，未满2年征收5.6％。 个税需缴纳成交价的1%",暂无数据,暂无数据,暂无数据,暂无数据,,,,,,,,
136,价可谈 湖景景观房 看房方便 依山傍水 太湖庄园,78万,13237,武进区雪堰镇,太湖庄园,1室2厅1厨1卫,中楼层 (共7层),58.93㎡,暂无数据,南 北,未知结构,精装,,暂无数据,2023-03-23,商品房,暂无数据,普通住宅,暂无数据,非共有,无抵押,未上传房本照片,适合度假养老居住使用，户型方正采光好视野好 湖景房,适合度假养老居住使用，户型方正采光好，出门可沿太湖漫步或者去湿地公园打拳,自带7500平沿湖商店，出社区大门右转500米常州太滆美食街，东侧3公里地铁s2马山站站点，4公里湖底隧道口，交通便捷到常州无锡市区,"税费分析 1、契税：首套房，90平米以下成交价的1％，90平米以上成交价的1.5％, 二套房90平以上成交价的2%,2、增值税：产证满2年免收增值税，未满2年征收5.6％； 3、个税：产证满五年而且是唯住房，免收个税。满五和唯一两个条件缺一不可。",暂无数据,暂无数据,暂无数据,暂无数据,,,,,,,,
137,"：房格局全天采光,户型方正视野好,干湿分离.",57万,9828,武进区雪堰镇,旷达太湖花园,1室2厅1厨1卫,中楼层 (共6层),58㎡,暂无数据,南 北,未知结构,毛坯,,暂无数据,2023-05-29,商品房,暂无数据,普通住宅,暂无数据,共有,无抵押,未上传房本照片,"：
房格局好,南北通风户型,全天采光,户型方正视野好,干湿分离..","：
适合度假养老居住使用，户型方正采光好，出门可沿太湖漫步或者去湿地公园打拳",,契税:A首套90平以下1%B首套90平以上1.5%C二套90平以下1%D二套90平以上 2%E三套都是3%增值税:满两年免征不满2年权额征收5.3%个人所得税:不满5 年征1% 房主自荐(业主对房源的描述),暂无数据,暂无数据,暂无数据,暂无数据,"小区生活设施齐,商场、菜市场、银行等,交通便捷;2、小区内有健身 器材,小型球场,可供小区居民使用:3、小区内停车位充足,建有地上停车场和 地下车库;人车分流",,,,,,,
138,此房满二有钥匙，采光好，出门就有公园,110万,12500,武进区雪堰镇,旷达福源二区,2室2厅1厨1卫,低楼层 (共18层),88㎡,暂无数据,南 北,未知结构,其他,,暂无数据,2023-11-09,商品房,暂无数据,普通住宅,暂无数据,共有,无抵押,未上传房本照片,此房满二有钥匙，采光好，出门就有公园,适合度假养老居住使用，户型方正，采光好，出门可沿太湖漫步或者湿地公园打拳,小区生活设施，商场，菜市场银行等交通便捷，小区内有健身器材，小型球场可供小区居民使用,,暂无数据,暂无数据,暂无数据,暂无数据,小区环境优美，人文素养高，停车位充足，有娱乐设施供小区人使用，还有散步跑道,,,,,,,
139,太湖湾度假村 1室1厅 南,25万,5357,武进区雪堰镇,太湖湾度假村,1室1厅1厨1卫,低楼层 (共4层),46.67㎡,暂无数据,南,未知结构,精装,,暂无数据,2022-07-16,商品房,暂无数据,商住两用,暂无数据,共有,无抵押,未上传房本照片,,,,,暂无数据,暂无数据,暂无数据,暂无数据,,,,未知,未知,,,
140,"此房满二有钥匙采光好,出门就有公园",98万,11530,武进区雪堰镇,悦欣庭院,2室2厅1厨2卫,高楼层 (共11层),85㎡,暂无数据,南 北,未知结构,精装,,暂无数据,2023-10-08,商品房,暂无数据,普通住宅,暂无数据,共有,无抵押,未上传房本照片,"此房满二有钥匙采光好,出门就有公园",适合度假养老居住使用，户型方正，采光好，出门可沿太湖漫步，或者去湿地公园打拳,小区生活设施，商场菜市场，银行等交通便捷，小区内有健身器材小型球场，可供小区居民使用，,,暂无数据,暂无数据,暂无数据,暂无数据,小区环境优美，人文素养高，停车位充足，有娱乐设施供小区人使用，还有散步跑道！,,,,,,,
141,太湖庄园精装修洋房 带南北院子 看房提前预约,145万,17470,武进区雪堰镇,太湖庄园,2室2厅1厨1卫,低楼层 (共11层),83㎡,暂无数据,南,钢混结构,精装,,暂无数据,2023-10-30,商品房,暂无数据,普通住宅,暂无数据,共有,无抵押,未上传房本照片,此房精装修的房子，带南北院子，看房提前预约,适合度假养老居住使用，户型方正采光好，出门可沿太湖漫步或者去湿地公园打拳,自带7500平沿湖商店，出社区大门右转500米常州太滆美食街，东侧3公里地铁s2马山站站点，4公里湖底隧道口，交通便捷到常州无锡市区,"税费分析 1、契税：首套房，90平米以下成交价的1％，90平米以上成交价的1.5％, 二套房90平以上成交价的2%,2、增值税：产证满2年免收增值税，未满2年征收5.6％； 3、个税：产证满五年而且是一套住房，免收个税，未满5年成交价的1%",暂无数据,暂无数据,暂无数据,暂无数据,,,,,,,,
142,"此房满二有钥匙采光好,出门就有公园",155万,20853,武进区雪堰镇,太湖香树花园,2室1厅1厨1卫,高楼层 (共4层),74.33㎡,暂无数据,东南,钢混结构,毛坯,,暂无数据,2023-09-04,商品房,暂无数据,普通住宅,暂无数据,共有,无抵押,未上传房本照片,"此房满二有钥匙采光好,出门就有公园",适合度假养老居住使用，户型方正，采光好，出门可沿太湖漫步，或者去湿地公园打拳,小区生活设施，商场菜市场，银行等交通便捷，小区内有健身器材小型球场，可供小区居民使用，,,暂无数据,暂无数据,暂无数据,暂无数据,小区环境优美，人文素养高，停车位充足，有娱乐设施供小区人使用，还有散步跑道！,,,,,,,
143,交通便利，生活设施齐全，小区环境好,185万,12672,武进区雪堰镇,雪湖新苑,4室2厅1厨2卫,中楼层 (共6层),146㎡,暂无数据,南 北,钢混结构,精装,,暂无数据,2023-06-21,商品房,2017-03-25,普通住宅,暂无数据,共有,无抵押,已上传房本照片,交通便利，生活设施齐全，小区环境好,,小区生活设施，商场菜市场，银行等交通便捷，小区内有健身器材小型球场，可供小区居民使用，,,暂无数据,板塔结合,暂无数据,暂无数据,小区，生活设施齐全，小区有健身器材，提供小区居民使用，小区有地面停车位,户型周正，格局分布，合理，空间感好，通透性强，居住舒适，朝向南北,,,,,,
144,湖景房  房东诚心出售 精装修,172万,15311,武进区雪堰镇,太湖庄园,3室2厅1厨2卫,中楼层 (共11层),112.34㎡,暂无数据,南 北,未知结构,精装,,暂无数据,2023-01-30,商品房,暂无数据,普通住宅,暂无数据,非共有,有抵押,未上传房本照片,适合度假养老居住使用，户型方正采光好有院子 出门可沿太湖漫步,适合度假养老居住使用，户型方正采光好，出门可沿太湖漫步或者去湿地公园打拳,自带7500平沿湖商店，出社区大门右转500米常州太滆美食街，东侧3公里地铁s2马山站站点，4公里湖底隧道口，交通便捷到常州无锡市区,"税费分析 1、契税：首套房，90平米以下成交价的1％，90平米以上成交价的1.5％, 二套房90平以上成交价的2%,2、增值税：产证满2年免收增值税，未满2年征收5.6％； 3、个税：产证满五年而且是一套住房，免收个税，未满5年成交价的1%",暂无数据,暂无数据,暂无数据,暂无数据,,,,,,,,
145,"此房满二有钥匙采光好,出门就有公园",215万,12159,武进区雪堰镇,望湖名门,4室2厅1厨3卫,低楼层 (共5层),176.83㎡,暂无数据,南 北,钢混结构,精装,,暂无数据,2023-07-26,商品房,暂无数据,普通住宅,暂无数据,共有,无抵押,未上传房本照片,"此房满二有钥匙采光好,出门就有公园",适合度假养老居住使用，户型方正，采光好，出门可沿太湖漫步，或者去湿地公园打拳,小区生活设施，商场菜市场，银行等交通便捷，小区内有健身器材小型球场，可供小区居民使用，,,暂无数据,板塔结合,暂无数据,暂无数据,小区环境优美，人文素养高，停车位充足，有娱乐设施供小区人使用，还有散步跑道！,,,,,,,
146,"此房满二有钥匙采光好,出门就有公园",88万,11114,武进区雪堰镇,雪湖家园,2室2厅1厨1卫,中楼层 (共10层),79.18㎡,暂无数据,南 北,未知结构,精装,,暂无数据,2024-02-19,商品房,暂无数据,普通住宅,暂无数据,非共有,无抵押,未上传房本照片,"此房满二有钥匙采光好,出门就有公园",适合度假养老居住使用，户型方正，采光好，出门可沿太湖漫步，或者去湿地公园打拳,小区生活设施，商场菜市场，银行等交通便捷，小区内有健身器材小型球场，可供小区居民使用，,,暂无数据,暂无数据,暂无数据,暂无数据,小区环境优美，人文素养高，停车位充足，有娱乐设施供小区人使用，还有散步跑道！,,,,,,,
147,楼梯房，南北通透，户型方正，环境优美，使用率高，,108万,8781,武进区雪堰镇,望湖名门,3室2厅1厨2卫,中楼层 (共5层),123㎡,暂无数据,南 北,钢混结构,精装,,暂无数据,2024-02-20,商品房,暂无数据,普通住宅,暂无数据,共有,无抵押,未上传房本照片,"此房配套设施齐全，交通便利,南北通透，户型方正",适合任何人居住，有电梯，环形跑道，可供小区居民散步，环境优美,,满两年不交增值税，不满两年交5.3的增值税，小于90平交一个点的契税，大于90平交1.5的契税,暂无数据,板塔结合,暂无数据,暂无数据,小区有环形跑道，可供小区人使用，内有地下和地面停车位，绿化环境优美,,,,,,,
148,"此房满二有钥匙采光好,出门就有公园",155万,20853,武进区雪堰镇,太湖香树花园,2室1厅1厨1卫,高楼层 (共4层),74.33㎡,暂无数据,南 北,钢混结构,毛坯,,暂无数据,2024-02-24,商品房,暂无数据,普通住宅,暂无数据,共有,无抵押,未上传房本照片,"此房满二有钥匙采光好,出门就有公园",适合度假养老居住使用，户型方正，采光好，出门可沿太湖漫步，或者去湿地公园打拳,小区生活设施，商场菜市场，银行等交通便捷，小区内有健身器材小型球场，可供小区居民使用，,,暂无数据,暂无数据,暂无数据,暂无数据,小区环境优美，人文素养高，停车位充足，有娱乐设施供小区人使用，还有散步跑道！,,,,,,,
149,配套设施齐全，交通便利，楼层低，有电梯,95万,10675,武进区雪堰镇,望湖名门,2室2厅1厨1卫,低楼层 (共11层),89㎡,暂无数据,南 北,钢混结构,精装,,暂无数据,2024-01-30,商品房,暂无数据,普通住宅,暂无数据,共有,无抵押,未上传房本照片,此房配套设施齐全，交通便利，家有老人，楼层较低，有环型跑道，,适合任何人居住，有电梯，环形跑道，可供小区居民散步，环境优美,,满两年不交增值税，不满两年交5.3的增值税，小于90平交一个点的契税，大于90平交1.5的契税,暂无数据,板塔结合,一梯四户,有,小区有环形跑道，可供小区人使用，内有地下和地面停车位，绿化环境优美,,,,,,,
150,配套设施齐全，交通便利，楼层低，有电梯,95万,10327,武进区雪堰镇,悦欣庭院,1室1厅1厨1卫,低楼层 (共6层),92㎡,暂无数据,南 北,未知结构,简装,,暂无数据,2024-02-23,商品房,暂无数据,普通住宅,暂无数据,共有,无抵押,未上传房本照片,此房配套设施齐全，交通便利，家有老人，楼层较低，有环型跑道,适合任何人居住，有电梯，有环形跑道，可供小区居民散步，环境优美,,满两年不交增值税，不满两年交5.3的增值税，小于90平交一个点的契税，大于90平交1.5契,暂无数据,暂无数据,暂无数据,暂无数据,小区有环形跑道，可供人小区，使用内有地下停车位，和地面停车位，绿化环境优美,,,,,,,
151,满五唯一，南北通透，有钥匙，全天采光,105万,5073,武进区雪堰镇,阳光花园,4室2厅1厨2卫,高楼层 (共5层),207㎡,暂无数据,南 北,钢混结构,毛坯,,暂无数据,2023-12-28,商品房,暂无数据,普通住宅,暂无数据,共有,无抵押,未上传房本照片,满五唯一，南北通透，有钥匙，全天采光,适合度假养老居住使用户型方正采光好，出门可沿太湖漫步或者去湿地公园打拳,"：
小区生活设施，菜场，商场，银行等交通便捷，小区也有健身器材，小型球场可供小区人使用",,暂无数据,板塔结合,暂无数据,暂无数据,小区环境优美，人文素养高，停车位充足，有娱乐设施供小区人使用，还有散步跑道,,,,,,,
152,太湖庄园 4室3厅 南 北,380万,19961,武进区雪堰镇,太湖庄园,4室3厅1厨3卫,低楼层 (共3层),190.38㎡,暂无数据,南 北,未知结构,毛坯,暂无数据,暂无数据,2024-01-08,商品房,暂无数据,别墅,暂无数据,共有,无抵押,未上传房本照片,,,,,,,,,,,,,,,,
153,太湖庄园毛坯上叠 位置佳 前排双拼 全天采光,185万,15370,武进区雪堰镇,太湖庄园,3室2厅1厨3卫,中楼层 (共4层),120.37㎡,暂无数据,南 北,未知结构,毛坯,暂无数据,暂无数据,2024-01-17,商品房,暂无数据,别墅,暂无数据,共有,有抵押,未上传房本照片,此房上叠，前排双拼，全天采光！,适合度假养老居住使用，户型方正采光好，出门可沿太湖漫步或者去湿地公园打拳,自带7500平沿湖商店，出社区大门右转500米常州太滆美食街，东侧3公里地铁s2马山站站点，4公里湖底隧道口，交通便捷到常州无锡市区,税费分析，契税缴纳按名下房产套数定，此房面积小于90平方， 若首套二套房均为成交价的1%。三套及以上的成交价的3% 2、增值税：产证满2年免收增值税，未满2年征收5.6％。 个税需缴纳成交价的1%,,,,,,,,,,,,
154,太湖庄园精装洋房 采光好 家具家电齐全 拎包入住,130万,15659,武进区雪堰镇,太湖庄园,2室2厅1厨1卫,中楼层 (共11层),83.02㎡,暂无数据,南 北,未知结构,精装,,暂无数据,2024-01-16,商品房,暂无数据,普通住宅,暂无数据,共有,有抵押,未上传房本照片,此房楼层好，采光佳，南北通透。,适合度假养老居住使用，户型方正采光好，出门可沿太湖漫步或者去湿地公园打拳,自带7500平沿湖商店，出社区大门右转500米常州太滆美食街，东侧3公里地铁s2马山站站点，4公里湖底隧道口，交通便捷到常州无锡市区,税费分析，契税缴纳按名下房产套数定，此房面积小于90平方， 若首套二套房均为成交价的1%。三套及以上的成交价的3% 2、增值税：产证满2年免收增值税，未满2年征收5.6％。 个税需缴纳成交价的1%,暂无数据,暂无数据,暂无数据,暂无数据,,,,,,,,
155,太湖庄园毛坯上叠 视野好 能看到部分湖景,195万,15859,武进区雪堰镇,太湖庄园,3室2厅1厨3卫,低楼层 (共4层),122.96㎡,暂无数据,南 北,未知结构,其他,暂无数据,暂无数据,2024-01-20,商品房,暂无数据,别墅,暂无数据,非共有,暂无数据,未上传房本照片,此房南北通透，采光无遮挡！！！,适合度假养老居住使用，户型方正采光好，出门可沿太湖漫步或者去湿地公园打拳,自带7500平沿湖商店，出社区大门右转500米常州太滆美食街，东侧3公里地铁s2马山站站点，4公里湖底隧道口，交通便捷到常州无锡市区,"税费分析 1、契税：首套房，90平米以下成交价的1％，90平米以上成交价的1.5％, 二套房90平以上成交价的2%,2、增值税：产证满2年免收增值税，未满2年征收5.6％； 3、个税：产证满五年而且是一套住房，免收个税，未满5年成交价的1%",,,,,,,,,,,,
156,太湖庄园 2室2厅 南 北,110万,12942,武进区雪堰镇,太湖庄园,2室2厅1厨1卫,低楼层 (共11层),85㎡,暂无数据,南 北,未知结构,其他,,暂无数据,2024-02-24,商品房,暂无数据,普通住宅,暂无数据,非共有,暂无数据,未上传房本照片,,,,,暂无数据,暂无数据,暂无数据,暂无数据,,,,,,,,
157,湖景精装一房 看房方便 价格可谈 太湖庄园,61万,10318,武进区雪堰镇,太湖庄园,1室1厅1厨1卫,中楼层 (共8层),59.12㎡,暂无数据,南,未知结构,精装,,暂无数据,2023-12-09,商品房,2017-01-12,普通住宅,暂无数据,共有,有抵押,已上传房本照片,适合度假养老居住使用，户型方正采光好视野好 湖景房,适合度假养老居住使用，户型方正采光好，出门可沿太湖漫步或者去湿地公园打拳,自带7500平沿湖商店，出社区大门右转500米常州太滆美食街，东侧3公里地铁s2马山站站点，4公里湖底隧道口，交通便捷到常州无锡市区,"税费分析 1、契税：首套房，90平米以下成交价的1％，90平米以上成交价的1.5％, 二套房90平以上成交价的2%,2、增值税：产证满2年免收增值税，未满2年征收5.6％； 3、个税：产证满五年而且是唯住房，免收个税。满五和唯一两个条件缺一不可。",暂无数据,暂无数据,暂无数据,暂无数据,,,,,,,,
158,"此房满二有钥匙采光好,出门就有公园",220万,12942,武进区雪堰镇,旷达太湖花园,3室2厅1厨3卫,高楼层 (共6层),170㎡,暂无数据,南 北,未知结构,精装,,暂无数据,2024-03-03,商品房,暂无数据,普通住宅,暂无数据,共有,无抵押,未上传房本照片,"此房满二有钥匙采光好,出门就有公园",适合度假养老居住使用，户型方正，采光好，出门可沿太湖漫步，或者去湿地公园打拳,小区生活设施，商场菜市场，银行等交通便捷，小区内有健身器材小型球场，可供小区居民使用，,,暂无数据,暂无数据,暂无数据,暂无数据,小区环境优美，人文素养高，停车位充足，有娱乐设施供小区人使用，还有散步跑道！,,,,,,,
159,太湖庄园精装未入住  看房方便 有钥匙 价咯痰,115万,13143,武进区雪堰镇,太湖庄园,2室2厅1厨1卫,低楼层 (共11层),87.5㎡,暂无数据,南 北,未知结构,精装,,暂无数据,2024-01-17,商品房,暂无数据,普通住宅,暂无数据,共有,有抵押,未上传房本照片,南北通透，小洋房，精装未入住。,适合度假养老居住使用，户型方正采光好，出门可沿太湖漫步或者去湿地公园打拳,自带7500平沿湖商店，出社区大门右转500米常州太滆美食街，东侧3公里地铁s2马山站站点，4公里湖底隧道口，交通便捷到常州无锡市区,税费分析，契税缴纳按名下房产套数定，此房面积小于90平方， 若首套二套房均为成交价的1%。三套及以上的成交价的3% 2、增值税：产证满2年免收增值税，未满2年征收5.6％。 个税需缴纳成交价的1%,暂无数据,暂无数据,暂无数据,暂无数据,,,,,,,,
160,太湖庄园下叠毛坯 南北院子 房东诚心出售 价可谈,170万,13854,武进区雪堰镇,太湖庄园,3室2厅1厨3卫,低楼层 (共4层),122.71㎡,暂无数据,南 北,未知结构,毛坯,暂无数据,暂无数据,2024-03-05,商品房,2021-04-21,别墅,满两年,非共有,有抵押,已上传房本照片,此房满二，南北通透，南北院子，毛坯下叠,适合度假养老居住使用，户型方正采光好，出门可沿太湖漫步或者去湿地公园打拳,自带7500平沿湖商店，出社区大门右转500米常州太滆美食街，东侧3公里地铁s2马山站站点，4公里湖底隧道口，交通便捷到常州无锡市区,"税费分析 1、契税：首套房，90平米以下成交价的1％，90平米以上成交价的1.5％, 二套房90平以上成交价的2%,2、增值税：产证满2年免收增值税，未满2年征收5.6％； 3、个税：产证满五年而且是一套住房，免收个税，未满5年成交价的1%",,,,,,,,,,,,
161,太湖庄园精装两房 价可谈 全天采光 看房方便,105万,12651,武进区雪堰镇,太湖庄园,2室2厅1厨1卫,低楼层 (共11层),83㎡,暂无数据,南 北,未知结构,精装,,暂无数据,2024-02-26,商品房,暂无数据,普通住宅,暂无数据,共有,有抵押,未上传房本照片,此房精准修的房子，楼间距大，全天采光，南北通透,适合度假养老居住使用，户型方正采光好，出门可沿太湖漫步或者去湿地公园打拳,自带7500平沿湖商店，出社区大门右转500米常州太滆美食街，东侧3公里地铁s2马山站站点，4公里湖底隧道口，交通便捷到常州无锡市区,税费分析，契税缴纳按名下房产套数定，此房面积小于90平方， 若首套二套房均为成交价的1%。三套及以上的成交价的3% 2、增值税：产证满2年免收增值税，未满2年征收5.6％。 个税需缴纳成交价的1%,暂无数据,暂无数据,暂无数据,暂无数据,,,,,,,,
162,太湖湾湖景房 中楼层业主诚心出售 有钥匙,80万,8603,武进区雪堰镇,太湖湾度假村,2室2厅1厨1卫,中楼层 (共11层),93㎡,暂无数据,南,未知结构,精装,,暂无数据,2024-03-13,商品房,暂无数据,普通住宅,暂无数据,共有,无抵押,未上传房本照片,此房中楼层 采光好视野开阔 南看湖景北看山 天然氧吧,,自带7500方商圈，太鬲美食节，马山镇菜场，医院均能满足生活所需，万达，太湖旅游度假区，自带17个主题特色品巷。【银 行】：马山镇农商行 中国工商银行 中国农业银行 中国建设银行【医院】：马山 第六人民医院自带7500方商圈，太鬲美食节，马山镇菜场,"税费分析 1、契税：首套房，90平米以下成交价的1％，90平米以上成交价的1.5％, 二套房90平以上成交价的2%,2、增值税：产证满2年免收增值税，未满2年征收5.6％； 3、个税：产证满五年而且是一套住房，免收个税",暂无数据,暂无数据,暂无数据,暂无数据,,,南部湖底隧道无锡，无锡梅园轻轨S2号延伸线抵达宜兴，交通方便,,,,,
163,太湖湾精装小高层 在家看湖 房东诚售 有钥匙,105万,11291,武进区雪堰镇,太湖湾度假村,2室2厅1厨1卫,中楼层 (共11层),93㎡,暂无数据,南,钢混结构,精装,,暂无数据,2024-03-13,商品房,暂无数据,普通住宅,暂无数据,共有,无抵押,未上传房本照片,此房中高楼层 采光好视野开阔 南看湖景北看山 天然氧吧,,自带7500方商圈，太鬲美食节，马山镇菜场，医院均能满足生活所需，万达，太湖旅游度假区，自带17个主题特色品巷。【银 行】：马山镇农商行 中国工商银行 中国农业银行 中国建设银行【医院】：马山 第六人民医院自带7500方商圈，太鬲美食节，马山镇菜场,"税费分析 1、契税：首套房，90平米以下成交价的1％，90平米以上成交价的1.5％, 二套房90平以上成交价的2%,2、增值税：产证满2年免收增值税，未满2年征收5.6％； 3、个税：产证满五年而且是一套住房，免收个税",暂无数据,塔楼,一梯四户,有,,,南部湖底隧道无锡，无锡梅园轻轨S2号延伸线抵达宜兴，交通方便,,,,,
164,雪湖新苑 2室2厅 南,93万,10942,武进区雪堰镇,雪湖新苑,2室2厅1厨1卫,低楼层 (共18层),85㎡,暂无数据,南,钢混结构,其他,,暂无数据,2024-03-06,商品房,暂无数据,普通住宅,暂无数据,非共有,暂无数据,未上传房本照片,,,,,暂无数据,板塔结合,两梯四户,有,,,,,,,,
165,太湖湾度假村精装湖景房 鸟语花香天然养吧 在家看湖,72万,12976,武进区雪堰镇,太湖湾度假村,1室1厅1厨1卫,中楼层 (共11层),55.49㎡,暂无数据,南,钢混结构,精装,,暂无数据,2024-02-28,商品房,暂无数据,普通住宅,暂无数据,共有,无抵押,未上传房本照片,此房中高楼层 采光好视野开阔 南看湖景北看山 天然氧吧,适合任何人群，【景区】动漫嬉戏谷、灵山大佛、中华孝道园、拈花湾均，抵达影视基地三国城、水浒城,【商 业】自带7500方商圈，太滆美食街，太滆菜场，万达，太湖旅游度假区，自带17个主题特色品巷。 【银行】太滆镇农商行 中国工商银行 中国农业银行 中国建设银行 【医院】 潘家医院 雪堰医院,"税费分析 1、契税：首套房，90平米以下成交价的1％，90平米以上成交价的1.5％, 二套房90平以上成交价的2%,2、增值税：产证满2年免收增值税，未满2年征收5.6％； 3、个税：产证满五年而且是一套住房，免收个税",暂无数据,塔楼,一梯四户,有,,,南部湖底隧道无锡，无锡梅园轻轨S2号延伸线抵达宜兴，交通方便,,,,,
166,旷达太湖花园 1室1厅 南,69.8万,12218,武进区雪堰镇,旷达太湖花园,1室1厅1厨1卫,中楼层 (共5层),57.13㎡,暂无数据,南,钢混结构,其他,,暂无数据,2024-03-13,商品房,暂无数据,普通住宅,暂无数据,共有,无抵押,未上传房本照片,,,,,暂无数据,暂无数据,暂无数据,暂无数据,,,,,,,,
167,竺山湖小镇 5室2厅 南,60万,12443,武进区雪堰镇,竺山湖小镇,5室2厅1厨4卫,低楼层 (共3层),48.22㎡,暂无数据,南,未知结构,其他,,暂无数据,2024-03-04,商品房,暂无数据,普通住宅,暂无数据,非共有,暂无数据,未上传房本照片,,,,,暂无数据,暂无数据,暂无数据,暂无数据,,,,,,,,
168,太湖庄园精装两房 家具家电齐全 拎包入住 满二,88万,11648,武进区雪堰镇,太湖庄园,2室1厅1厨1卫,中楼层 (共11层),75.55㎡,暂无数据,南,未知结构,精装,,暂无数据,2023-12-19,商品房,2021-06-29,普通住宅,暂无数据,非共有,有抵押,已上传房本照片,此房楼层好，中间楼层，全天采光，精装未入住,适合度假养老居住使用，户型方正采光好，出门可沿太湖漫步或者去湿地公园打拳,自带7500平沿湖商店，出社区大门右转500米常州太滆美食街，东侧3公里地铁s2马山站站点，4公里湖底隧道口，交通便捷到常州无锡市区,"税费分析 1、契税：首套房，90平米以下成交价的1％，90平米以上成交价的1.5％, 二套房90平以上成交价的2%,2、增值税：产证满2年免收增值税，未满2年征收5.6％； 3、个税：产证满五年而且是一套住房，免收个税，未满5年成交价的1%",暂无数据,暂无数据,暂无数据,暂无数据,,,,,,,,
169,太湖湾湖景房 在家看湖 业主诚心出售 有钥匙,58万,10451,武进区雪堰镇,太湖湾度假村,1室1厅1厨1卫,高楼层 (共11层),55.5㎡,暂无数据,南,钢混结构,精装,,暂无数据,2024-03-13,商品房,暂无数据,普通住宅,暂无数据,共有,无抵押,未上传房本照片,此房中高楼层 采光好视野开阔 南看湖景北看山 天然氧吧,,自带7500方商圈，太鬲美食节，马山镇菜场，医院均能满足生活所需，万达，太湖旅游度假区，自带17个主题特色品巷。【银 行】：马山镇农商行 中国工商银行 中国农业银行 中国建设银行【医院】：马山 第六人民医院自带7500方商圈，太鬲美食节，马山镇菜场,"税费分析 1、契税：首套房，90平米以下成交价的1％，90平米以上成交价的1.5％, 二套房90平以上成交价的2%,2、增值税：产证满2年免收增值税，未满2年征收5.6％； 3、个税：产证满五年而且是一套住房，免收个税",暂无数据,塔楼,暂无数据,暂无数据,,,南部湖底隧道无锡，无锡梅园轻轨S2号延伸线抵达宜兴，交通方便,,,,,
170,雪湖新苑 3室2厅 南,158万,12742,武进区雪堰镇,雪湖新苑,3室2厅1厨2卫,高楼层 (共18层),124㎡,暂无数据,南,钢混结构,精装,,暂无数据,2024-03-09,商品房,暂无数据,普通住宅,暂无数据,共有,无抵押,未上传房本照片,,,,,暂无数据,板塔结合,两梯四户,有,,,,,,,,
171,采光充足，配套设施齐全，交通便利,108万,9153,武进区雪堰镇,雪湖家园,3室2厅1厨2卫,高楼层 (共6层),118㎡,暂无数据,南 北,钢混结构,精装,,暂无数据,2024-03-08,商品房,暂无数据,普通住宅,暂无数据,共有,无抵押,未上传房本照片,此房南北通透，楼层好，采光充足，配套设施齐全，交通便利,配套齐全，有菜场，无电梯，小区内有环型跑道，可供小区里使用，,,满两年免增值税，不满两年交5.3的增值税，不满90平交契税百分之一，满90平交契税百分之1.5,暂无数据,板塔结合,暂无数据,暂无数据,,此房前面无遮挡，采光好，户型方正，三开间朝南，每个房间都有窗，,,,,,,
172,望湖怡景 2室1厅 南,110万,12644,武进区雪堰镇,望湖怡景,2室1厅1厨1卫,中楼层 (共18层),87㎡,暂无数据,南,钢混结构,精装,,暂无数据,2024-03-15,商品房,暂无数据,普通住宅,暂无数据,非共有,无抵押,未上传房本照片,,,,,暂无数据,板塔结合,两梯三户,有,,,,,,,,
173,雪湖家园 3室2厅 南 北,109万,9257,武进区雪堰镇,雪湖家园,3室2厅1厨2卫,高楼层 (共6层),117.76㎡,暂无数据,南 北,钢混结构,其他,,暂无数据,2024-03-08,商品房,暂无数据,普通住宅,暂无数据,非共有,暂无数据,未上传房本照片,,,,,暂无数据,板塔结合,两梯两户,有,,,,,,,,
174,太湖庄园毛坯下叠 南北院子 价可谈 南北通透 全天采光,185万,15417,武进区雪堰镇,太湖庄园,3室2厅1厨3卫,低楼层 (共4层),120㎡,暂无数据,南 北,未知结构,毛坯,暂无数据,暂无数据,2024-02-26,商品房,暂无数据,别墅,暂无数据,非共有,暂无数据,未上传房本照片,此房南北通透，采光好，看房方便,适合度假养老居住使用，户型方正采光好，出门可沿太湖漫步或者去湿地公园打拳,自带7500平沿湖商店，出社区大门右转500米常州太滆美食街，东侧3公里地铁s2马山站站点，4公里湖底隧道口，交通便捷到常州无锡市区,税费分析，契税缴纳按名下房产套数定，此房面积小于90平方， 若首套二套房均为成交价的1%。三套及以上的成交价的3% 2、增值税：产证满2年免收增值税，未满2年征收5.6％。 个税需缴纳成交价的1%,,,,,,,,,,,,
175,"此房满二有钥匙采光好,出门就有公园",63万,10980,武进区雪堰镇,旷达太湖花园,1室1厅1厨1卫,中楼层 (共5层),57.38㎡,暂无数据,南 北,钢混结构,毛坯,,暂无数据,2024-02-29,商品房,暂无数据,普通住宅,暂无数据,非共有,无抵押,未上传房本照片,"此房满二有钥匙采光好,出门就有公园",适合度假养老居住使用，户型方正，采光好，出门可沿太湖漫步，或者去湿地公园打拳,小区生活设施，商场菜市场，银行等交通便捷，小区内有健身器材小型球场，可供小区居民使用，,,暂无数据,暂无数据,暂无数据,暂无数据,小区环境优美，人文素养高，停车位充足，有娱乐设施供小区人使用，还有散步跑道！,,,,,,,
176,雪湖新苑 2室2厅 南,100万,11765,武进区雪堰镇,雪湖新苑,2室2厅1厨1卫,中楼层 (共18层),85㎡,暂无数据,南,钢混结构,精装,,暂无数据,2024-01-14,商品房,暂无数据,普通住宅,暂无数据,共有,暂无数据,未上传房本照片,,,,,暂无数据,板塔结合,暂无数据,暂无数据,,,,,,,,
177,此房满2楼，层采光好，出门就是公园，南北通风。,145万,11284,武进区雪堰镇,旷达福源二区,3室2厅1厨2卫,中楼层 (共18层),128.51㎡,暂无数据,南 北,未知结构,毛坯,,暂无数据,2024-03-17,商品房,暂无数据,普通住宅,暂无数据,共有,无抵押,未上传房本照片,此房满2，楼层采光好，出门就是公园，南北通风。,,小区生活设施，商场，菜市场，银行交通便捷，小区有健身器材，小型气场可居民使用。,满五唯一，90个平方以下税费一个点，满5唯一90个平方以上税费1.5,暂无数据,暂无数据,暂无数据,暂无数据,小区生活设施，商场，菜市场，银行交通便捷，小区有健身器材，小型气场可居民使用。,,,,,,,
178,小区环境优美，配套成熟，交通便利,160万,12500,武进区雪堰镇,旷达福源二区,3室2厅1厨2卫,低楼层 (共18层),128㎡,暂无数据,南 北,未知结构,精装,,暂无数据,2024-03-09,商品房,暂无数据,普通住宅,暂无数据,非共有,无抵押,未上传房本照片,小区户型周正，格局分布合理，通透性强，居住舒适南北通风,,小区生活设施齐全，商场，菜市场，银行，交通银行便捷，小区有健身器材可供小区居民使用,满五唯一，90个平方以下税费一个点，满五唯一，90个平方以上税费1.5,暂无数据,暂无数据,暂无数据,暂无数据,,,小区内停车位充足，既有地上停车场和地下停车库，小区内有24小时保安巡逻,,,,,此房是新房精装修，安排合理，全新家具，装修很温馨，无需再改动
179,太湖庄园毛坯下叠 三面大院子 东户 看房方便 价可谈,225万,18000,武进区雪堰镇,太湖庄园,3室2厅1厨3卫,低楼层 (共2层),125㎡,暂无数据,南 北,未知结构,毛坯,暂无数据,暂无数据,2023-12-06,商品房,暂无数据,别墅,暂无数据,共有,无抵押,未上传房本照片,此房下叠东边套，院子大，南北通透,适合度假养老居住使用，户型方正采光好，出门可沿太湖漫步或者去湿地公园打拳,自带7500平沿湖商店，出社区大门右转500米常州太滆美食街，东侧3公里地铁s2马山站站点，4公里湖底隧道口，交通便捷到常州无锡市区,"税费分析 1、契税：首套房，90平米以下成交价的1％，90平米以上成交价的1.5％, 二套房90平以上成交价的2%,2、增值税：产证满2年免收增值税，未满2年征收5.6％； 3、个税：产证满五年而且是唯住房，免收个税。满五和唯一两个条件缺一不可。",,,,,,,,,,,,
180,太湖庄园毛坯下叠 三面大院子 东户 看房方便 价可谈,225万,18000,武进区雪堰镇,太湖庄园,3室2厅1厨3卫,低楼层 (共2层),125㎡,暂无数据,南 北,未知结构,毛坯,暂无数据,暂无数据,2023-12-06,商品房,暂无数据,别墅,暂无数据,共有,无抵押,未上传房本照片,此房下叠东边套，院子大，南北通透,适合度假养老居住使用，户型方正采光好，出门可沿太湖漫步或者去湿地公园打拳,自带7500平沿湖商店，出社区大门右转500米常州太滆美食街，东侧3公里地铁s2马山站站点，4公里湖底隧道口，交通便捷到常州无锡市区,"税费分析 1、契税：首套房，90平米以下成交价的1％，90平米以上成交价的1.5％, 二套房90平以上成交价的2%,2、增值税：产证满2年免收增值税，未满2年征收5.6％； 3、个税：产证满五年而且是唯住房，免收个税。满五和唯一两个条件缺一不可。",,,,,,,,,,,,
181,太湖庄园联排边套 大院子院子方正 看房方便 满五唯一,400万,10932,武进区雪堰镇,太湖庄园,5室3厅1厨4卫,低楼层 (共3层),365.9㎡,暂无数据,南 北,未知结构,毛坯,暂无数据,暂无数据,2024-02-19,商品房,2017-06-13,别墅,暂无数据,共有,有抵押,已上传房本照片,此房满五唯一，联排边套院子很方正，采光好，南北通透,适合度假养老居住使用，户型方正采光好，出门可沿太湖漫步或者去湿地公园打拳,自带7500平沿湖商店，出社区大门右转500米常州太滆美食街，东侧3公里地铁s2马山站站点，4公里湖底隧道口，交通便捷到常州无锡市区,"税费分析 1、契税：首套房，90平米以下成交价的1％，90平米以上成交价的1.5％, 二套房90平以上成交价的2%,2、增值税：产证满2年免收增值税，未满2年征收5.6％； 3、个税：产证满五年而且是一套住房，免收个税，未满5年成交价的1%",,,,,,,,,,,,
182,太湖庄园下叠边套 采光无遮挡 大院子 看房方便,260万,20000,武进区雪堰镇,太湖庄园,4室2厅1厨3卫,低楼层 (共4层),130㎡,暂无数据,南 北,未知结构,毛坯,暂无数据,暂无数据,2024-02-18,商品房,暂无数据,别墅,暂无数据,非共有,无抵押,未上传房本照片,此房南北通透 下叠边套南北院子采光无遮挡,适合度假养老居住使用，户型方正采光好，出门可沿太湖漫步或者去湿地公园打拳,自带7500平沿湖商店，出社区大门右转500米常州太滆美食街，东侧3公里地铁s2马山站站点，4公里湖底隧道口，交通便捷到常州无锡市区,"税费分析 1、契税：首套房，90平米以下成交价的1％，90平米以上成交价的1.5％, 二套房90平以上成交价的2%,2、增值税：产证满2年免收增值税，未满2年征收5.6％； 3、个税：产证满五年而且是一套住房，免收个税，未满5年成交价的1%",,,,,,,,,,,,
183,太湖庄园精装洋房 一楼带院子 有天有地 看房提前联系,128万,20441,武进区雪堰镇,太湖庄园,1室1厅1厨1卫,低楼层 (共11层),62.62㎡,暂无数据,南 北,未知结构,精装,,暂无数据,2023-12-28,商品房,2022-09-23,普通住宅,未满两年,非共有,有抵押,已上传房本照片,此房是一楼带院子的房子，精装修，基本没怎么住过！,适合度假养老居住使用，户型方正采光好，出门可沿太湖漫步或者去湿地公园打拳,自带7500平沿湖商店，出社区大门右转500米常州太滆美食街，东侧3公里地铁s2马山站站点，4公里湖底隧道口，交通便捷到常州无锡市区,"税费分析 1、契税：首套房，90平米以下成交价的1％，90平米以上成交价的1.5％, 二套房90平以上成交价的2%,2、增值税：产证满2年免收增值税，未满2年征收5.6％； 3、个税：产证满五年而且是一套住房，免收个税，未满5年成交价的1%",暂无数据,暂无数据,暂无数据,暂无数据,,,,,,,,
184,太湖庄园顶复毛坯洋房 南北通透 视野好 看房方便,200万,16091,武进区雪堰镇,太湖庄园,4室2厅2厨2卫,高楼层 (共11层),124.3㎡,暂无数据,南 北,未知结构,毛坯,,暂无数据,2024-01-17,商品房,2021-03-10,普通住宅,暂无数据,共有,有抵押,已上传房本照片,此房南北通透格局，采光好，交通便利！,适合度假养老居住使用，户型方正采光好，出门可沿太湖漫步或者去湿地公园打拳,自带7500平沿湖商店，出社区大门右转500米常州太滆美食街，东侧3公里地铁s2马山站站点，4公里湖底隧道口，交通便捷到常州无锡市区,税费分析，契税缴纳按名下房产套数定，此房面积小于90平方， 若首套二套房均为成交价的1%。三套及以上的成交价的3% 2、增值税：产证满2年免收增值税，未满2年征收5.6％。 个税需缴纳成交价的1%,暂无数据,暂无数据,暂无数据,暂无数据,,,,,,,,
185,太湖庄园毛坯联排 南北通透 南北院子采光好 看房方便,302万,16065,武进区雪堰镇,太湖庄园,5室3厅1厨4卫,低楼层 (共3层),187.99㎡,暂无数据,南 北,未知结构,毛坯,暂无数据,暂无数据,2024-03-10,商品房,2022-09-02,别墅,未满两年,共有,有抵押,已上传房本照片,此房南北通透，带南北院子，看房方便,适合度假养老居住使用，户型方正采光好，出门可沿太湖漫步或者去湿地公园打拳,自带7500平沿湖商店，出社区大门右转500米常州太滆美食街，东侧3公里地铁s2马山站站点，4公里湖底隧道口，交通便捷到常州无锡市区,"税费分析 1、契税：首套房，90平米以下成交价的1％，90平米以上成交价的1.5％, 二套房90平以上成交价的2%,2、增值税：产证满2年免收增值税，未满2年征收5.6％； 3、个税：产证满五年而且是一套住房，免收个税，未满5年成交价的1%",,,,,,,,,,,,
186,小区环境优美，配套成熟，交通便利。,120万,10345,武进区雪堰镇,悦欣庭院,2室2厅1厨1卫,低楼层 (共11层),116㎡,暂无数据,南 北,未知结构,精装,,暂无数据,2024-02-18,商品房,暂无数据,普通住宅,暂无数据,共有,无抵押,未上传房本照片,小区环境优美，配套成熟，交通便利,,小区生活设施齐全，商场菜市场银行等交通便捷小区有健身器材，可供小区居民使用,房屋契税首套房满五唯一90平方以下1%首套房。满五唯一90平方以上1.5，三套是3%，满两年免增值税,暂无数据,暂无数据,一梯四户,有,,小区户型周正，格局分布合理，通透性强，居住舒适，南北通透小区生活设施齐全,小区内停车位充足，即由地上停车场和地下车库小区内24小时保安巡逻,,,,,此房是婚房精装修，安排合理。全新家电。装修很温馨，无需再改动
187,南北通透，格局，楼层好，视野宽阔，采光充足,85万,8096,武进区雪堰镇,枫叶花园,2室2厅1厨1卫,低楼层 (共6层),105㎡,暂无数据,南 北,钢混结构,简装,,暂无数据,2024-03-04,商品房,暂无数据,普通住宅,暂无数据,共有,无抵押,未上传房本照片,南北通透，楼层好，视野宽阔，采光充足，配套设施齐全，人文环境,首付不高，贷款方式不限，适合任何人居住，人文环境优美，小区有环行跑道，可供小区内的居民使用,,首付不高，贷款方式不限，满2年不交增值税，不满两年交5.3的增值税，不满90交百分之一的契税，满90交百分之1.5的契税,暂无数据,板塔结合,两梯两户,有,,此房楼层好，户型方正，南北通透，简单装修，前后都有阳台，主居室有飘窗,,,,,,
188,望湖怡景 2室2厅 南,110万,12644,武进区雪堰镇,望湖怡景,2室2厅1厨1卫,低楼层 (共18层),87㎡,暂无数据,南,钢混结构,精装,,暂无数据,2024-03-08,商品房,暂无数据,普通住宅,暂无数据,共有,有抵押 业主自还,未上传房本照片,,,,,暂无数据,板塔结合,两梯三户,有,,,,,,,,
189,太湖庄园毛坯上叠 带80平院子 南北通透 看房方便,280万,22654,武进区雪堰镇,太湖庄园,3室2厅1厨3卫,中楼层 (共4层),123.6㎡,暂无数据,南 北,未知结构,毛坯,暂无数据,暂无数据,2024-03-21,商品房,暂无数据,别墅,暂无数据,非共有,无抵押,未上传房本照片,此房南北通透，带院子，毛坯上叠,适合度假养老居住使用，户型方正采光好，出门可沿太湖漫步或者去湿地公园打拳,自带7500平沿湖商店，出社区大门右转500米常州太滆美食街，东侧3公里地铁s2马山站站点，4公里湖底隧道口，交通便捷到常州无锡市区,税费分析，契税缴纳按名下房产套数定，此房面积小于90平方， 若首套二套房均为成交价的1%。三套及以上的成交价的3% 2、增值税：产证满2年免收增值税，未满2年征收5.6％。 个税需缴纳成交价的1%,,,,,,,,,,,,
190,望湖名门 4室2厅 南,170万,9445,武进区雪堰镇,望湖名门,4室2厅1厨2卫,高楼层 (共11层),180㎡,暂无数据,南,钢混结构,其他,,暂无数据,2024-03-12,商品房,暂无数据,普通住宅,暂无数据,非共有,暂无数据,未上传房本照片,,,,,暂无数据,板塔结合,一梯三户,有,,,,,,,,
191,阳光花园 2室2厅 南,80万,8398,武进区雪堰镇,阳光花园,2室2厅1厨1卫,中楼层 (共5层),95.27㎡,暂无数据,南,钢混结构,简装,,暂无数据,2024-03-21,商品房,暂无数据,普通住宅,暂无数据,共有,无抵押,未上传房本照片,,,,,暂无数据,板塔结合,暂无数据,暂无数据,,,,,,,,
192,太湖庄园精装洋房 采光好 看房方便 价可谈,130万,14349,武进区雪堰镇,太湖庄园,2室2厅1厨1卫,中楼层 (共11层),90.6㎡,暂无数据,北 南,未知结构,精装,,暂无数据,2024-03-14,商品房,暂无数据,普通住宅,暂无数据,共有,有抵押,未上传房本照片,此房南北通透，精装未入住，中间楼层，采光好，看房方便,适合度假养老居住使用，户型方正采光好，出门可沿太湖漫步或者去湿地公园打拳,自带7500平沿湖商店，出社区大门右转500米常州太滆美食街，东侧3公里地铁s2马山站站点，4公里湖底隧道口，交通便捷到常州无锡市区,税费分析，契税缴纳按名下房产套数定，此房面积小于90平方， 若首套二套房均为成交价的1%。三套及以上的成交价的3% 2、增值税：产证满2年免收增值税，未满2年征收5.6％。 个税需缴纳成交价的1%,暂无数据,暂无数据,暂无数据,暂无数据,,,,,,,,
193,旷达福源二区 4室2厅 南 北,188万,11877,武进区雪堰镇,旷达福源二区,4室2厅1厨2卫,低楼层 (共6层),158.3㎡,暂无数据,南 北,未知结构,其他,,暂无数据,2024-03-17,商品房,暂无数据,普通住宅,暂无数据,非共有,暂无数据,未上传房本照片,,,,,暂无数据,暂无数据,暂无数据,暂无数据,,,,,,,,
194,太湖庄园联排别墅 南北院子 有钥匙 看房方便,305万,16032,武进区雪堰镇,太湖庄园,5室3厅1厨3卫,低楼层 (共3层),190.25㎡,暂无数据,南 北,框架结构,毛坯,暂无数据,暂无数据,2024-02-23,商品房,2021-01-26,别墅,暂无数据,共有,无抵押,已上传房本照片,此房南北通透，采光好，房东诚心出售，价可谈！！！,适合度假养老居住使用，户型方正采光好，出门可沿太湖漫步或者去湿地公园打拳,自带7500平沿湖商店，出社区大门右转500米常州太滆美食街，东侧3公里地铁s2马山站站点，4公里湖底隧道口，交通便捷到常州无锡市区,"税费分析 1、契税：首套房，90平米以下成交价的1％，90平米以上成交价的1.5％, 二套房90平以上成交价的2%,2、增值税：产证满2年免收增值税，未满2年征收5.6％； 3、个税：产证满五年而且是一套住房，免收个税，未满5年成交价的1%",,,,,,,,,,,,
195,太湖庄园精装洋房 南北通透 价可谈 看房方便 采光好,98万,11805,武进区雪堰镇,太湖庄园,2室2厅1厨1卫,中楼层 (共11层),83.02㎡,暂无数据,南 北,未知结构,精装,,暂无数据,2024-03-09,商品房,2022-09-22,普通住宅,未满两年,共有,有抵押,已上传房本照片,此房南北通透，精装未入住，中间楼层，采光好，看房方便,适合度假养老居住使用，户型方正采光好，出门可沿太湖漫步或者去湿地公园打拳,自带7500平沿湖商店，出社区大门右转500米常州太滆美食街，东侧3公里地铁s2马山站站点，4公里湖底隧道口，交通便捷到常州无锡市区,税费分析，契税缴纳按名下房产套数定，此房面积小于90平方， 若首套二套房均为成交价的1%。三套及以上的成交价的3% 2、增值税：产证满2年免收增值税，未满2年征收5.6％。 个税需缴纳成交价的1%,暂无数据,暂无数据,暂无数据,暂无数据,,,,,,,,
196,太湖庄园毛坯上叠 采光无遮挡 视野好 看房方便,157.8万,13094,武进区雪堰镇,太湖庄园,3室2厅1厨3卫,中楼层 (共4层),120.52㎡,暂无数据,南 北,未知结构,毛坯,,暂无数据,2024-01-28,商品房,2019-04-11,普通住宅,暂无数据,非共有,无抵押,已上传房本照片,此房南北通透，上叠，采光无遮挡,适合度假养老居住使用，户型方正采光好，出门可沿太湖漫步或者去湿地公园打拳,自带7500平沿湖商店，出社区大门右转500米常州太滆美食街，东侧3公里地铁s2马山站站点，4公里湖底隧道口，交通便捷到常州无锡市区,"税费分析 1、契税：首套房，90平米以下成交价的1％，90平米以上成交价的1.5％, 二套房90平以上成交价的2%,2、增值税：产证满2年免收增值税，未满2年征收5.6％； 3、个税：产证满五年而且是一套住房，免收个税，未满5年成交价的1%",暂无数据,暂无数据,暂无数据,暂无数据,,,,,,,,
197,太湖庄园迷你墅 上下三层  有钥匙 看房方便 价格可谈,86万,14334,武进区雪堰镇,太湖庄园,3室2厅1厨2卫,中楼层 (共4层),60㎡,暂无数据,南 北,钢混结构,其他,,暂无数据,2024-03-21,商品房,暂无数据,普通住宅,暂无数据,非共有,暂无数据,未上传房本照片,此房通透，视野好，迷你墅，看房方便。,适合度假养老居住使用，户型方正采光好，出门可沿太湖漫步或者去湿地公园打拳,自带7500平沿湖商店，出社区大门右转500米常州太滆美食街，东侧3公里地铁s2马山站站点，4公里湖底隧道口，交通便捷到常州无锡市区,"税费分析，此房面积大于90平方，所以契税缴纳按名下房产套数定 若首套房契税为成交价的1.5％,。二套房成交价的2%。三套及以上的成交价的3% 2、增值税：产证满2年免收增值税，未满2年征收5.6％。 个税需缴纳成交价的1%",暂无数据,板塔结合,暂无数据,暂无数据,,,,,,,,
