,标题,总价格,单价,地段,小区名,房屋户型,所在楼层,建筑面积,户型结构,套内面积,建筑类型,房屋朝向,建筑结构,装修情况,梯户比例,配备电梯,楼层高度,挂牌时间,交易权属,上次交易,房屋用途,房屋年限,产权所属,抵押信息,房本备件,核心卖点,小区介绍,户型介绍,周边配套,装修描述,售房详情,税费解析,适宜人群,权属抵押,别墅类型,交通出行,用水类型,用电类型,燃气价格
0,邹新东苑有产证优质户型南北通风，全天采光无遮挡,60万,7342,钟楼区邹区,邹新东苑,2室2厅1厨1卫,低楼层 (共27层),81.73㎡,暂无数据,暂无数据,暂无数据,南 北,未知结构,毛坯,暂无数据,暂无数据,暂无数据,2023-09-05,商品房,暂无数据,普通住宅,暂无数据,共有,无抵押,未上传房本照片,此房为业主安置房，有产证可贷款，优质户型，南北通风,采光无遮挡，低总价，此房户型方正，南北通风，光线良好，适合居住,户型，大客厅，流畅的落地大阳台，全飘窗设计，宽敞舒适，采光优良，全日阳光满满，小区环境优雅，深厚的文化底蕴，方正格局,环境优美：小区安静优雅，绿化较好，带有休闲设施，周末可在小区花园游玩，十分有情调,,,,,,,,,,
1,星光城，灯城旁，小区前排，全天采光无遮挡，中高楼层,152万,12882,钟楼区邹区,樾棠花园,3室2厅1厨2卫,高楼层 (共29层),118㎡,平层,暂无数据,暂无数据,南 北,未知结构,毛坯,暂无数据,暂无数据,暂无数据,2023-11-03,商品房,暂无数据,普通住宅,暂无数据,共有,有抵押,未上传房本照片,此房为业主毛坯房，目前空置，全天采光无遮挡，中高楼层,环境按照规划整理后，环境优美！1. 环境优美：小区安静优雅，绿化较好，带有休闲设施，周末可在小区花园游玩，十分有情调。,居户型，大客厅，流畅的落地大阳台，全飘窗设计，宽敞舒适，采光优良，全日阳光满满，小区环境优雅，深厚的文化底蕴，方正格局,采光无遮挡，低总价，此房户型方正，南北通风，光线良好，适合居住,,,,,,,,,,
2,金洲花城 三期 精装俩室一卫  可预约看房,109万,11979,钟楼区邹区,金洲花城,2室2厅1厨1卫,中楼层 (共16层),91㎡,平层,暂无数据,板楼,南 北,钢混结构,精装,暂无数据,暂无数据,暂无数据,2023-11-22,商品房,暂无数据,普通住宅,暂无数据,共有,有抵押 25万元 建设银行 业主自还,未上传房本照片,户型方正楼层好，视野开阔充足采光，配套设施齐全，,小区内多层，高层都带有电梯，方便业主的上、下楼的出入。产品种类多，有别墅，多层，高层，可以满足不同的业主需求。有内外商铺，方便业主生活，满足业主的一切吃、喝、玩、乐。安保设施完善,,配备大型商场——泰富时代广场、时代金街和东方大道餐饮一条街，休闲区有有光公园和体育广场，生活配套齐全，出入便利，银行、医院设施齐全，属于成熟小区，适宜居位。,,,,,,,,,,
3,房东迁移外地 出售大三室俩卫 金洲花城好楼层 有钥匙,175万,13258,钟楼区邹区,金洲花城,3室2厅1厨2卫,中楼层 (共11层),132㎡,平层,暂无数据,板楼,南,钢混结构,简装,两梯两户,有,暂无数据,2023-10-25,商品房,暂无数据,普通住宅,暂无数据,共有,无抵押,未上传房本照片,户型方正楼层好，视野开阔充足采光，配套设施齐全，,小区内多层，高层都带有电梯，方便业主的上、下楼的出入。产品种类多，有别墅，多层，高层，可以满足不同的业主需求。有内外商铺，方便业主生活，满足业主的一切吃、喝、玩、乐。安保设施完善,,配备大型商场——泰富时代广场、时代金街和东方大道餐饮一条街，休闲区有有光公园和体育广场，生活配套齐全，出入便利，银行、医院设施齐全，属于成熟小区，适宜居位。,目前精装可拎包入住，装修好之后居住比较少，家电家具保护的比较新,,,,,,,,,
4,泰富嘉园 3室2厅 南 北,175万,14958,钟楼区邹区,泰富嘉园,3室2厅1厨2卫,高楼层 (共18层),117㎡,平层,暂无数据,板楼,南 北,钢混结构,精装,暂无数据,暂无数据,暂无数据,2023-07-05,商品房,暂无数据,普通住宅,暂无数据,共有,有抵押,未上传房本照片,,,,,,,,,,,,,,
5,金洲花城，精装复式，带阳光房和露台，4房2卫,330万,13699,钟楼区邹区,金洲花城,4室2厅1厨2卫,高楼层 (共11层),240.9㎡,复式,暂无数据,板楼,南 北,钢混结构,精装,暂无数据,暂无数据,暂无数据,2022-01-06,商品房,暂无数据,普通住宅,暂无数据,共有,有抵押 20万元 业主自还,未上传房本照片,精装复式楼，240平，4房2卫，前带阳光房，后带露台,小区环境优美，社区花园，绿化面积高，健身区，散步区，可以锻炼身体，24小时物业，让你有一个干净安全的居住环境，方便生活,客厅空间组合自然开阔，站在观景窗台前，园区美景一览无余。大面宽主卧，采光充分，明亮一片好心情，二人世界温馨倍至。五彩缤纷的童话世界，让孩子的天真纯洁在小小的空间灿烂呈现。书房也可做电脑房，理性与感性兼容,,房屋是精装修的4室2厅，小高层，户型方正，阳光充足，采光通风好，房子面积公摊小，物业费低。,,,,,,,,,
6,精装复式，金洲花城，172平，满五唯一,220万,12791,钟楼区邹区,金洲花城,4室2厅1厨2卫,高楼层 (共11层),172㎡,复式,暂无数据,板楼,南,钢混结构,精装,暂无数据,暂无数据,暂无数据,2021-10-22,商品房,暂无数据,普通住宅,暂无数据,共有,无抵押,未上传房本照片,此房满五唯一，精装复式，小高层，172平，空中花园,小区环境优美：小区带花园，楼栋之间距离远，采光通风良好，带电梯，物业管理良好，注重安保，很安全,此房看房方便只需您提前一个电话、房子172平米，4居室，南北通风户型，主卧朝南带窗，客厅，餐厅，厨房，客厅带窗，明厅，整个格局就是户户朝阳，格局相当正规，自住精装修，,生活便利：小区内有商铺，合理分布便利，购买生活用品及买菜十分便利，小区内还有其他生活配套店铺，生活十分便利。,,,,,,,,,,
7,金洲花城 中上楼层 房东自住的三室一卫,148万,12033,钟楼区邹区,金洲花城,3室2厅1厨1卫,中楼层 (共17层),123㎡,平层,暂无数据,板楼,南,钢混结构,精装,两梯两户,有,暂无数据,2023-10-25,商品房,暂无数据,普通住宅,暂无数据,共有,无抵押,未上传房本照片,户型比较好 三房朝南 楼层中上采光好,小区内多层，高层都带有电梯，方便业主的上、下楼的出入。产品种类多，有别墅，多层，高层，可以满足不同的业主需求。有内外商铺，方便业主生活，满足业主的一切吃、喝、玩、乐。安保设施完善,,配备大型商场——泰富时代广场、时代金街和东方大道餐饮一条街，休闲区有有光公园和体育广场，生活配套齐全，出入便利，银行、医院设施齐全，属于成熟小区，适宜居位。,,,,,,,,,,
8,泰富嘉园二期，精装三房，南北通风，采光佳,165万,17369,钟楼区邹区,泰富嘉园,3室1厅1厨2卫,高楼层 (共18层),95㎡,平层,暂无数据,板楼,南,钢混结构,精装,暂无数据,暂无数据,暂无数据,2022-04-18,商品房,2024-03-06,普通住宅,未满两年,非共有,有抵押,已上传房本照片,此房精装，为业主婚装房，保养好，三房二卫，采光好，楼层佳,小区环境优美：小区带花园，楼栋之间距离远，采光通风良好，带电梯，物业管理良好，注重安保，很安全,房间格局很宽敞，采光通风俱佳，南北房型，南北通风带错层的厅，房型正气，全明户型；,生活便利：小区内有商铺，合理分布便利，购买生活用品及买菜十分便利，小区内还有其他生活配套店铺，生活十分便利,,,,,,,,,,
9,居全明格局客厅宽敞明亮精装修南北通,224万,16843,钟楼区邹区,金洲花城,3室1厅1厨2卫,高楼层 (共11层),133㎡,平层,暂无数据,板楼,南 北,钢混结构,精装,两梯两户,有,暂无数据,2022-02-11,商品房,暂无数据,普通住宅,暂无数据,共有,有抵押 业主自还,未上传房本照片,中间楼层、采光好，主体朝东对小区花园，无遮。格局好，动静分开,小区环境优雅，绿化好，给您与众不同的观景新感受。居住以大学教师为主，深厚的文化底蕴，人文素质高。是您理想的未来友邻。方正格局，无任何浪费空间,3居户型，大客厅，流畅的落地大阳台，，次卧朝北，全飘窗设计，宽敞舒适，采光优良，全日阳光满满,,房屋是精装修中高层，户型方正，阳光充足，采光通风好，房子面积公摊小，物业费低,,,,,,,,,
10,泰富嘉园，精装三室，东边户，带产权车位，诚心出售,170万,14518,钟楼区邹区,泰富嘉园,3室2厅1厨2卫,低楼层 (共18层),117.1㎡,平层,暂无数据,板楼,南 北,钢混结构,精装,两梯四户,有,暂无数据,2022-05-19,商品房,暂无数据,普通住宅,暂无数据,共有,有抵押,未上传房本照片,此房满五，为业主首套房，带车位，精装三室，家电全留,房间格局很宽敞，采光通风俱佳；南北房型，南北通风带错层的厅，房型正气，全明户型,配套设施齐全完善，有银行，医院，邮局，各种餐馆，幼儿园，娱乐场所，公园，很方便,环境优美：小区安静优雅，绿化较好，带有休闲设施，周末可在小区花园游玩，十分有情调,,,,,,,,,,
11,名城嘉苑 3室1厅 南 北,150万,11364,钟楼区邹区,名城嘉苑,3室1厅1厨2卫,高楼层 (共10层),132㎡,平层,暂无数据,板楼,南 北,钢混结构,毛坯,两梯两户,有,暂无数据,2022-03-07,商品房,暂无数据,普通住宅,暂无数据,共有,有抵押,未上传房本照片,,,,,,,,,,,,,,
12,金洲花城，小高层，满五不唯一，精装在售,165万,16500,钟楼区邹区,金洲花城,3室2厅1厨1卫,中楼层 (共11层),100㎡,平层,暂无数据,板楼,南 北,钢混结构,精装,暂无数据,暂无数据,暂无数据,2021-11-14,商品房,2024-03-07,普通住宅,未满两年,非共有,有抵押 10万元 业主自还,已上传房本照片,房子满五不唯一，小高层，南北通透，精装修，采光好，无遮挡，，,开发商信誉好，环境优美，物业定期打理，无垃圾乱丢，整洁干净卫生,精装三房，三开间朝南，南北通透，明厨明卫，小高层，中间楼层，,,精装修，拎包入住，业主婚房自住，保养的好，无老化现象，家电家具无全坏,,,,,,,,,
13,金洲花城，优质户型，小高层，中高楼层，精装修,160万,10527,钟楼区邹区,金洲花城,4室2厅1厨2卫,中楼层 (共11层),152㎡,平层,暂无数据,板楼,南 北,钢混结构,精装,暂无数据,暂无数据,暂无数据,2023-10-27,商品房,暂无数据,普通住宅,暂无数据,共有,无抵押,未上传房本照片,此房为业主精装自住房，小高层，精装修，优质户型，全天采光好,环境按照规划整理后，环境优美！1. 环境优美：小区安静优雅，绿化较好，带有休闲设施，周末可在小区花园游玩，十分有情调。,居户型，大客厅，流畅的落地大阳台，全飘窗设计，宽敞舒适，采光优良，全日阳光满满，小区环境优雅，深厚的文化底蕴，方正格局,采光无遮挡，低总价，此房户型方正，南北通风，光线良好，适合居住,,,,,,,,,,
14,泰富嘉园，配套成熟，楼下就是商场,180万,13968,钟楼区邹区,泰富嘉园,3室2厅1厨2卫,低楼层 (共18层),128.87㎡,平层,暂无数据,板楼,南 北,钢混结构,精装,暂无数据,暂无数据,暂无数据,2021-11-15,商品房,暂无数据,普通住宅,暂无数据,共有,无抵押,未上传房本照片,房子满二，业主诚心出售，配套成熟，环境优美，居住舒服，楼下，,小区环境优美，临河而建，出门就是商场，开发商信誉好，空气清新宜人,小区房子满五，格局好，楼栋无老化，南北通透，采光条件好，业主,,,业主青枫公园有房，还是想搬到清枫公园去，这里房子变现，诚心出售,,,,,,,,
15,房东自住房 诚心可议价 金洲花城好楼层 三室一卫,138万,12213,钟楼区邹区,金洲花城,3室2厅1厨1卫,中楼层 (共11层),113㎡,平层,暂无数据,板楼,东,钢混结构,精装,暂无数据,暂无数据,暂无数据,2023-10-25,商品房,暂无数据,普通住宅,暂无数据,共有,有抵押 建行 业主自还,未上传房本照片,户型方正楼层好，视野开阔充足采光，配套设施齐全,小区内多层，高层都带有电梯，方便业主的上、下楼的出入。产品种类多，有别墅，多层，高层，可以满足不同的业主需求。有内外商铺，方便业主生活，满足业主的一切吃、喝、玩、乐。安保设施完善,,配备大型商场——泰富时代广场、时代金街和东方大道餐饮一条街，休闲区有有光公园和体育广场，生活配套齐全，出入便利，银行、医院设施齐全，属于成熟小区，适宜居位。,,,,,,,,,,
16,老俩口自住的 金洲花城 好楼层 三室一卫,138万,11500,钟楼区邹区,金洲花城,3室2厅1厨1卫,中楼层 (共17层),120㎡,平层,暂无数据,板楼,东,钢混结构,精装,暂无数据,暂无数据,暂无数据,2023-10-25,商品房,暂无数据,普通住宅,暂无数据,共有,无抵押,未上传房本照片,楼层好视野宽阔，采光足，自住房保养不错，诚心买卖,"小区环境好，交通方便、快捷
13.小区多层，高层都带有电梯，方便业主的上、下楼的出入。。
18.小区内部设有多处健身器材和小孩的游乐设施。
19.小区楼房产品种类多，有别墅，多层，高层等等，可以满足不同的业主。","2.户型好(动静分区，人性化方便) 
俩房朝南，采光充足
 3. 五证齐全，可做银行按揭，首付低，月供压力小。",.小区有内外铺，方便了业主的生活，可以满足业主的一切吃、喝、玩、乐。,,,,,,,,,,
17,金洲花城，优质户型，四房2卫，前排别墅区，采光好,225万,18750,钟楼区邹区,金洲花城,4室2厅1厨2卫,中楼层 (共11层),120㎡,平层,暂无数据,板楼,南 北,钢混结构,精装,暂无数据,暂无数据,暂无数据,2021-07-16,商品房,2024-03-07,普通住宅,未满两年,非共有,无抵押,已上传房本照片,此房屋为业主婚房，三房朝南，明厨明卫 满五,小区环境优美：小区带花园，楼栋之间距离远，采光通风良好，带电梯，物业管理良好，注重安保，很安全,此房户型方正，南北通透，光线良好，十分适合居住格局好，动静分开。 布局合理，公摊面积小，空气流通，永远让客厅和卧室保持着新鲜的空气，有益身体健康,生活便利：小区内有商铺，合理分布便利，购买生活用品及买菜十分便利，小区内还有其他生活配套店铺，生活十分便利。,,,,,,,,,,
18,金洲花城 精装修 中间楼层 拎包入住,120万,12904,钟楼区邹区,金洲花城,2室2厅1厨1卫,中楼层 (共16层),93㎡,平层,暂无数据,板楼,南,钢混结构,精装,暂无数据,暂无数据,暂无数据,2022-05-06,商品房,暂无数据,普通住宅,暂无数据,共有,无抵押,未上传房本照片,"核卖点：
高楼层，视野开阔，采光充足，交通便利",,"户型介绍：
楼层好，采光充足，配套齐全，四室两厅一厨两卫，客厅带阳台，视野开阔",,,"售房详情：
房东处理财产，诚心出售，价格可以再谈，欢迎看房，随时恭候，本公司经过层层筛选，房东委托挂牌，诚心出售，价格以房东为准。产权清晰，无任何经济纠纷，请放心考虑。","税费解析：
1契税 首套房90平以下 1%，90平以上1.5% 二套房90平以下1%，90平以上2% 三套房不论面积统一3% 2增值税： 满两年不论面积 全免 不满二年 收全额的5.6% 3个人所得税： 满两年1% 满五唯一免个人所得税",,,,,,,
19,泰富嘉园 3室1厅 南,210万,16031,钟楼区邹区,泰富嘉园,3室1厅1厨2卫,高楼层 (共18层),131㎡,平层,暂无数据,板楼,南,钢混结构,精装,暂无数据,暂无数据,暂无数据,2023-05-28,商品房,暂无数据,普通住宅,暂无数据,非共有,无抵押,未上传房本照片,,,,,,,,,,,,,,
20,名城嘉苑，精装舒适小户型，南北通风，采光好,140万,14584,钟楼区邹区,名城嘉苑,2室2厅1厨1卫,中楼层 (共10层),96㎡,平层,暂无数据,板楼,南 北,钢混结构,精装,两梯两户,有,暂无数据,2022-03-07,商品房,暂无数据,普通住宅,暂无数据,共有,有抵押 70万元,未上传房本照片,此房为精装舒适小户型，边户，南北通风，采光好，前排别墅区,环境优美：小区安静优雅，绿化较好，带有休闲设施，周末可在小区花园游玩，十分有情调,此房户型方正，南北通风，光线良好，十分适合居住！业主准备迁居，低于市场价出售,生活便利：小区内有商铺，合理分布便利，购买生活用品及买菜十分便利，小区内还有其他生活配套店铺，生活十分便利,,,,,,,,,,
21,好位置 前排无遮挡 金洲花城 俩室一卫,120万,13044,钟楼区邹区,金洲花城,2室2厅1厨1卫,中楼层 (共11层),92㎡,平层,暂无数据,板楼,南,钢混结构,精装,暂无数据,暂无数据,暂无数据,2023-10-25,商品房,暂无数据,普通住宅,暂无数据,共有,无抵押,未上传房本照片,户型方正楼层好，视野开阔充足采光，配套设施齐全,小区内多层，高层都带有电梯，方便业主的上、下楼的出入。产品种类多，有别墅，多层，高层，可以满足不同的业主需求。有内外商铺，方便业主生活，满足业主的一切吃、喝、玩、乐。安保设施完善,,配备大型商场——泰富时代广场、时代金街和东方大道餐饮一条街，休闲区有有光公园和体育广场，生活配套齐全，出入便利，银行、医院设施齐全，属于成熟小区，适宜居位,,,,,,,,,,
22,精装欧式风格，楼层好，视野开阔，交通便利，采光充足,160万,17709,钟楼区邹区,金洲花城,2室2厅1厨1卫,中楼层 (共11层),90.35㎡,平层,暂无数据,板楼,南,钢混结构,精装,暂无数据,暂无数据,暂无数据,2021-12-06,商品房,暂无数据,普通住宅,暂无数据,非共有,无抵押,未上传房本照片,精装欧式风格，楼层好，视野开阔，交通便利，采光充足,,楼层好，采光充足，配套齐全，两室二厅一厨一卫。客厅带阳台，视野开阔,,,产权清晰，无纠纷； 房东置换，诚心出售， 看房方便，看中即签！ 随时恭候您的来电,1契税 首套房90平以下 1%，90平以上1.5% 二套房90平以下1%，90平以上2% 三套房不论面积统一3% 2增值税： 满两年不论面积 全免 不满二年 收全额的5.6% 3个人所得税： 满两年1% 满五唯一免个人所得税,,,,,,,
23,金洲花城，南北通风，优质户型，全天采光无遮挡,120万,13044,钟楼区邹区,金洲花城,2室2厅1厨1卫,中楼层 (共11层),92㎡,平层,暂无数据,板楼,南 北,钢混结构,精装,暂无数据,暂无数据,暂无数据,2024-02-26,商品房,暂无数据,普通住宅,暂无数据,共有,无抵押,未上传房本照片,此房为业主精装自住房，目前空置，优质户型，全天采光无遮挡,采光无遮挡，低总价，此房户型方正，南北通风，光线良好，适合居住,3居户型，大客厅，流畅的落地大阳台，全飘窗设计，宽敞舒适，采光优良，全日阳光满满，小区环境优雅，深厚的文化底蕴，方正格,环境按照规划整理后，环境优美！1. 环境优美：小区安静优雅，绿化较好，带有休闲设施，周末可在小区花园游玩，十分有情调,,,,,,,,,,
24,业主精装自住房，目前空置，优质户型，全天采光无遮挡,140万,11383,钟楼区邹区,金洲花城,3室2厅1厨1卫,中楼层 (共11层),123㎡,平层,暂无数据,板楼,南,钢混结构,精装,两梯两户,有,暂无数据,2024-03-02,商品房,暂无数据,普通住宅,暂无数据,非共有,无抵押,未上传房本照片,此房为业主精装自住房，目前空置，优质户型，全天采光无遮挡,采光无遮挡，低总价，此房户型方正，南北通风，光线良好，适合居住,3居户型，大客厅，流畅的落地大阳台，全飘窗设计，宽敞舒适，采光优良，全日阳光满满，小区环境优雅，深厚的文化底蕴，方正格,环境按照规划整理后，环境优美！1. 环境优美：小区安静优雅，绿化较好，带有休闲设施，周末可在小区花园游玩，十分有情调,,,"1.契税：首套房，90平米以下成交价的1％，90平米以上成交价的1.5％, 二套房90平以上成交价的2%, 2.增值税：产证满2年免收增值税，未满2年征收5.6％； 3.个税：产证满五年而且是一套住房，免收个税，未满5年成交价的1%",,,,,,,
25,不的了，不的了房东诚心出售价格可谈,96万,10304,钟楼区邹区,金洲花城,2室2厅1厨1卫,低楼层 (共11层),93.17㎡,平层,暂无数据,板楼,南,钢混结构,简装,暂无数据,暂无数据,暂无数据,2024-03-06,商品房,暂无数据,普通住宅,暂无数据,共有,无抵押,未上传房本照片,此房为业主精装自住房，目前空置，优质户型，全天采光无遮挡,采光无遮挡，低总价，此房户型方正，南北通风，光线良好，适合居住 　小区地理位置好 绿化好 居民素质高 配套：有健身器材 小型篮球场 可供小区居民使用 车位：停车位充足 地面人车分流保安：小区内24保安巡逻,户型，大客厅，流畅的落地大阳台，全飘窗设计，宽敞舒适，采光优良，全日阳光满满，小区环境优雅，深厚的文化底蕴，方正格,环境按照规划整理后，环境优美！1. 环境优美：小区安静优雅，绿化较好，带有休闲设施，周末可在小区花园游玩，十分有情调,,,"1.契税：首套房，90平米以下成交价的1％，90平米以上成交价的1.5％, 二套房90平以上成交价的2%, 2.增值税：产证满2年免收增值税，未满2年征收5.6％； 3.个税：产证满五年而且是一套住房，免收个税，未满5年成交价的1%",小区环境优美，舒适安静，适宜居住，服务有保障。出门即有公交菜场，银行 商场 美食等 人文素养好，乐于助人，相处和谐！配套齐全，公园地铁医院商,,,,,,
26,包含车位！急售！急售！樾棠花园 三室俩卫 有钥匙在手,155万,13136,钟楼区邹区,樾棠花园,3室2厅1厨2卫,中楼层 (共29层),118㎡,暂无数据,暂无数据,暂无数据,南,未知结构,毛坯,暂无数据,暂无数据,暂无数据,2023-11-03,商品房,暂无数据,普通住宅,暂无数据,共有,有抵押 60万元 农业银行 业主自还,未上传房本照片,包含车位！价格有优势，户型方正楼层好，视野开阔充足采光，,小区内多层，高层都带有电梯，方便业主的上、下楼的出入。产品种类多，有别墅，多层，高层，可以满足不同的业主需求。有内外商铺，方便业主生活，满足业主的一切吃、喝、玩、乐。安保设施完善,,配备大型商场——泰富时代广场、时代金街和东方大道餐饮一条街，休闲区有有光公园和体育广场，生活配套齐全，出入便利，银行、医院设施齐全，属于成熟小区，适宜居位。,,,,,,,,,,
27,泰富嘉园 3室2厅 南,200万,13450,钟楼区邹区,泰富嘉园,3室2厅1厨2卫,低楼层 (共18层),148.7㎡,暂无数据,暂无数据,板塔结合,南,砖混结构,精装,两梯三户,有,暂无数据,2023-11-13,商品房,暂无数据,普通住宅,暂无数据,共有,暂无数据,未上传房本照片,,,,,,,,,,,,,,
28,泰富嘉园二期精装修 两室两厅一厨一卫 家电家具齐全,120万,14507,钟楼区邹区,泰富嘉园,2室1厅1厨1卫,高楼层 (共18层),82.72㎡,暂无数据,暂无数据,板楼,南,钢混结构,精装,暂无数据,暂无数据,暂无数据,2023-11-21,商品房,暂无数据,普通住宅,暂无数据,共有,无抵押,未上传房本照片,此房格局方正 楼层好 采光好 交通便利 家电家具齐全,,好楼层 无遮挡 采光好 户型方正 空间好设计合理无任何浪费空间,小区安静优雅，绿化较好，带有休闲设施，周末可在小区花园游玩，小区外有公园环境优美,,,,,此房目前为无抵押状态 可随时出手 房东心态很稳，您无需担心房东跳价问题！,,,,,
29,金洲花城 少有的三室俩卫 精装家电家具,142万,11452,钟楼区邹区,金洲花城,3室2厅1厨2卫,低楼层 (共17层),124㎡,暂无数据,暂无数据,板楼,南,钢混结构,精装,暂无数据,暂无数据,暂无数据,2023-11-03,商品房,暂无数据,普通住宅,暂无数据,共有,无抵押,未上传房本照片,户型方正楼层好，视野开阔充足采光，配套设施齐全，,小区内多层，高层都带有电梯，方便业主的上、下楼的出入。产品种类多，有别墅，多层，高层，可以满足不同的业主需求。有内外商铺，方便业主生活，满足业主的一切吃、喝、玩、乐。安保设施完善,,配备大型商场——泰富时代广场、时代金街和东方大道餐饮一条街，休闲区有有光公园和体育广场，生活配套齐全，出入便利，银行、医院设施齐全，属于成熟小区，适宜居位。,,,,,,,,,,
30,泰富嘉园 4室2厅 南,238万,16963,钟楼区邹区,泰富嘉园,4室2厅1厨2卫,中楼层 (共18层),140.31㎡,暂无数据,暂无数据,板楼,南,钢混结构,精装,暂无数据,暂无数据,暂无数据,2023-06-04,商品房,2016-03-04,普通住宅,暂无数据,共有,无抵押,已上传房本照片,,,,,,,,,,,,,,
31,金洲花城 精装修3房 高楼层 采光好 配套齐全,165万,14001,钟楼区邹区,金洲花城,3室2厅1厨1卫,高楼层 (共11层),117.85㎡,暂无数据,暂无数据,板楼,南,钢混结构,简装,暂无数据,暂无数据,暂无数据,2023-02-08,商品房,2016-08-10,普通住宅,暂无数据,非共有,无抵押,已上传房本照片,此房户型方正 三室两厅一厨一卫 高楼层 采光充足 配套完善,小区地理位置好 绿化好 居民素质高 配套：有健身器材 小型篮球场 可供小区居民小使用 车位：停车位充足 地面人车分流保安：小区内24保安巡逻,,,,,"1.契税：首套房，90平米以下成交价的1％，90平米以上成交价的1.5％, 二套房90平以上成交价的2%, 2.增值税：产证满2年免收增值税，未满2年征收5.6％； 3.个税：产证满五年而且是一套住房，免收个税，未满5年成交价的1%",小区环境优美，舒适安静，适宜居住，服务有保障。出门即有公交菜场，银行 商场 美食等 人文素养好，乐于助人，相处和谐！配套齐全，公园地铁医院商,,,,,,
32,那想卖又纠结价格的金洲花城房东,148万,11213,钟楼区邹区,金洲花城,3室2厅1厨2卫,中楼层 (共11层),132㎡,暂无数据,暂无数据,板楼,南,钢混结构,简装,两梯两户,有,暂无数据,2023-10-26,商品房,暂无数据,普通住宅,暂无数据,共有,无抵押,未上传房本照片,此房原房东自住房保养好，户型方正得房率高，留精装家电家具。,五证齐全，可做银行按揭，首付低，月供压力小。小区活动空间大，采光好。小区多层，高层都带有电梯，方便业主的上、下楼的出入。。,,.附件教育、医疗、便利店齐全，小区有内外铺，方便了业主的生活，可以满足业主的一切吃、喝、玩、乐。,,房东现在搬到离孩子上学近的地方，这边便空置下来了，目前正在搬家，后期随时看房,,,,,,,,
33,泰富嘉园，优质户型，南北通风，双阳台，精装自住,198万,13027,钟楼区邹区,泰富嘉园,4室2厅1厨2卫,低楼层 (共18层),152㎡,暂无数据,暂无数据,板楼,南 北,钢混结构,精装,暂无数据,暂无数据,暂无数据,2023-02-26,商品房,暂无数据,普通住宅,暂无数据,共有,无抵押,未上传房本照片,此房为业主精装自住房，优质户型，全天采光无遮挡，南北通风,环境优美：小区安静优雅，绿化较好，带有休闲设施，周末可在小区花园游玩，十分有情调,客厅，流畅的落地大阳台，全飘窗设计，宽敞舒适，采光优良，全日阳光满满，小区环境优雅，深厚的文化底蕴，方正格局,配套：全民健身设施齐全；公园，医院，中国银行、中国农业银行。该小区属于普通住宅，南北户型，采光好，主体朝东对小区花园，无遮挡，格局好，动静分开。 布局合理,,,,,,,,,,
34,金洲花城，边户，大院子，毛坯，带露台，优质户型,800万,20888,钟楼区邹区,金洲花城,6室2厅1厨3卫,低楼层 (共2层),383㎡,,暂无数据,,南,未知结构,毛坯,,,暂无数据,2022-12-31,商品房,暂无数据,别墅,暂无数据,共有,无抵押,未上传房本照片,此房为业主改善房，毛坯带露台，带院子，随时看,小区环境优雅，深厚的文化底蕴，方正格局，无任何浪费空间，房本产权清晰，无任何抵押可随时过户,大客厅，流畅的落地大阳台，全飘窗设计，宽敞舒适，采光优良，全日阳光满满,交通十分方便，快捷！配套：全民健身设施齐全；公园，医院，中国银行、中国农业银行,,,,,,暂无数据,,,,
35,星光城二期，优质户型，前排，全天采光无遮挡，,175万,14899,钟楼区邹区,嘉宏MOOC星光城,3室2厅1厨2卫,低楼层 (共30层),117.46㎡,暂无数据,暂无数据,板塔结合,南,未知结构,毛坯,暂无数据,暂无数据,暂无数据,2023-07-02,商品房,2023-02-25,普通住宅,未满两年,共有,有抵押,已上传房本照片,此房为业主毛坯房，优质户型，中上楼层，全天采光无遮挡,采光无遮挡，低总价，此房户型方正，南北通风，光线良好，适合居住,居户型，大客厅，流畅的落地大阳台，全飘窗设计，宽敞舒适，采光优良，全日阳光满满，小区环境优雅，深厚的文化底蕴，方正格局,环境按照规划整理后，环境优美！1. 环境优美：小区安静优雅，绿化较好，带有休闲设施，周末可在小区花园游玩，十分有情调。,,,,,,,,,,
36,金洲花城 3室2厅 东南,155万,11773,钟楼区邹区,金洲花城,3室2厅1厨2卫,中楼层 (共11层),131.66㎡,暂无数据,暂无数据,板楼,东南,钢混结构,毛坯,两梯两户,有,暂无数据,2023-10-30,商品房,暂无数据,普通住宅,暂无数据,非共有,无抵押,未上传房本照片,,,,,,,,,,,,,,
37,泰富嘉园 3室1厅 北 南,155万,13136,钟楼区邹区,泰富嘉园,3室1厅1厨2卫,中楼层 (共18层),118㎡,暂无数据,暂无数据,板楼,北 南,钢混结构,精装,两梯四户,有,暂无数据,2023-04-09,商品房,暂无数据,普通住宅,暂无数据,共有,无抵押,未上传房本照片,,,,,,,,,,,,,,
38,星光城好楼层 三室一卫 简单拎包入住,153万,15000,钟楼区邹区,嘉宏MOOC星光城,3室2厅1厨1卫,高楼层 (共32层),102㎡,暂无数据,暂无数据,板塔结合,南,未知结构,简装,暂无数据,暂无数据,暂无数据,2023-11-05,商品房,暂无数据,普通住宅,暂无数据,共有,无抵押,未上传房本照片,户型方正楼层好  房东名下无贷款 可随时过户,小区内多层，高层都带有电梯，方便业主的上、下楼的出入。产品种类多，有别墅，多层，高层，可以满足不同的业主需求。有外商铺，方便业主生活，满足业主的一切吃、喝、玩、乐。安保设施完善,,配备大型商场——泰富时代广场、时代金街和东方大道餐饮一条街，休闲区有有光公园和体育广场，生活配套齐全，出入便利，银行、医院设施齐全，属于成熟小区，适宜居位。,,,,,,,,,,
39,星光城，灯城旁，简装三室，中间楼层，优质户型,135万,13107,钟楼区邹区,嘉宏MOOC星光城,3室2厅1厨1卫,中楼层 (共30层),103㎡,暂无数据,暂无数据,板塔结合,南 北,未知结构,简装,暂无数据,暂无数据,暂无数据,2023-10-31,商品房,暂无数据,普通住宅,暂无数据,共有,有抵押,未上传房本照片,此房为业主简装自住房，目前出租，优质户型，全天采光无遮挡,环境按照规划整理后，环境优美！1. 环境优美：小区安静优雅，绿化较好，带有休闲设施，周末可在小区花园游玩，十分有情调。,居户型，大客厅，流畅的落地大阳台，全飘窗设计，宽敞舒适，采光优良，全日阳光满满，小区环境优雅，深厚的文化底蕴，方正,采光无遮挡，低总价，此房户型方正，南北通风，光线良好，适合居住,,,,,,,,,,
40,泰富广场旁金洲花城房东诚心出售户型方正,136万,11031,钟楼区邹区,金洲花城,3室2厅1厨1卫,低楼层 (共17层),123.3㎡,暂无数据,暂无数据,板楼,南 北,钢混结构,精装,暂无数据,暂无数据,暂无数据,2023-05-10,商品房,2015-05-15,普通住宅,暂无数据,共有,无抵押,已上传房本照片,"卖点：
卖点： 卖点： 卖点： 核卖点： 卖点： 卖点： 精装..","小区介绍：
小区介绍： 小区介绍： 小区介绍： 小区介绍： 小区介绍： 小区介绍： 1、环境优雅，低密度社区 2、小区绿化高，地理位置得天独厚，出行方便！","户型介绍：
户型介绍： 户型介绍： 户型介绍： 户型介绍： 户型介绍： 户型介绍： 房源优势正规户型，日照充足，空气流畅，格局合理，没有浪费面积，利用空间大，是 的好户型",,,,"税费解析：
税费解析： 税费解析： 税费解析： 税费解析： 税费解析： 税费解析： 房子是商品房，这套房子在交易的时候需要缴纳1.5%的契税（首套房），1%的个人所得税。",,,,,,,
41,钟楼区大别墅 邹区高品质小区花园350平米,1180万,24082,钟楼区邹区,泰富花园公馆,5室2厅1厨4卫,低楼层 (共3层),490㎡,,暂无数据,,东,钢混结构,毛坯,,,暂无数据,2022-10-31,商品房,暂无数据,别墅,暂无数据,共有,有抵押 业主自还,未上传房本照片,双拼花园大 位置佳水洗景观 小公园门口 适合居住养老,小区人车分流 花园每一层一个花园 看起来很不错我 物业好 楼间距大,,青枫公园 梧桐苑菜场龙湖天街 交通方便出门就是生活期......,,,,适合换别墅的客户 联排换大平层这样客户来 首付高的客户 ........,,双拼,,,,
42,星光城一期，毛坯房，优质户型，全天采光无遮挡，出租,185万,13603,钟楼区邹区,嘉宏MOOC星光城,4室2厅1厨2卫,低楼层 (共32层),136㎡,暂无数据,暂无数据,板塔结合,南 北,未知结构,毛坯,暂无数据,暂无数据,暂无数据,2023-10-10,商品房,暂无数据,普通住宅,暂无数据,共有,有抵押,未上传房本照片,此房为业主毛坯房，目前出租，优质户型，南北通风采光好,环境按照规划整理后，环境优美！1. 环境优美：小区安静优雅，绿化较好，带有休闲设施，周末可在小区花园游玩，十分有情调。,3居户型，大客厅，流畅的落地大阳台，全飘窗设计，宽敞舒适，采光优良，全日阳光满满，小区环境优雅，深厚的文化底蕴，方正格局,采光无遮挡，低总价，此房户型方正，南北通风，光线良好，适合居住,,,,,,,,,,
43,名城嘉苑，优质户型，精装修，家电齐全，采光无遮挡,152万,11429,钟楼区邹区,名城嘉苑,4室2厅1厨2卫,低楼层 (共11层),133㎡,暂无数据,暂无数据,板楼,南 北,钢混结构,精装,暂无数据,暂无数据,暂无数据,2023-10-19,商品房,暂无数据,普通住宅,暂无数据,共有,无抵押,未上传房本照片,此房为业主精装自住房，目前自住，优质户型，全天采光无遮挡,采光无遮挡，低总价，此房户型方正，南北通风，光线良好，适合居住,3居户型，大客厅，流畅的落地大阳台，全飘窗设计，宽敞舒适，采光优良，全日阳光满满，小区环境优雅，深厚的文化底蕴，方正格局,环境按照规划整理后，环境优美！1. 环境优美：小区安静优雅，绿化较好，带有休闲设施，周末可在小区花园游玩，十分有情调。,,,,,,,,,,
44,名城嘉苑，复式楼，中高楼层，全天采光无遮挡,175万,9723,钟楼区邹区,名城嘉苑,4室2厅1厨2卫,高楼层 (共11层),180㎡,暂无数据,暂无数据,板楼,南 北,钢混结构,精装,两梯两户,有,暂无数据,2023-10-23,商品房,暂无数据,普通住宅,暂无数据,共有,无抵押,未上传房本照片,此房为业主精装自住房，目前自住，全天采光无遮挡，中高楼层,环境按照规划整理后，环境优美！1. 环境优美：小区安静优雅，绿化较好，带有休闲设施，周末可在小区花园游玩，十分有情调,居户型，大客厅，流畅的落地大阳台，全飘窗设计，宽敞舒适，采光优良，全日阳光满满，小区环境优雅，深厚的文化底蕴，方正格,采光无遮挡，低总价，此房户型方正，南北通风，光线良好，适合居住,,,,,,,,,,
45,水岸馨苑，楼梯房，精装两室，采光好，优质户型，南北,100万,11765,钟楼区邹区,水岸馨苑,2室2厅1厨1卫,中楼层 (共6层),85㎡,暂无数据,暂无数据,板塔结合,南 北,钢混结构,精装,暂无数据,暂无数据,暂无数据,2023-09-28,商品房,暂无数据,普通住宅,暂无数据,共有,无抵押,未上传房本照片,此房为业主精装自住房，目前空置，优质户型，全天采光无遮挡,环境按照规划整理后，环境优美！1. 环境优美：小区安静优雅，绿化较好，带有休闲设施，周末可在小区花园游玩，十分有情调,采光无遮挡，低总价，此房户型方正，南北通风，光线良好，适合居住,客厅，流畅的落地大阳台，全飘窗设计，宽敞舒适，采光优良，全日阳光满满，小区环境优雅，深厚的文化底蕴，方正格局,,,,,,,,,,
46,金源华庭，满五唯一，全天采光无遮挡，南北通风,100万,10614,钟楼区邹区,金源华庭,2室2厅1厨1卫,高楼层 (共9层),94.22㎡,暂无数据,暂无数据,板楼,南,钢混结构,简装,暂无数据,暂无数据,暂无数据,2023-11-08,商品房,暂无数据,普通住宅,暂无数据,共有,无抵押,未上传房本照片,此房为业主精装自住房，优质户型，中高楼层,采光无遮挡，低总价，此房户型方正，南北通风，光线良好，适合居住,3居户型，大客厅，流畅的落地大阳台，全飘窗设计，宽敞舒适，采光优良，全日阳光满满，小区环境优雅，深厚的文化底蕴，方正格局,环境优美：小区安静优雅，绿化较好，带有休闲设施，周末可在小区花园游玩，十分有情调,,,,,,,,,,
47,金洲花城，大平层，顶楼复式，精装修，全天采光无遮挡,280万,13726,钟楼区邹区,金洲花城,4室2厅1厨2卫,高楼层 (共11层),204㎡,暂无数据,暂无数据,板楼,南,钢混结构,精装,两梯两户,有,暂无数据,2022-05-26,商品房,暂无数据,普通住宅,暂无数据,共有,有抵押,未上传房本照片,此房满五，为业主婚房，精装复式楼，视野好，全天采光无遮挡,环境优美：小区安静优雅，绿化较好，带有休闲设施，周末可在小区花园游玩，十分有情调,房间格局很宽敞，采光通风俱佳；舒适四房，南北房型，南北通风带错层的厅，房型正气，全明户型,配套设施齐全完善，有银行，医院，邮局，各种餐馆，幼儿园，娱乐场所，公园很方便。,,,,,,,,,,
48,户型周正，格局分布合理，空间感好，通透性强。,160万,12095,钟楼区邹区,名城嘉苑,3室2厅1厨2卫,中楼层 (共11层),132.29㎡,暂无数据,暂无数据,板楼,南,钢混结构,精装,暂无数据,暂无数据,暂无数据,2023-02-23,商品房,暂无数据,普通住宅,暂无数据,非共有,无抵押,未上传房本照片,户型周正，格局分布合理，空间感好，通透性强。,1.小区生活设施齐，商场、菜市场、银行等，交通便捷，2.小区内有健身器材，小型篮球场，可供小区居民使用；3.小区内停车位充足，建有地下停车场，人车分流。地上有会客停车位。4.小区内24小时保安巡逻。,,生活配套齐全，医院，菜场，银行都有，成熟齐全，楼栋清晰分明，坐落有序，现场体验效果更加明显,,房业主诚心出售，产权清晰，证件齐全，看房方便，价格还可以协商。,,,,,小区楼下有共享单车，门口公交有多条线路，可到达火车站等，交通四通八达，小区门口即是环城主干道，可通往常州各个区域。,,,
49,精装修 全明格局 房东诚意出售好沟通,138万,10376,钟楼区邹区,金源华庭,3室2厅1厨2卫,低楼层 (共9层),133㎡,暂无数据,暂无数据,板楼,东南 南,钢混结构,精装,一梯两户,有,暂无数据,2022-09-28,商品房,暂无数据,普通住宅,暂无数据,共有,无抵押,未上传房本照片,一梯两户，房屋全明格局，精装修 房子楼层好，户型方正,,采光好， 南北通风好 ，厨房宽敞，餐客厅分明， 空间宽敞，明厨明卫，通风条件好,,,此房为南北房型，房子很漂亮，保养比较好，价格实惠：家电齐全，，自住皆可，配套成熟社区，配套设施齐全，菜场，娱乐场所等，适宜居住，让你步行满足一切,1契税 首套房90平以下 1%，90平以上1.5% 二套房90平以下1%，90平以上2% 三套房不论面积统一3% 2增值税： 满两年不论面积 全免 不满二年 收全额的5.6% 3个人所得税： 满两年1% 满五唯一免个人所得税,,,,,,,
50,星光城103平毛坯3房，中上楼层，有钥匙随时看，包税,140万,13593,钟楼区邹区,嘉宏MOOC星光城,3室2厅1厨1卫,高楼层 (共30层),103㎡,暂无数据,暂无数据,板塔结合,南,未知结构,毛坯,暂无数据,暂无数据,暂无数据,2023-07-13,商品房,暂无数据,普通住宅,暂无数据,非共有,有抵押,未上传房本照片,客厅宽敞舒适，使用率高 ，朝南户型,小区环境优美，舒适安静 适宜居住，出门即有公交菜场，银行 市 美食等 人文素养好，乐于助人，相处和谐,,,,,"税费解析：1、契税：首套房，成交价的1.5％, 二套房，成交价的2% 2、（个税：产证满五年且是房主在本市唯一一套住房，免收个税）此房产证满5年，但非房主在本市唯一一套住房，故缴税成交价的1%",,,,,,,
51,金洲花城，优质户型，小高层，南北通风，采光好,99万,10646,钟楼区邹区,金洲花城,2室2厅1厨1卫,中楼层 (共11层),93㎡,暂无数据,暂无数据,板楼,南,钢混结构,精装,暂无数据,暂无数据,暂无数据,2023-05-25,商品房,暂无数据,普通住宅,暂无数据,共有,有抵押,未上传房本照片,此房为业主精装自住房，优质户型，全天采光无遮挡，南北通风,采光无遮挡，低总价，此房户型方正，南北通风，光线良好，适合居住,大客厅，流畅的落地大阳台，全飘窗设计，宽敞舒适，采光优良，全日阳光满满，小区环境优雅，深厚的文化底蕴，方正格局,环境按照规划整理后，环境优美！1. 环境优美：小区安静优雅，绿化较好，带有休闲设施，周末可在小区花园游玩，十分有情调。,,,,,,,,,,
52,推荐！星光城好楼层 三室一卫 简装,145万,14216,钟楼区邹区,嘉宏MOOC星光城,3室2厅1厨1卫,中楼层 (共32层),102㎡,暂无数据,暂无数据,板塔结合,南,未知结构,简装,暂无数据,暂无数据,暂无数据,2023-10-25,商品房,暂无数据,普通住宅,暂无数据,共有,无抵押,未上传房本照片,户型方正楼层好，视野开阔充足采光，配套设施齐全，,小区内多层，高层都带有电梯，方便业主的上、下楼的出入。产品种类多，有别墅，多层，高层，可以满足不同的业主需求。有内外商铺，方便业主生活，满足业主的一切吃、喝、玩、乐。安保设施完善,,配备大型商场——泰富时代广场、时代金街和东方大道餐饮一条街，休闲区有有光公园和体育广场，生活配套齐全，出入便利，银行、医院设施齐全，属于成熟小区，适宜居位。,,,,,,,,,,
53,少有的户型65平 一室一厅一卫 好楼层售价75万,78万,11966,钟楼区邹区,金洲花城,1室1厅1厨1卫,中楼层 (共11层),65.19㎡,暂无数据,暂无数据,板楼,南,钢混结构,精装,两梯三户,有,暂无数据,2023-11-12,商品房,2013-11-06,普通住宅,暂无数据,共有,有抵押 25万元 工商银行 业主自还,已上传房本照片,户型方正楼层好，视野开阔充足采光，配套设施齐全，,小区内多层，高层都带有电梯，方便业主的上、下楼的出入。产品种类多，有别墅，多层，高层，可以满足不同的业主需求。有内外商铺，方便业主生活，满足业主的一切吃、喝、玩、乐。安保设施完善,,配备大型商场——泰富时代广场、时代金街和东方大道餐饮一条街，休闲区有有光公园和体育广场，生活配套齐全，出入便利，银行、医院设施齐全，属于成熟小区，适宜居位。,,,,,,,,,,
54,泰富嘉园，公园旁，毛坯两室，中高楼层，采光佳,110万,13254,钟楼区邹区,泰富嘉园,2室2厅1厨1卫,高楼层 (共18层),83㎡,暂无数据,暂无数据,板楼,南,钢混结构,毛坯,暂无数据,暂无数据,暂无数据,2022-05-26,商品房,暂无数据,普通住宅,暂无数据,共有,无抵押,未上传房本照片,此房满五，为业主首套房，毛坯两室，中高楼层，全天采光,环境优美：小区安静优雅，绿化较好，带有休闲设施，周末可在小区花园游玩，十分有情调,房间格局很宽敞，采光通风俱佳；舒适两房，南北房型，南北通风房型正气，全明户型,配套设施齐全完善，有银行，医院，邮局，各种餐馆，幼儿园，娱乐场所，很方便。,,,,,,,,,,
55,此房户型方正，两室两厅一厨两卫 高楼层  配套完善,98万,10538,钟楼区邹区,金洲花城,2室2厅1厨1卫,中楼层 (共11层),93㎡,暂无数据,暂无数据,板楼,南,钢混结构,精装,暂无数据,暂无数据,暂无数据,2023-04-24,商品房,暂无数据,普通住宅,暂无数据,共有,有抵押 23万元 业主自还,未上传房本照片,此房户型方正，两室两厅一厨两卫 高楼层 采光充足 配套完善,小区地理位置好 绿化好 居民素质高 配套：有健身器材 小型篮球场 可供小区居民使用 车位：停车位充足 地面人车分流保安：小区内24保安巡逻,,,,,"1.契税：首套房，90平米以下成交价的1％，90平米以上成交价的1.5％, 二套房90平以上成交价的2%, 2.增值税：产证满2年免收增值税，未满2年征收5.6％； 3.个税：产证满五年而且是一套住房，免收个税，未满5年成交价的1%",小区环境优美，舒适安静，适宜居住，服务有保障。出门即有公交菜场，银行 商场 美食等 人文素养好，乐于助人，相处和谐！配套齐全，公园地铁医院商,,,,,,
56,星光城全天采光无遮挡 小区绿化工程很好,128万,12428,钟楼区邹区,嘉宏MOOC星光城,3室2厅1厨1卫,低楼层 (共29层),103㎡,暂无数据,暂无数据,板塔结合,南,未知结构,毛坯,暂无数据,暂无数据,暂无数据,2023-11-14,商品房,暂无数据,普通住宅,暂无数据,共有,有抵押,未上传房本照片,楼层好 视野开阔明亮 ，采光好， 双阳台、,，大客厅，流畅的落地大阳台，全飘窗设计，宽敞舒适，采光优良，全日阳光满满，小区环境优雅，深厚的文化底蕴，方正格局，无任何浪费空间，房本产权清晰。,3居户型，大客厅，流畅的落地大阳台，全飘窗设计，宽敞舒适，采光优良，全日阳光满满，小区环境优雅，深厚的文化底蕴，方正格局，无任何浪费空间，房本产权清晰，无任何抵押可随时过。,,毛坯房、 三室二厅二卫、 交通方便、 小区绿化也很好、 通风好,,,,,,,,,
57,此房满五，为业主首套房，精装三室，家电全留,145万,12289,钟楼区邹区,泰富嘉园,3室2厅1厨1卫,高楼层 (共18层),118㎡,暂无数据,暂无数据,板楼,南 北,钢混结构,简装,暂无数据,暂无数据,暂无数据,2023-05-19,商品房,暂无数据,普通住宅,暂无数据,共有,无抵押,未上传房本照片,此房满五，为业主首套房，精装三室，房东保养好 家电全留,房间格局很宽敞，采光通风俱佳；南北房型，南北通风带错层的厅，房型正气，全明户型,配套设施齐全完善，有银行，医院，邮局，各种餐馆，幼儿园，娱乐场所，公园，很方便,环境优美：小区安静优雅，绿化较好，带有休闲设施，周末可在小区花园游玩，十分有情调,,,,,,,,,,
58,少有的边户 有大院子有地下室 名城嘉苑别墅,590万,16121,钟楼区邹区,名城嘉苑,5室2厅1厨3卫,低楼层 (共2层),366㎡,,暂无数据,,东南,钢混结构,简装,,,暂无数据,2023-10-25,商品房,暂无数据,别墅,暂无数据,共有,无抵押,未上传房本照片,户型方正楼层好，视野开阔，充足采光，重要是房东诚意出售,小区内多层，高层都带有电梯，方便业主的上、下楼的出入。产品种类多，有别墅，多层，高层，可以满足不同的业主需求。有内外商铺，方便业主生活，满足业主的一切吃、喝、玩、乐。安保设施完善。有保洁员，维护小区卫生和绿化。,,配备大型商场——泰富时代广场、时代金街和东方大道餐饮一条街，休闲区有有光公园和大型体育广场，生活配套齐全，出入便利、银行、医院设施齐全，属于成熟小区，适宜居位,,,,适合家庭人口较多或者想置换生活条件的老板们，目前总价比较靠谱，欢迎来谈,,联排,,,,
59,名城嘉苑，优质户型，中上楼层，小高层，前排别墅去,155万,11768,钟楼区邹区,名城嘉苑,3室1厅1厨2卫,高楼层 (共11层),131.72㎡,暂无数据,暂无数据,板楼,南,钢混结构,精装,暂无数据,暂无数据,暂无数据,2023-04-24,商品房,暂无数据,普通住宅,暂无数据,共有,有抵押,未上传房本照片,此房为业主精装自住房，南北通风，双阳台，优质户型,十分适合居住，环境按照规划整理后，环境优美！环境优美：小区安静优雅，绿化较好，带有休闲设施，周末可在小区花园游玩，十分有情调,居户型，大客厅，流畅的落地大阳台，全飘窗设计，宽敞舒适，采光优良，全日阳光满满，小区环境优雅，深厚的文化底蕴，方正格局，无任何浪费空间,小区环境优美，社区花园，绿化面积高，健身区，散步区，可以锻炼身体，让你有一个干净安全的居住环境，方便生活,,,,,,,,,,
60,金洲花城优质户型，全天采光，无遮挡中高楼层南北通风,145万,10922,钟楼区邹区,金洲花城,3室2厅1厨2卫,高楼层 (共11层),132.77㎡,暂无数据,暂无数据,板楼,南,钢混结构,精装,暂无数据,暂无数据,暂无数据,2023-11-07,商品房,暂无数据,普通住宅,暂无数据,共有,无抵押,未上传房本照片,此房为业主精装修自住房南北通风，全天采光,环境优美！1. 环境优美：小区安静优雅，绿化较好，带有休闲设施，周末可在小区花园游玩，十分有情,，3居户型，大客厅，流畅的落地大阳台，全飘窗设计，宽敞舒适，采光优良，全日阳光满满，小区环境优雅，深厚的文化底蕴，方正格,采光无遮挡，低总价，此房户型方正，南北通风，光线良好，适合居住,,,,,,,,,,
61,邹区星光城 四室俩卫 中上楼层 全天采光无遮挡,200万,14493,钟楼区邹区,嘉宏MOOC星光城,4室2厅1厨2卫,中楼层 (共32层),138㎡,暂无数据,暂无数据,暂无数据,南 北,未知结构,毛坯,暂无数据,暂无数据,暂无数据,2023-09-27,商品房,暂无数据,普通住宅,暂无数据,非共有,有抵押,未上传房本照片,此房为业主毛坯房，目前空置，全天采光无遮挡，优质户型,小区内多层，高层都带有电梯，方便业主的上、下楼的出入。产品种类多，有别墅，多层，高层，可以满足不同的业主需求。有内外商铺，方便业主生活，满足业主的一切吃、喝、玩、乐。安保设施完善,4居户型，大客厅，流畅的落地大阳台，全飘窗设计，宽敞舒适，采光优良，全日阳光满满，小区环境优雅,配备大型商场——泰富时代广场、时代金街和东方大道餐饮一条街，休闲区有有光公园和体育广场，生活配套齐全，出入便利，银行、医院设施齐全，属于成熟小区，适宜居位。,,,,,,,,,,
62,樾棠花园 3室2厅 南 北,198万,14348,钟楼区邹区,樾棠花园,3室2厅1厨2卫,中楼层 (共29层),138㎡,暂无数据,暂无数据,暂无数据,南 北,未知结构,其他,暂无数据,暂无数据,暂无数据,2024-01-19,商品房,暂无数据,普通住宅,暂无数据,非共有,暂无数据,未上传房本照片,,,,,,,,,,,,,,
63,星光城二期，优质户型，全天采光无遮挡，中高楼层,180万,13044,钟楼区邹区,樾棠花园,3室2厅1厨2卫,中楼层 (共29层),138㎡,暂无数据,暂无数据,暂无数据,南,未知结构,其他,暂无数据,暂无数据,暂无数据,2024-01-19,商品房,暂无数据,普通住宅,暂无数据,共有,有抵押,未上传房本照片,此房为业主毛坯房，目前空置，全天采光无遮挡，中高楼层,采光无遮挡，低总价，此房户型方正，南北通风，光线良好，适合居住,居户型，大客厅，流畅的落地大阳台，全飘窗设计，宽敞舒适，采光优良，全日阳光满满，小区环境优雅，深厚的文化底蕴，方正格局,环境按照规划整理后，环境优美！1. 环境优美：小区安静优雅，绿化较好，带有休闲设施，周末可在小区花园游玩，十分有情调,,,,,,,,,,
64,名城嘉苑 简装三室一卫 目前空置 有钥匙看房,125万,10000,钟楼区邹区,名城嘉苑,3室2厅1厨1卫,低楼层 (共11层),125㎡,暂无数据,暂无数据,板楼,东,钢混结构,简装,暂无数据,暂无数据,暂无数据,2023-12-03,商品房,暂无数据,普通住宅,暂无数据,共有,无抵押,未上传房本照片,房东诚意出售，价格好谈，户型方正，采光无影响,"小区介绍
小区内多层，高层都带有电梯，方便业主的上、下楼的出入。产品种类多，有别墅，多层，高层，可以满足不同的业主需求。有内外商铺，方便业主生活，满足业主的一切吃、喝、玩、乐。安保设施完善",,配备大型商场——泰富时代广场、时代金街和东方大道餐饮一条街，休闲区有有光公园和体育广场，生活配套齐全，出入便利，银行、医院设施齐全，属于成熟小区，适宜居位。,,,,,,,,,,
65,嘉宏MOOC星光城 5室2厅 南,230万,14557,钟楼区邹区,嘉宏MOOC星光城,5室2厅1厨3卫,高楼层 (共32层),158㎡,暂无数据,暂无数据,板塔结合,南,未知结构,精装,暂无数据,暂无数据,暂无数据,2024-02-29,商品房,暂无数据,普通住宅,暂无数据,共有,有抵押,未上传房本照片,,,,,,,,,,,,,,
66,名城嘉苑复式楼精装修户型方正采光好,260万,13000,钟楼区邹区,名城嘉苑,5室2厅1厨3卫,高楼层 (共11层),200㎡,暂无数据,暂无数据,板楼,南,钢混结构,精装,两梯两户,有,暂无数据,2024-03-06,商品房,暂无数据,普通住宅,暂无数据,共有,无抵押,未上传房本照片,此房为业主精装自住房，目前空置，优质户型，全天采光无遮挡,小区介绍：采光无遮挡，低总价，此房户型方正，南北通风，光线良好，适合居住,户型介绍：3居户型，大客厅，流畅的落地大阳台，全飘窗设计，宽敞舒适，采光优良，全日阳光满满，小区环境优雅，深厚的文化底蕴，方正格,配套：环境按照规划整理后，环境优美！1. 环境优美：小区安静优雅，绿化较好，带有休闲设施，周末可在小区花园游玩，十分有情调,,,"1.契税：首套房，90平米以下成交价的1％，90平米以上成交价的1.5％, 二套房90平以上成交价的2%, 2.增值税：产证满2年免收增值税，未满2年征收5.6％； 3.个税：产证满五年而且是一套住房，免收个税，未满5年成交价的1%",,,,,,,
67,邹新东苑好楼层 9楼毛坯 位置也好 赶紧来看,62万,7750,钟楼区邹区,邹新东苑,2室2厅1厨1卫,中楼层 (共27层),80㎡,暂无数据,暂无数据,板塔结合,南,钢混结构,毛坯,两梯四户,有,暂无数据,2023-11-28,商品房,暂无数据,普通住宅,暂无数据,共有,无抵押,未上传房本照片,户型方正楼层好，视野开阔充足采光，配套设施齐全，,小区内多层，高层都带有电梯，方便业主的上、下楼的出入。产品种类多，有别墅，多层，高层，可以满足不同的业主需求。有内外商铺，方便业主生活，满足业主的一切吃、喝、玩、乐。安保设施完善,,配备大型商场——泰富时代广场、时代金街和东方大道餐饮一条街，休闲区有有光公园和体育广场，生活配套齐全，出入便利，银行、医院设施齐全，属于成熟小区，适宜居位,,,,,,,,,,
68,邹区星光城，全天采光无遮挡，小区前排，精装修,188万,18253,钟楼区邹区,嘉宏MOOC星光城,3室2厅1厨1卫,中楼层 (共30层),103㎡,平层,暂无数据,板塔结合,南,未知结构,精装,暂无数据,暂无数据,暂无数据,2024-03-02,商品房,暂无数据,普通住宅,暂无数据,共有,无抵押,未上传房本照片,此房为业主精装自住房，目前出租中，全天采光无遮挡，中好楼层,采光无遮挡，低总价，此房户型方正，南北通风，光线良好，适合居住,居户型，大客厅，流畅的落地大阳台，全飘窗设计，宽敞舒适，采光优良，全日阳光满满，小区环境优雅，深厚的文化底蕴，方正格局,环境按照规划整理后，环境优美！1. 环境优美：小区安静优雅，绿化较好，带有休闲设施，周末可在小区花园游玩，十分有情调,,,,,,,,,,
69,星光城一期，精装修，优质户型，全天采光无遮挡，南北,160万,13560,钟楼区邹区,嘉宏MOOC星光城,3室1厅1厨2卫,低楼层 (共30层),118㎡,暂无数据,暂无数据,板塔结合,南,未知结构,精装,暂无数据,暂无数据,暂无数据,2023-12-09,商品房,暂无数据,普通住宅,暂无数据,共有,有抵押 业主自还,未上传房本照片,此房为业主精装自住房，全天采光无遮挡，中高楼层，优质户型,采光无遮挡，低总价，此房户型方正，南北通风，光线良好，适合居住,3居户型，大客厅，流畅的落地大阳台，全飘窗设计，宽敞舒适，采光优良，全日阳光满满，小区环境优雅，深厚的文化底蕴，方正格,环境按照规划整理后，环境优美！1. 环境优美：小区安静优雅，绿化较好，带有休闲设施，周末可在小区花园游玩，十分有,,,,,,,,,,
70,推荐这套来看 金洲花城 精装修俩室一卫,105万,11414,钟楼区邹区,金洲花城,2室2厅1厨1卫,低楼层 (共11层),92㎡,暂无数据,暂无数据,板楼,南,钢混结构,精装,暂无数据,暂无数据,暂无数据,2024-01-06,商品房,暂无数据,普通住宅,暂无数据,共有,无抵押,未上传房本照片,户型方正楼层好，视野开阔充足采光，配套设施齐全，,小区内多层，高层都带有电梯，方便业主的上、下楼的出入。产品种类多，有别墅，多层，高层，可以满足不同的业主需求。有内外商铺，方便业主生活，满足业主的一切吃、喝、玩、乐。安保设施完善,,配备大型商场——泰富时代广场、时代金街和东方大道餐饮一条街，休闲区有有光公园和体育广场，生活配套齐全，出入便利，银行、医院设施齐全，属于成熟小区，适宜居位。,,,,,,,,,,
71,泰富嘉园二期 三室两厅一厨一卫 精装修 拎包入住,155万,13160,钟楼区邹区,泰富嘉园,3室2厅1厨1卫,低楼层 (共18层),117.79㎡,暂无数据,暂无数据,板楼,南,钢混结构,精装,两梯三户,有,暂无数据,2024-01-03,商品房,暂无数据,普通住宅,暂无数据,非共有,无抵押,未上传房本照片,此房格局好采光佳 边户前排无遮挡 精装修家电家具齐全保养好,小区环境优雅，绿化较好，带有休闲设施，周末可在小区花园游玩，十分有情调,,,精装修家电家具齐全 全屋保养较好 可拎包入住 户型方正设计合理无浪费空间,,,,无贷款抵押。房东着急出售，房东心态很稳，您无需担心房东跳价问题。,,,,,
72,嘉宏MOOC星光城 3室2厅 北 南,160万,15534,钟楼区邹区,嘉宏MOOC星光城,3室2厅1厨1卫,高楼层 (共30层),103㎡,暂无数据,暂无数据,板塔结合,北 南,未知结构,其他,暂无数据,暂无数据,暂无数据,2024-01-22,商品房,暂无数据,普通住宅,暂无数据,非共有,暂无数据,未上传房本照片,,,,,,,,,,,,,,
73,"新小区电梯房房屋,户型端正采光好,可贷款",63万,7875,钟楼区邹区,邹新东苑,2室2厅1厨1卫,低楼层 (共27层),80㎡,暂无数据,暂无数据,板塔结合,南,钢混结构,毛坯,暂无数据,暂无数据,暂无数据,2023-12-18,商品房,暂无数据,普通住宅,暂无数据,共有,无抵押,未上传房本照片,有产证，电梯房，可贷款，价格便宜,小区内多层，高层都带有电梯，方便业主的上、下楼的出入。产品种类多，有别墅，多层，高层，可以满足不同的业主需求。有内外商铺，方便业主生活，满足业主的一切吃、喝、玩、乐。安保设施,,配备大型商场——泰富时代广场、时代金街和东方大道餐饮一条街，休闲区有有光公园和体育广场，生活配套齐全，出入便利，银行、医院设施齐全，属于成熟小区，适宜居,,,,,,,,,,
74,泰富嘉园 中上好楼层 四室俩卫 精装装出售,199万,14203,钟楼区邹区,泰富嘉园,4室2厅1厨2卫,高楼层 (共18层),140.12㎡,暂无数据,暂无数据,板楼,南,钢混结构,精装,两梯两户,有,暂无数据,2023-12-12,商品房,暂无数据,普通住宅,暂无数据,共有,无抵押,未上传房本照片,户型方正楼层好，视野开阔充足采光，配套设施齐全，,小区内多层，高层都带有电梯，方便业主的上、下楼的出入。产品种类多，有别墅，多层，高层，可以满足不同的业主需求。有内外商铺，方便业主生活，满足业主的一切吃、喝、玩、乐。安保设施完善,,配备大型商场——泰富时代广场、时代金街和东方大道餐饮一条街，休闲区有有光公园和体育广场，生活配套齐全，出入便利，银行、医院设施齐全，属于成熟小区，适宜居位。,,,,,,,,,,
75,邹新东苑，毛坯，全天采光无遮挡，优质户型，看房提前,65万,8125,钟楼区邹区,邹新东苑,2室2厅1厨1卫,低楼层 (共27层),80㎡,暂无数据,暂无数据,板塔结合,南 北,钢混结构,毛坯,两梯六户,有,暂无数据,2024-03-06,商品房,暂无数据,普通住宅,暂无数据,共有,无抵押,未上传房本照片,此房为业主毛坯房，目前空置，全天采光无遮挡，优质户型，中高楼,居户型，大客厅，流畅的落地大阳台，全飘窗设计，宽敞舒适，采光优良，全日阳光满满，小区环境优雅，深厚的文化底蕴，方正格局,采光无遮挡，低总价，此房户型方正，南北通风，光线良好，适合居住,环境按照规划整理后，环境优美！1. 环境优美：小区安静优雅，绿化较好，带有休闲设施，周末可在小区花园游玩，十分有情调,,,,,,,,,,
76,邹新东苑，全天采光无遮挡，中高楼层，优质户型,63万,7875,钟楼区邹区,邹新东苑,2室2厅1厨1卫,高楼层 (共27层),80㎡,暂无数据,暂无数据,板塔结合,南 北,钢混结构,毛坯,两梯四户,有,暂无数据,2023-12-08,商品房,暂无数据,普通住宅,暂无数据,共有,无抵押,未上传房本照片,此房为业主毛坯房，目前空置，全天采光无遮挡，中高楼层，优质户,采光无遮挡，低总价，此房户型方正，南北通风，光线良好，适合居住,3居户型，大客厅，流畅的落地大阳台，全飘窗设计，宽敞舒适，采光优良，全日阳光满满，小区环境优雅，深厚的文化底蕴，方正格局,环境按照规划整理后，环境优美！1. 环境优美：小区安静优雅，绿化较好，带有休闲设施，周末可在小区花园游玩，十分有情,,,,,,,,,,
77,邹新东苑，优质户型，全天采光无遮挡，有钥匙,63万,7875,钟楼区邹区,邹新东苑,2室2厅1厨1卫,中楼层 (共27层),80㎡,暂无数据,暂无数据,板塔结合,南 北,钢混结构,毛坯,两梯六户,有,暂无数据,2024-03-06,商品房,暂无数据,普通住宅,暂无数据,共有,无抵押,未上传房本照片,此房为业主毛坯自住房，目前空置，全天采光无遮挡，有钥匙,采光无遮挡，低总价，此房户型方正，南北通风，光线良好，适合居住,居户型，大客厅，流畅的落地大阳台，全飘窗设计，宽敞舒适，采光优良，全日阳光满满，小区环境优雅，深厚的文化底蕴，方正格局,环境按照规划整理后，环境优美！1. 环境优美：小区安静优雅，绿化较好，带有休闲设施，周末可在小区花园游玩，十分有情调,,,,,,,,,,
78,凯旋门大酒店 2室1厅 北,45万,5661,钟楼区邹区,凯旋门大酒店,2室1厅1厨1卫,中楼层 (共24层),79.5㎡,暂无数据,暂无数据,板塔结合,北,钢混结构,精装,两梯五户,有,暂无数据,2024-02-21,商品房,暂无数据,商住两用,暂无数据,共有,无抵押,未上传房本照片,,,,,,,,,,,,未知,未知,2.45元/m3
79,泰富嘉园 2室2厅 南 北,118万,13259,钟楼区邹区,泰富嘉园,2室2厅1厨1卫,中楼层 (共18层),89㎡,暂无数据,暂无数据,板楼,南 北,钢混结构,其他,暂无数据,暂无数据,暂无数据,2024-03-14,商品房,2013-01-01,普通住宅,未满两年,非共有,暂无数据,已上传房本照片,,,,,,,,,,,,,,
80,采光无遮挡 低总价 户型方正 房东诚心出售,110万,9167,钟楼区邹区,邹新东苑,3室2厅1厨1卫,高楼层 (共27层),120㎡,暂无数据,暂无数据,板塔结合,南,钢混结构,毛坯,两梯六户,有,暂无数据,2024-01-04,商品房,暂无数据,普通住宅,暂无数据,共有,无抵押,未上传房本照片,户型好，朝南舒适，全天采光。房型方正视野好。干湿分离,小区内多层，高层都带有电梯，方便业主的上、下楼的出入。产品种类多，有别墅，多层，高层，可以满足不同的业主需求。有内外商铺，方便业主生活，满足业主的一切吃、喝、玩、乐。安保设施,,配备大型商场——泰富时代广场、时代金街和东方大道餐饮一条街，休闲区有有光公园和体育广场，生活配套齐全，出入便利，银行、医院设施齐全，属于成熟小区，适宜居住,,,,,,,,,,
81,邹新东苑好楼层 三室两卫一厨两卫 毛坯 采光好,115万,9584,钟楼区邹区,邹新东苑,3室2厅1厨2卫,中楼层 (共27层),120㎡,暂无数据,暂无数据,板塔结合,南,钢混结构,毛坯,暂无数据,暂无数据,暂无数据,2023-12-02,商品房,暂无数据,普通住宅,暂无数据,共有,无抵押,未上传房本照片,采光好楼层佳 格局方正 设计合理 没有浪费空间 配套设施齐全,,新小区新楼盘 采光好 楼层佳 主卧朝南带窗，客厅，餐厅，厨房，客厅带窗，明厅，整个格局就是户户朝阳,,此房目前为毛坯房 格局方正无变动 户型设计合理没有浪费空间,,,,没有贷款 房东诚心出售，房东心态很稳，您无需担心房东跳价问题！,,,,,
82,热门房源 邹区星光城花园 前排无遮挡 三室一卫,140.8万,13804,钟楼区邹区,嘉宏MOOC星光城,3室2厅1厨1卫,低楼层 (共29层),102㎡,暂无数据,暂无数据,板塔结合,南,未知结构,简装,暂无数据,暂无数据,暂无数据,2024-01-09,商品房,暂无数据,普通住宅,暂无数据,共有,无抵押,未上传房本照片,户型方正楼层好，视野开阔充足采光，配套设施齐全,小区内多层，高层都带有电梯，方便业主的上、下楼的出入。产品种类多，有别墅，多层，高层，可以满足不同的业主需求。方便业主生活，满足业主的一切吃、喝、玩、乐。安保设施完善,,配备大型商场——泰富时代广场、时代金街和东方大道餐饮一条街，休闲区有有光公园和体育广场，生活配套齐全，出入便利，银行、医院设施齐全，属于成熟小区，适宜居位。,,,,,,,,,,
83,新小区电梯房采光好可贷款交通方便,75万,9375,钟楼区邹区,邹新东苑,2室2厅1厨1卫,中楼层 (共27层),80㎡,暂无数据,暂无数据,板塔结合,南,钢混结构,毛坯,两梯四户,有,暂无数据,2023-12-17,商品房,暂无数据,普通住宅,暂无数据,共有,无抵押,未上传房本照片,有产证，电梯房，可贷款，价格便宜,小区内多层，高层都带有电梯，方便业主的上、下楼的出入。产品种类多，有别墅，多层，高层，可以满足不同的业主需求。有内外商铺，方便业主生活，满足业主的一切吃、喝、玩、乐。安保设施完善,,配备大型商场——泰富时代广场、时代金街和东方大道餐饮一条街，休闲区有有光公园和体育广场，生活配套齐全，出入便利，银行、医院设施齐全，属于成熟小区，适宜居,,,,,,,,,,
84,采光无遮挡，低总价，此房户型方正，南北通风，光线良,60万,7500,钟楼区邹区,邹新东苑,2室2厅1厨1卫,低楼层 (共27层),80㎡,暂无数据,暂无数据,暂无数据,南 北,未知结构,毛坯,暂无数据,暂无数据,暂无数据,2023-12-10,商品房,暂无数据,普通住宅,暂无数据,共有,无抵押,未上传房本照片,采光无遮挡，低总价，此房户型方正，南北通风，光线良好，适合居,环境按照规划整理后，环境优美！1. 环境优美：小区安静优雅，绿化较好，带有休闲设施，周末可在小区花园游玩，十分有情调,采光无遮挡，低总价，此房户型方正，南北通风，光线良好，适合居住,居户型，大客厅，流畅的落地大阳台，全飘窗设计，宽敞舒适，采光优良，全日阳光满满，小区环境优雅，深厚的文化底蕴，方正格局,,,,,,,,,,
85,樾棠花园 3室2厅 南,145万,12394,钟楼区邹区,樾棠花园,3室2厅1厨1卫,高楼层 (共29层),117㎡,暂无数据,暂无数据,暂无数据,南,未知结构,毛坯,暂无数据,暂无数据,暂无数据,2024-03-19,商品房,暂无数据,普通住宅,暂无数据,非共有,有抵押,未上传房本照片,,,,,,,,,,,,,,
86,嘉宏MOOC星光城 3室2厅 南,158万,15573,钟楼区邹区,嘉宏MOOC星光城,3室2厅1厨1卫,低楼层 (共32层),101.46㎡,暂无数据,暂无数据,板塔结合,南,未知结构,其他,暂无数据,暂无数据,暂无数据,2024-03-19,商品房,暂无数据,普通住宅,暂无数据,非共有,暂无数据,未上传房本照片,,,,,,,,,,,,,,
87,"新小区电梯房'户型端正,采光好交通便利.",110万,9167,钟楼区邹区,邹新东苑,3室2厅1厨2卫,低楼层 (共27层),120㎡,暂无数据,暂无数据,板塔结合,南,钢混结构,毛坯,两梯六户,有,暂无数据,2024-01-23,商品房,暂无数据,普通住宅,暂无数据,共有,无抵押,未上传房本照片,户型好，朝南舒适，全天采光。房型方正视野好。干湿分离 格局..,小区内多层，高层都带有电梯，方便业主的上、下楼的出入。产品种类多，有别墅，多层，高层，可以满足不同的业主需求。有内外商铺，方便业主生活，满足业主的一切吃、喝、玩、乐。安保设施,,配备大型商场——泰富时代广场、时代金街和东方大道餐饮一条街，休闲区有有光公园和体育广场，生活配套齐全，出入便利，银行、医院设施齐全，属于成熟小区，适宜居,,,,,,,,,,
88,金洲花城 3室2厅 南,145万,11789,钟楼区邹区,金洲花城,3室2厅1厨1卫,中楼层 (共17层),123㎡,暂无数据,暂无数据,板楼,南,钢混结构,其他,暂无数据,暂无数据,暂无数据,2024-03-18,商品房,暂无数据,普通住宅,暂无数据,非共有,暂无数据,未上传房本照片,,,,,,,,,,,,,,
89,嘉宏MOOC星光城 4室2厅 南,165万,11957,钟楼区邹区,嘉宏MOOC星光城,4室2厅1厨2卫,高楼层 (共32层),138㎡,暂无数据,暂无数据,暂无数据,南,未知结构,毛坯,暂无数据,暂无数据,暂无数据,2024-03-19,商品房,暂无数据,普通住宅,暂无数据,非共有,有抵押 40万元,未上传房本照片,,,,,,,,,,,,,,
90,优质房源 泰富二期中上楼层 三室俩卫,158万,13439,钟楼区邹区,泰富嘉园,3室2厅1厨2卫,中楼层 (共18层),117.57㎡,暂无数据,暂无数据,板楼,南,钢混结构,精装,暂无数据,暂无数据,暂无数据,2024-01-21,商品房,2016-01-14,普通住宅,暂无数据,共有,无抵押,已上传房本照片,户型方正楼层好，视野开阔充足采光，配套设施齐全，,小区内多层，高层都带有电梯，方便业主的上、下楼的出入。产品种类多，有别墅，多层，高层，可以满足不同的业主需求。有内外商铺，方便业主生活，满足业主的一切吃、喝、玩、乐。安保设施完善,,配备大型商场——泰富时代广场、时代金街和东方大道餐饮一条街，休闲区有有光公园和体育广场，生活配套齐全，出入便利，银行、医院设施齐全，属于成熟小区，适宜居位。,,,,,,,,,,
91,樾棠花园 3室2厅 南,155万,13248,钟楼区邹区,樾棠花园,3室2厅1厨2卫,低楼层 (共29层),117㎡,暂无数据,暂无数据,暂无数据,南,未知结构,简装,暂无数据,暂无数据,暂无数据,2024-03-19,商品房,暂无数据,普通住宅,暂无数据,非共有,有抵押 30万元,未上传房本照片,,,,,,,,,,,,,,
92,金洲花城，飞机户型，中间楼层，全天采光无遮挡,129万,10662,钟楼区邹区,金洲花城,3室2厅1厨1卫,中楼层 (共17层),121㎡,暂无数据,暂无数据,板楼,南 北,钢混结构,精装,两梯两户,有,暂无数据,2024-03-02,商品房,暂无数据,普通住宅,暂无数据,共有,无抵押,未上传房本照片,此房为业主精装自住房，目前出租中，优质户型全天采光无遮挡,采光无遮挡，低总价，此房户型方正，南北通风，光线良好，适合居住,居户型，大客厅，流畅的落地大阳台，全飘窗设计，宽敞舒适，采光优良，全日阳光满满，小区环境优雅，深厚的文化底蕴，方正格,环境按照规划整理后，环境优美！1. 环境优美：小区安静优雅，绿化较好，带有休闲设施，周末可在小区花园游玩，十分有情调,,,,,,,,,,
93,热门小区邹新东苑电梯房120平三房二厅一厨二卫,89万,7417,钟楼区邹区,邹新东苑,3室2厅1厨2卫,高楼层 (共27层),120㎡,暂无数据,暂无数据,板塔结合,南,钢混结构,毛坯,两梯六户,有,暂无数据,2023-12-06,商品房,暂无数据,普通住宅,暂无数据,共有,无抵押,未上传房本照片,有产证，电梯房，可贷款，价格便宜,小区内多层，高层都带有电梯，方便业主的上、下楼的出入。产品种类多，有别墅，多层，高层，可以满足不同的业主需求。有内外商铺，方便业主生活，满足业主的一切吃、喝、玩、乐。安保设施完善,,配备大型商场——泰富时代广场、时代金街和东方大道餐饮一条街，休闲区有有光公园和体育广场，生活配套齐全，出入便利，银行、医院设施齐全，属于成熟小区，适宜居位。,,,,,,,,,,
94,钟楼邹区灯具城旁，小区前排全天采光，户型好配套齐全,150万,12821,钟楼区邹区,嘉宏MOOC星光城,3室2厅1厨2卫,低楼层 (共29层),117㎡,平层,暂无数据,板塔结合,南,未知结构,毛坯,暂无数据,暂无数据,暂无数据,2024-03-19,商品房,暂无数据,普通住宅,暂无数据,非共有,有抵押 70万元,未上传房本照片,小区最前排，全天采光，总高22层，户型方正,嘉宏开发商，物业费2.2，小区体量不大，住户素质好，环境优美,,,,,满两年免增值税，首套契税1.5%，个税1%。没有其他税费了，看中了几个好谈的,配套齐全，适合喜欢低楼层，但又对采光要求高的。适合在灯具城和凌家塘工作的,,,,,,
95,此房满五唯一，精装拎包住，楼层好，位置好,85万,10072,钟楼区邹区,水岸馨苑,2室2厅1厨1卫,中楼层 (共6层),84.4㎡,暂无数据,暂无数据,板塔结合,南 北,钢混结构,精装,暂无数据,暂无数据,暂无数据,2024-02-14,商品房,暂无数据,普通住宅,暂无数据,共有,无抵押,未上传房本照片,此房满五唯一，精装拎包住，楼层好，位置好，视线采光好,小区比较新，管理比较好，物业费不贵，小区安静，绿化高，环境很好,,,客厅宽敞大方，明亮通透，采光效果好，视野宽阔，使用率高，舒适安静，适宜居住,,买家首套契税：面积＜ 90平米1%，面积≥90平米1.5%；二套契税：面积＜ 90平米1%，面积≥90平米2%；三套契税：3%。个人所得税卖家满五唯一免征。商铺公寓地产3%契税。房屋契税时间不满2年，缴纳5.3%增值税,,,,,,,
96,新小区电梯房采光好'交通便利小区环境优美,110万,9167,钟楼区邹区,邹新东苑,3室2厅1厨2卫,中楼层 (共27层),120㎡,暂无数据,暂无数据,板塔结合,南,钢混结构,毛坯,暂无数据,暂无数据,暂无数据,2023-12-25,商品房,暂无数据,普通住宅,暂无数据,共有,无抵押,未上传房本照片,户型好，朝南舒适，全天采光。房型方正视野好。干湿分离 格局..,小区内多层，高层都带有电梯，方便业主的上、下楼的出入。产品种类多，有别墅，多层，高层，可以满足不同的业主需求。有内外商铺，方便业主生活，满足业主的一切吃、喝、玩、乐。安保设施,,配备大型商场——泰富时代广场、时代金街和东方大道餐饮一条街，休闲区有有光公园和体育广场，生活配套齐全，出入便利，银行、医院设施齐全，属于成熟小区，适宜居,,,,,,,,,,
97,采光无遮挡，低总价，此房户型方正，南北通风，光线良,60万,7500,钟楼区邹区,邹新东苑,2室2厅1厨1卫,高楼层 (共27层),80㎡,暂无数据,暂无数据,板塔结合,南 北,钢混结构,毛坯,两梯四户,有,暂无数据,2023-12-10,商品房,暂无数据,普通住宅,暂无数据,共有,无抵押,未上传房本照片,采光无遮挡，低总价，此房户型方正，南北通风，光线良好，适合居,环境按照规划整理后，环境优美！1. 环境优美：小区安静优雅，绿化较好，带有休闲设施，周末可在小区花园游玩，十分有,3居户型，大客厅，流畅的落地大阳台，全飘窗设计，宽敞舒适，采光优良，全日阳光满满，小区环境优雅，深厚的文化底蕴，方正格局,采光无遮挡，低总价，此房户型方正，南北通风，光线良好，适合居住,,,,,,,,,,
98,嘉宏MOOC星光城 3室2厅 南,185万,15795,钟楼区邹区,嘉宏MOOC星光城,3室2厅1厨2卫,高楼层 (共30层),117.13㎡,暂无数据,暂无数据,板塔结合,南,未知结构,精装,暂无数据,暂无数据,暂无数据,2024-01-17,商品房,暂无数据,普通住宅,暂无数据,共有,有抵押,未上传房本照片,,,,,,,,,,,,,,
99,水岸馨苑   精装  复式楼   价格可谈,92万,10916,钟楼区邹区,水岸馨苑,4室2厅1厨2卫,高楼层 (共6层),84.28㎡,暂无数据,暂无数据,板塔结合,南,钢混结构,精装,暂无数据,暂无数据,暂无数据,2024-02-15,商品房,暂无数据,普通住宅,暂无数据,共有,无抵押,未上传房本照片,此房为业主精装自住房，目前空置，优质户型，全天采光无遮挡,采光无遮挡，低总价，此房户型方正，南北通风，光线良好，适合居住,大客厅，流畅的落地大阳台，全飘窗设计，宽敞舒适，采光优良，全日阳光满满，小区环境优雅，深厚的文化底蕴，方正格,环境按照规划整理后，环境优美！1. 环境优美：小区安静优雅，绿化较好，带有休闲设施，周末可在小区花园游玩，十分有情调,,,"1.契税：首套房，90平米以下成交价的1％，90平米以上成交价的1.5％, 二套房90平以上成交价的2%, 2.增值税：产证满2年免收增值税，未满2年征收5.6％； 3.个税：产证满五年而且是一套住房，免收个税，未满5年成交价的1%",,,,,,,
100,金洲花城，优质户型，全天采光无遮挡，精装修，随时看,78万,11471,钟楼区邹区,金洲花城,2室1厅1厨1卫,中楼层 (共11层),68㎡,暂无数据,暂无数据,板楼,南 北,钢混结构,精装,暂无数据,暂无数据,暂无数据,2024-02-28,商品房,暂无数据,普通住宅,暂无数据,共有,无抵押,未上传房本照片,此房为业主精装自住房，目前自住，全天采光无遮挡，中高楼层,采光无遮挡，低总价，此房户型方正，南北通风，光线良好，适合居住,3居户型，大客厅，流畅的落地大阳台，全飘窗设计，宽敞舒适，采光优良，全日阳光满满，小区环境优雅，深厚的文化底蕴，方正格局,环境按照规划整理后，环境优美！1. 环境优美：小区安静优雅，绿化较好，带有休闲设施，周末可在小区花园游玩，十分有情调,,,,,,,,,,
101,金洲花城 5室2厅 南,248万,12654,钟楼区邹区,金洲花城,5室2厅1厨2卫,高楼层 (共11层),196㎡,暂无数据,暂无数据,板楼,南,钢混结构,其他,暂无数据,暂无数据,暂无数据,2024-03-19,商品房,暂无数据,普通住宅,暂无数据,非共有,暂无数据,未上传房本照片,,,,,,,,,,,,,,
102,金洲花城 3室2厅 南,120万,10629,钟楼区邹区,金洲花城,3室2厅1厨1卫,低楼层 (共11层),112.9㎡,暂无数据,暂无数据,板楼,南,钢混结构,其他,暂无数据,暂无数据,暂无数据,2024-03-04,商品房,暂无数据,普通住宅,暂无数据,非共有,暂无数据,未上传房本照片,,,,,,,,,,,,,,
103,星光城花园，优质户型，中高楼层，全天采光无遮挡,183万,13261,钟楼区邹区,嘉宏MOOC星光城,3室2厅1厨2卫,高楼层 (共30层),138㎡,暂无数据,暂无数据,板塔结合,南 北,未知结构,毛坯,暂无数据,暂无数据,暂无数据,2024-01-11,商品房,暂无数据,普通住宅,暂无数据,共有,有抵押,未上传房本照片,此房为业主住房，全天采光无遮挡，优质户型，中高楼层,采光无遮挡，低总价，此房户型方正，南北通风，光线良好，适合居住,3居户型，大客厅，流畅的落地大阳台，全飘窗设计，宽敞舒适，采光优良，全日阳光满满，小区环境优雅，深厚的文化底蕴，方正格局,环境按照规划整理后，环境优美！1. 环境优美：小区安静优雅，绿化较好，带有休闲设施，周末可在小区花园游玩，十分有情调。,,,,,,,,,,
104,邹区凯旋门公寓 俩室一卫 精装拎包入住,60万,5556,钟楼区邹区,凯旋门大酒店,2室1厅1厨1卫,中楼层 (共24层),108㎡,暂无数据,暂无数据,板塔结合,南 北,钢混结构,精装,暂无数据,暂无数据,暂无数据,2023-12-09,商品房,暂无数据,普通住宅,暂无数据,共有,无抵押,未上传房本照片,户型方正楼层好，视野开阔充足采光，配套设施齐全,小区内多层，高层都带有电梯，方便业主的上、下楼的出入。产品种类多，足不同的业主需求。有内外商铺，方便业主生活，满足业主的一切吃、喝、玩、乐。安保设施完善,,配备大型商场——泰富时代广场、时代金街和东方大道餐饮一条街，休闲区有有光公园和体育广场，生活配套齐全，出入便利，银行、医院设施齐全，属于成熟小区，适宜居位。,,,,,,,,,,
105,樾棠花园 3室2厅 南,158万,13505,钟楼区邹区,樾棠花园,3室2厅1厨2卫,低楼层 (共29层),117㎡,暂无数据,暂无数据,暂无数据,南,未知结构,毛坯,暂无数据,暂无数据,暂无数据,2024-03-19,商品房,暂无数据,普通住宅,暂无数据,共有,有抵押,未上传房本照片,,,,,,,,,,,,,,
106,邹新东苑 2室2厅 南,64万,8000,钟楼区邹区,邹新东苑,2室2厅1厨1卫,低楼层 (共27层),80㎡,暂无数据,暂无数据,板塔结合,南,钢混结构,毛坯,两梯六户,有,暂无数据,2024-03-19,商品房,暂无数据,普通住宅,暂无数据,非共有,无抵押,未上传房本照片,,,,,,,,,,,,,,
107,次新小区配套齐全户型方正格局好全天采光,110万,9167,钟楼区邹区,邹新东苑,3室2厅1厨2卫,高楼层 (共27层),120㎡,暂无数据,暂无数据,板塔结合,南,钢混结构,毛坯,暂无数据,暂无数据,暂无数据,2023-12-08,商品房,暂无数据,普通住宅,暂无数据,共有,无抵押,未上传房本照片,有产证，电梯房，可贷款，价格便宜,小区内多层，高层都带有电梯，方便业主的上、下楼的出入。产品种类多，有别墅，多层，高层，可以满足不同的业主需求。有内外商铺，方便业主生活，满足业主的一切吃、喝、玩、乐。安保设施完善,,配备大型商场——泰富时代广场、时代金街和东方大道餐饮一条街，休闲区有有光公园和体育广场，生活配套齐全，出入便利，银行、医院设施齐全，属于成熟小区，适宜居位,,,,,,,,,,
108,新小区房屋户型端正采光好小区环境优美,64万,8000,钟楼区邹区,邹新东苑,2室2厅1厨1卫,高楼层 (共27层),80㎡,暂无数据,暂无数据,板塔结合,南,钢混结构,毛坯,暂无数据,暂无数据,暂无数据,2023-12-28,商品房,暂无数据,普通住宅,暂无数据,共有,无抵押,未上传房本照片,户型好，朝南舒适，全天采光。房型方正视野好。干湿分离 格局..,小区内多层，高层都带有电梯，方便业主的上、下楼的出入。产品种类多，有别墅，多层，高层，可以满足不同的业主需求。有内外商铺，方便业主生活，满足业主的一切吃、喝、玩、乐。安保设施,,配备大型商场——泰富时代广场、时代金街和东方大道餐饮一条街，休闲区有有光公园和体育广场，生活配套齐全，出入便利，银行、医院设施齐全，属于成熟小区，适宜居,,,,,,,,,,
109,金洲花城，优质户型，南北通风，全天采光无遮挡,102万,11087,钟楼区邹区,金洲花城,2室2厅1厨2卫,中楼层 (共9层),92㎡,平层,暂无数据,板楼,南 北,钢混结构,精装,暂无数据,暂无数据,暂无数据,2024-02-29,商品房,暂无数据,普通住宅,暂无数据,共有,无抵押,未上传房本照片,此房为业主精装自住房，目前自住，优质户型，全天采光无遮挡,采光无遮挡，低总价，此房户型方正，南北通风，光线良好，适合居住,户型，大客厅，流畅的落地大阳台，全飘窗设计，宽敞舒适，采光优良，全日阳光满满，小区环境优雅，深厚的文化底蕴，方正格局,小区安静优雅，绿化较好，带有休闲设施，周末可在小区花园游玩，十分有情调。,,,,,,,,,,
110,金洲花城，南北通风，优质户型，全天采光无遮挡,99万,10761,钟楼区邹区,金洲花城,2室2厅1厨1卫,中楼层 (共11层),92㎡,暂无数据,暂无数据,板楼,南 北,钢混结构,精装,暂无数据,暂无数据,暂无数据,2024-03-06,商品房,暂无数据,普通住宅,暂无数据,共有,有抵押,未上传房本照片,此房为业主精装自住房，目前自住，全天采光无遮挡，优质户型,居户型，大客厅，流畅的落地大阳台，全飘窗设计，宽敞舒适，采光优良，全日阳光满满，小区环境优雅，深厚的文化底蕴，方正格局,采光无遮挡，低总价，此房户型方正，南北通风，光线良好，适合居住,环境按照规划整理后，环境优美！1. 环境优美：小区安静优雅，绿化较好，带有休闲设施，周末可在小区花园游玩，十分有情调,,,,,,,,,,
111,金洲花城，优质户型，全天采光无遮挡，南北通风有钥匙,138万,11220,钟楼区邹区,金洲花城,3室2厅1厨2卫,中楼层 (共17层),123㎡,暂无数据,暂无数据,板楼,南 北,钢混结构,精装,暂无数据,暂无数据,暂无数据,2024-03-16,商品房,2018-01-01,普通住宅,未满两年,共有,无抵押,已上传房本照片,此房为业主精装自住房，目前空置，全天采光无遮挡，有钥匙,采光无遮挡，低总价，此房户型方正，南北通风，光线良好，适合居住,3居户型，大客厅，流畅的落地大阳台，全飘窗设计，宽敞舒适，采光优良，全日阳光满满，小区环境优雅，深厚的文化底蕴，方正,环境按照规划整理后，环境优美！1. 环境优美：小区安静优雅，绿化较好，带有休闲设施，周末可在小区花园游玩，十分有情调,,,,,,,,,,
112,名城嘉苑，联排别墅，精装修，带前后花园，阳光房，露,380万,13014,钟楼区邹区,名城嘉苑,4室2厅1厨2卫,低楼层 (共2层),292㎡,,暂无数据,,南 北,钢混结构,精装,,,暂无数据,2024-03-11,商品房,暂无数据,别墅,暂无数据,共有,无抵押,未上传房本照片,此房为业主精装自住房，目前自住，全天采光无遮挡，随时看,采光无遮挡，低总价，此房户型方正，南北通风，光线良好，适合居住,3居户型，大客厅，流畅的落地大阳台，全飘窗设计，宽敞舒适，采光优良，全日阳光满满，小区环境优雅，深厚的文化底蕴，方正格局,小区安静优雅，绿化较好，带有休闲设施，周末可在小区花园游玩，十分有情调,,,,,,联排,,,,
113,金洲花城 3室2厅 南,138万,10376,钟楼区邹区,金洲花城,3室2厅1厨2卫,低楼层 (共11层),133㎡,暂无数据,暂无数据,板楼,南,钢混结构,精装,两梯两户,有,暂无数据,2024-03-20,商品房,暂无数据,普通住宅,暂无数据,共有,无抵押,未上传房本照片,,,,,,,,,,,,,,
114,邹新东苑 前排位置 120平三室俩卫 有钥匙看房,115万,9584,钟楼区邹区,邹新东苑,3室2厅1厨2卫,低楼层 (共26层),120㎡,暂无数据,暂无数据,板塔结合,南,钢混结构,毛坯,三梯六户,有,暂无数据,2024-03-19,商品房,暂无数据,普通住宅,暂无数据,非共有,无抵押,未上传房本照片,户型方正楼层好，视野开阔充足采光，配套设施齐全，,小区内多层，高层都带有电梯，方便业主的上、下楼的出入。产品种类多，有别墅，多层，高层，可以满足不同的业主需求。有内外商铺，方便业主生活，满足业主的一切吃、喝、玩、乐。安保设施完善,,配备大型商场——泰富时代广场、时代金街和东方大道餐饮一条街，休闲区有有光公园和体育广场，生活配套齐全，出入便利，银行、医院设施齐全，属于成熟小区，适宜居位。,,,,,,,,,,
115,户型方正 采光通透 泰富边上 房东诚心出售,65万,7950,钟楼区邹区,邹新东苑,2室2厅1厨1卫,中楼层 (共27层),81.77㎡,暂无数据,暂无数据,板塔结合,南,钢混结构,毛坯,两梯六户,有,暂无数据,2023-12-25,商品房,暂无数据,普通住宅,暂无数据,共有,无抵押,未上传房本照片,户型好，朝南舒适，全天采光。房型方正视野好。干湿分离 格局..,小区内多层，高层都带有电梯，方便业主的上、下楼的出入。产品种类多，有别墅，多层，高层，可以满足不同的业主需求。有内外商铺，方便业主生活，满足业主的一切吃、喝、玩、乐。安保设施,,配备大型商场——泰富时代广场、时代金街和东方大道餐饮一条街，休闲区有有光公园和体育广场，生活配套齐全，出入便利，银行、医院设施齐全，属于成熟小区，适宜居,,,,,,,,,,
116,金洲花城 3室2厅 南,150万,12196,钟楼区邹区,金洲花城,3室2厅1厨1卫,中楼层 (共17层),123㎡,暂无数据,暂无数据,板楼,南,钢混结构,精装,暂无数据,暂无数据,暂无数据,2024-03-21,商品房,暂无数据,普通住宅,暂无数据,非共有,有抵押 100万元 客户偿还,未上传房本照片,,,,,,,,,,,,,,
117,邹新东苑，低总价，毛坯房，双阳台，房东诚售,61.5万,7593,钟楼区邹区,邹新东苑,2室2厅1厨1卫,高楼层 (共27层),81㎡,暂无数据,暂无数据,塔楼,南,钢混结构,毛坯,两梯四户,有,暂无数据,2024-02-28,商品房,暂无数据,普通住宅,暂无数据,非共有,无抵押,未上传房本照片,此房为业主住宅，目前空置，全天采光无遮挡，中高楼层,环境按照规划整理后，环境优美！1. 环境优美：小区安静优雅，绿化较好，带有休闲设施，周末可在小区花园游玩，十分有情调,2居户型，大客厅，流畅的落地大阳台，全飘窗设计，宽敞舒适，采光优良，全日阳光满满，小区环境优雅，深厚的文化底蕴，方正格局,采光无遮挡，低总价，此房户型方正，南北通风，光线良好，适合居住,,,,,,,,,,
118,泰富新房邹新东苑，房子硬装已经基本弄好，楼栋位置好,108万,9000,钟楼区邹区,邹新东苑,3室2厅1厨2卫,中楼层 (共27层),120㎡,暂无数据,暂无数据,板塔结合,南,钢混结构,简装,两梯六户,有,暂无数据,2024-03-20,商品房,暂无数据,普通住宅,暂无数据,共有,无抵押,未上传房本照片,可以贷款，户型方正，楼层好，视野开阔充足采光好,"小区介绍
小区内多层，高层都带有电梯，方便业主的上、下楼的出入。产品种类多，有别墅，多层，高层，可以满足不同的业主需求。有内外商铺，方便业主生活，满足业主的一切吃、喝、玩、乐。安保设施完善",,配备大型商场——泰富时代广场、时代金街和东方大道餐饮一条街，休闲区有有光公园和体育广场，生活配套齐全，出入便利，银行、医院设施齐全，属于成熟小区，适宜居位。,,,,,,,,,,
119,邹新东苑 2室2厅 南,62万,7750,钟楼区邹区,邹新东苑,2室2厅1厨1卫,中楼层 (共27层),80㎡,暂无数据,暂无数据,板塔结合,南,钢混结构,其他,两梯六户,有,暂无数据,2024-03-20,商品房,暂无数据,普通住宅,暂无数据,非共有,暂无数据,未上传房本照片,,,,,,,,,,,,,,
120,邹新东苑 爆火盘 好楼层 好位置 120平三房俩卫,108万,9000,钟楼区邹区,邹新东苑,3室2厅1厨2卫,低楼层 (共27层),120㎡,暂无数据,暂无数据,板塔结合,南,钢混结构,毛坯,暂无数据,暂无数据,暂无数据,2024-03-21,商品房,暂无数据,普通住宅,暂无数据,共有,无抵押,未上传房本照片,户型方正楼层好，视野开阔充足采光，配套设施齐全，,小区内多层，高层都带有电梯，方便业主的上、下楼的出入。产品种类多，有别墅，多层，高层，可以满足不同的业主需求。有内外商铺，方便业主生活，满足业主的一切吃、喝、玩、乐。安保设施完善,,配备大型商场——泰富时代广场、时代金街和东方大道餐饮一条街，休闲区有有光公园和体育广场，生活配套齐全，出入便利，银行、医院设施齐全，属于成熟小区，适宜居位。,,,,,,,,,,
121,水岸馨苑 楼梯房 俩室一卫 首付低  来看房,88万,10353,钟楼区邹区,水岸馨苑,2室2厅1厨1卫,高楼层 (共6层),85㎡,暂无数据,暂无数据,板塔结合,南,钢混结构,简装,暂无数据,暂无数据,暂无数据,2024-03-19,商品房,暂无数据,普通住宅,暂无数据,非共有,有抵押,未上传房本照片,户型方正楼层好，视野开阔充足采光，配套设施齐全，,小区内多层，高层都带有电梯，方便业主的上、下楼的出入。产品种类多，有别墅，多层，高层，可以满足不同的业主需求。有内外商铺，方便业主生活，满足业主的一切吃、喝、玩、乐。安保设施完善,,配备大型商场——泰富时代广场、时代金街和东方大道餐饮一条街，休闲区有有光公园和体育广场，生活配套齐全，出入便利，银行、医院设施齐全，属于成熟小区，适宜居位。,,,,,,,,,,
122,邹区网红小区，有产证，小区前排全天采光，随时看房,64万,7902,钟楼区邹区,邹新东苑,2室2厅1厨1卫,低楼层 (共26层),81㎡,暂无数据,暂无数据,暂无数据,南,未知结构,毛坯,暂无数据,暂无数据,暂无数据,2024-03-19,商品房,暂无数据,普通住宅,暂无数据,非共有,无抵押,未上传房本照片,房东诚售价好谈，前排无遮挡，有钥匙随时看房，欢迎咨询,,,"推荐理由：
1、 环境优美，物业好， ！
2、 经典户型，采光好， 有房源！
3、 配套设施齐全，成熟社区！",,温馨提示：买房子涉及资金数额巨大，切勿私下交易，本公司全程银行监管，交款拿证同步进行，安全有保障。,,,房东置换，具体价钱可以面谈，欢迎实地看房！目前市场交易量平稳，政策已经基本稳定，是市场触底入手的好时候。请不要错过的好房。,,,,,
123,邹区泰富广场旁，紧靠凌家塘，有产值可贷款，随时看房,106万,8834,钟楼区邹区,邹新东苑,3室2厅1厨2卫,中楼层 (共27层),120㎡,暂无数据,暂无数据,板塔结合,南,钢混结构,毛坯,两梯四户,有,暂无数据,2024-03-19,商品房,暂无数据,普通住宅,暂无数据,共有,无抵押,未上传房本照片,户型方正楼层好，视野开阔充足采光，配套设施齐全,小区总高27层都带有电梯，方便业主的上、下楼的出入。面积有80-120平可以满足不同的业主需求。有内外商铺，方便业主生活，满足业主的一切吃、喝、玩、乐。安保设施完善,,配备大型商场——泰富时代广场、时代金街和东方大道餐饮一条街，休闲区有有光公园和体育广场，生活配套齐全，出入便利，银行、医院设施齐全，属于成熟小区，适宜居位。,,,,,,,,,,
124,邹新东苑 2室2厅 南,58万,7161,钟楼区邹区,邹新东苑,2室2厅1厨2卫,低楼层 (共27层),81㎡,暂无数据,暂无数据,板塔结合,南,钢混结构,毛坯,两梯六户,有,暂无数据,2024-03-19,商品房,暂无数据,普通住宅,暂无数据,共有,无抵押,未上传房本照片,,,,,,,,,,,,,,
125,金洲花城，优质户型，精装修，全天采光无遮挡，随时看,120万,10715,钟楼区邹区,金洲花城,3室2厅1厨1卫,低楼层 (共11层),112㎡,暂无数据,暂无数据,板楼,南 北,钢混结构,精装,暂无数据,暂无数据,暂无数据,2024-02-26,商品房,暂无数据,普通住宅,暂无数据,共有,无抵押,未上传房本照片,此房为业主精装自住房，目前自住，南北通风，全天采光无遮挡,"健康
　　
　　采光无遮挡，低总价，此房户型方正，南北通风，光线良好，适合居住",环境按照规划整理后，环境优美！1. 环境优美：小区安静优雅，绿化较好，带有休闲设施，周末可在小区花园游玩，十分有情调,3居户型，大客厅，流畅的落地大阳台，全飘窗设计，宽敞舒适，采光优良，全日阳光满满，小区环境优雅，深厚的文化底蕴，方正格局,,,,,,,,,,
126,邹新东苑 2室2厅 南,64万,8000,钟楼区邹区,邹新东苑,2室2厅1厨1卫,中楼层 (共27层),80㎡,暂无数据,暂无数据,板塔结合,南,钢混结构,其他,暂无数据,暂无数据,暂无数据,2024-03-19,商品房,暂无数据,普通住宅,暂无数据,非共有,暂无数据,未上传房本照片,,,,,,,,,,,,,,
127,前排无遮挡 邹区星光城 中上楼层 三室俩卫 随时看房,159万,13498,钟楼区邹区,嘉宏MOOC星光城,3室2厅1厨2卫,高楼层 (共30层),117.8㎡,平层,暂无数据,板塔结合,南,未知结构,毛坯,暂无数据,暂无数据,暂无数据,2024-03-19,商品房,暂无数据,普通住宅,暂无数据,共有,无抵押,未上传房本照片,户型方正楼层好，视野开阔充足采光，配套设施齐全，,小区内多层，高层都带有电梯，方便业主的上、下楼的出入。产品种类多，有别墅，多层，高层，可以满足不同的业主需求。有内外商铺，方便业主生活，满足业主的一切吃、喝、玩、乐。安保设施完善,,配备大型商场——泰富时代广场、时代金街和东方大道餐饮一条街，休闲区有有光公园和体育广场，生活配套齐全，出入便利，银行、医院设施齐全，属于成熟小区，适宜居位。,,,,,,,,,,
128,星光城复式楼  得房率高  大双阳台 有钥匙看房,260万,14619,钟楼区邹区,嘉宏MOOC星光城,5室2厅1厨2卫,高楼层 (共29层),177.86㎡,平层,暂无数据,板塔结合,南,未知结构,毛坯,暂无数据,暂无数据,暂无数据,2024-03-19,商品房,暂无数据,普通住宅,暂无数据,共有,有抵押 业主自还,未上传房本照片,户型方正楼层好，视野开阔充足采光，配套设施齐全，,小区内多层，高层都带有电梯，方便业主的上、下楼的出入。产品种类多，有别墅，多层，高层，可以满足不同的业主需求。有内外商铺，方便业主生活，满足业主的一切吃、喝、玩、乐。安保设施完善,,配备大型商场——泰富时代广场、时代金街和东方大道餐饮一条街，休闲区有有光公园和体育广场，生活配套齐全，出入便利，银行、医院设施齐全，属于成熟小区，适宜居位。,,,,,,,,,,
129,邹新东苑，全天采光无遮挡，优质户型，中好楼层,64万,8000,钟楼区邹区,邹新东苑,2室2厅1厨1卫,低楼层 (共27层),80㎡,暂无数据,暂无数据,板塔结合,南 北,钢混结构,毛坯,两梯六户,有,暂无数据,2024-03-06,商品房,暂无数据,普通住宅,暂无数据,共有,无抵押,未上传房本照片,此房为业主毛坯房，目前空置，全天采光无遮挡，优质户型,采光无遮挡，低总价，此房户型方正，南北通风，光线良好，适合居住,居户型，大客厅，流畅的落地大阳台，全飘窗设计，宽敞舒适，采光优良，全日阳光满满，小区环境优雅，深厚的文化底蕴，方正格局,环境按照规划整理后，环境优美！1. 环境优美：小区安静优雅，绿化较好，带有休闲设施，周末可在小区花园游玩，十分有情调。,,,,,,,,,,
130,邹新东苑 3室2厅 南,109万,9084,钟楼区邹区,邹新东苑,3室2厅1厨2卫,低楼层 (共27层),120㎡,暂无数据,暂无数据,板塔结合,南,钢混结构,毛坯,暂无数据,暂无数据,暂无数据,2024-03-19,商品房,暂无数据,普通住宅,暂无数据,非共有,无抵押,未上传房本照片,,,,,,,,,,,,,,
131,爆火小区 邹新东苑 俩室一卫  首付12万,60万,7500,钟楼区邹区,邹新东苑,2室2厅1厨1卫,低楼层 (共27层),80㎡,暂无数据,暂无数据,板塔结合,南,钢混结构,毛坯,两梯六户,有,暂无数据,2024-03-19,商品房,暂无数据,普通住宅,暂无数据,非共有,无抵押,未上传房本照片,户型方正楼层好，视野开阔充足采光，配套设施齐全，,小区内多层，高层都带有电梯，方便业主的上、下楼的出入。产品种类多，有别墅，多层，高层，可以满足不同的业主需求。有内外商铺，方便业主生活，满足业主的一切吃、喝、玩、乐。安保设施完善,,配备大型商场——泰富时代广场、时代金街和东方大道餐饮一条街，休闲区有有光公园和体育广场，生活配套齐全，出入便利，银行、医院设施齐全，属于成熟小区，适宜居位。,,,,,,,,,,
132,邹新东苑 前排位置 嘎嘎好楼层 俩室一卫,68万,8500,钟楼区邹区,邹新东苑,2室2厅1厨1卫,高楼层 (共26层),80㎡,暂无数据,暂无数据,板塔结合,南,钢混结构,毛坯,三梯六户,有,暂无数据,2024-03-19,商品房,暂无数据,普通住宅,暂无数据,共有,无抵押,未上传房本照片,户型方正楼层好，视野开阔充足采光，配套设施齐全，,小区内多层，高层都带有电梯，方便业主的上、下楼的出入。产品种类多，有别墅，多层，高层，可以满足不同的业主需求。有内外商铺，方便业主生活，满足业主的一切吃、喝、玩、乐。安保设施完善,,配备大型商场——泰富时代广场、时代金街和东方大道餐饮一条街，休闲区有有光公园和体育广场，生活配套齐全，出入便利，银行、医院设施齐全，属于成熟小区，适宜居位。,,,,,,,,,,
133,邹区泰富广场、凌家塘旁，双阳台，有证可贷款，楼层好,62万,7655,钟楼区邹区,邹新东苑,2室2厅1厨1卫,低楼层 (共27层),81㎡,暂无数据,暂无数据,暂无数据,南,未知结构,毛坯,暂无数据,暂无数据,暂无数据,2024-03-19,商品房,暂无数据,普通住宅,暂无数据,非共有,无抵押,未上传房本照片,户型方正楼层好，视野开阔充足采光，配套设施齐全,小区总高27层有电梯，方便业主的上、下楼的出入。户型有80-120可以满足不同的业主需求。有内外商铺，方便业主生活，满足业主的一切吃、喝、玩、乐。安保设施完善,,配备大型商场——泰富时代广场、时代金街和东方大道餐饮一条街，休闲区有有光公园和体育广场，生活配套齐全，出入便利，银行、医院设施齐全，属于成熟小区，适宜居位,,,,,,,,,,
134,邹区网红小区，楼层好，独门独户，有钥匙随时可看,63万,7778,钟楼区邹区,邹新东苑,2室2厅1厨1卫,高楼层 (共27层),81㎡,暂无数据,暂无数据,板塔结合,南,钢混结构,毛坯,两梯六户,有,暂无数据,2024-03-19,商品房,暂无数据,普通住宅,暂无数据,非共有,无抵押,未上传房本照片,户型方正楼层好，视野开阔充足采光，配套设施齐全,小区总高27层带有电梯，方便业主的上、下楼的出入。户型上有80-120可以满足不同的业主需求。有内外商铺，方便业主生活，满足业主的一切吃、喝、玩、乐。安保设施完善,,配备大型商场——泰富时代广场、时代金街和东方大道餐饮一条街，休闲区有有光公园和体育广场，生活配套齐全，出入便利，银行、医院设施齐全，属于成熟小区，适宜居位,,,,,,,,,,
135,邹新东苑 2室2厅 南 北,65万,8125,钟楼区邹区,邹新东苑,2室2厅1厨1卫,高楼层 (共27层),80㎡,暂无数据,暂无数据,板塔结合,南 北,钢混结构,毛坯,两梯六户,有,暂无数据,2024-03-16,商品房,2015-01-01,普通住宅,未满两年,共有,无抵押,已上传房本照片,,,,,,,,,,,,,,
136,樾棠花园 3室2厅 南,150万,12821,钟楼区邹区,樾棠花园,3室2厅1厨2卫,高楼层 (共29层),117㎡,暂无数据,暂无数据,暂无数据,南,未知结构,毛坯,暂无数据,暂无数据,暂无数据,2024-03-19,商品房,暂无数据,普通住宅,暂无数据,共有,有抵押,未上传房本照片,,,,,,,,,,,,,,
137,邹新东苑 2室2厅 南,55万,6791,钟楼区邹区,邹新东苑,2室2厅1厨1卫,高楼层 (共27层),81㎡,暂无数据,暂无数据,板塔结合,南,钢混结构,毛坯,两梯六户,有,暂无数据,2024-03-19,商品房,暂无数据,普通住宅,暂无数据,非共有,无抵押,未上传房本照片,,,,,,,,,,,,,,
138,邹新东苑 2室2厅 东 南,65万,8025,钟楼区邹区,邹新东苑,2室2厅1厨1卫,高楼层 (共27层),81㎡,暂无数据,暂无数据,板塔结合,东 南,钢混结构,毛坯,两梯四户,有,暂无数据,2024-03-12,商品房,暂无数据,普通住宅,暂无数据,非共有,无抵押,未上传房本照片,,,,,,,,,,,,,,
139,邹区星光城 好楼层101平三室一卫 价格可议,145万,14357,钟楼区邹区,嘉宏MOOC星光城,3室2厅1厨1卫,高楼层 (共32层),101㎡,平层,暂无数据,板塔结合,南,未知结构,毛坯,暂无数据,暂无数据,暂无数据,2024-03-19,商品房,暂无数据,普通住宅,暂无数据,共有,无抵押,未上传房本照片,户型方正楼层好，视野开阔充足采光，配套设施齐全，,小区内多层，高层都带有电梯，方便业主的上、下楼的出入。产品种类多，有别墅，多层，高层，可以满足不同的业主需求。有内外商铺，方便业主生活，满足业主的一切吃、喝、玩、乐。安保设施完善,,配备大型商场——泰富时代广场、时代金街和东方大道餐饮一条街，休闲区有有光公园和体育广场，生活配套齐全，出入便利，银行、医院设施齐全，属于成熟小区，适宜居位。,,,,,,,,,,
140,邹区灯具城旁，次新小区，大四房中间楼层，随时看房,180万,13044,钟楼区邹区,樾棠花园,4室2厅1厨2卫,中楼层 (共29层),138㎡,暂无数据,暂无数据,暂无数据,南,未知结构,简装,暂无数据,暂无数据,暂无数据,2024-03-19,商品房,暂无数据,普通住宅,暂无数据,共有,有抵押,未上传房本照片,户型方正楼层好，视野开阔充足采光，配套设施齐全。,"小区内高层都带有电梯，方便业主的上、下楼的出入。户型有103,117,138可以满足不同的业主需求。外面有商铺，方便业主生活，满足业主的一切吃、喝、玩、乐。安保设施完善",,配备大型商场——泰富时代广场、时代金街和东方大道餐饮一条街，休闲区有有光公园和体育广场，生活配套齐全，出入便利，银行、医院设施齐全，属于成熟小区，适宜居位。,,,,,,,,,,
141,好楼层 好装修 泰富嘉园 三室俩卫  随时看房,140万,11865,钟楼区邹区,泰富嘉园,3室2厅1厨2卫,中楼层 (共18层),118㎡,暂无数据,暂无数据,板楼,南,钢混结构,精装,暂无数据,暂无数据,暂无数据,2024-03-19,商品房,暂无数据,普通住宅,暂无数据,共有,有抵押 30万元 江南银行 业主自还,未上传房本照片,户型方正楼层好，视野开阔充足采光，配套设施齐全，,小区内多层，高层都带有电梯，方便业主的上、下楼的出入。产品种类多，有别墅，多层，高层，可以满足不同的业主需求。有内外商铺，方便业主生活，满足业主的一切吃、喝、玩、乐。安保设施完善,,配备大型商场——泰富时代广场、时代金街和东方大道餐饮一条街，休闲区有有光公园和体育广场，生活配套齐全，出入便利，银行、医院设施齐全，属于成熟小区，适宜居位。,,,,,,,,,,
142,水岸馨苑 2室2厅 南,102万,12000,钟楼区邹区,水岸馨苑,2室2厅1厨1卫,中楼层 (共6层),85㎡,暂无数据,暂无数据,板塔结合,南,钢混结构,其他,暂无数据,暂无数据,暂无数据,2024-03-14,商品房,暂无数据,普通住宅,暂无数据,非共有,暂无数据,未上传房本照片,,,,,,,,,,,,,,
143,邹新东苑 3室2厅 南,107.8万,8984,钟楼区邹区,邹新东苑,3室2厅1厨2卫,高楼层 (共27层),120㎡,暂无数据,暂无数据,板塔结合,南,钢混结构,毛坯,两梯六户,有,暂无数据,2024-03-19,商品房,暂无数据,普通住宅,暂无数据,共有,无抵押,未上传房本照片,,,,,,,,,,,,,,
144,房东  诚心出售   精装修   采光好,168万,12728,钟楼区邹区,泰富嘉园,3室2厅1厨1卫,低楼层 (共18层),132㎡,暂无数据,暂无数据,板楼,南,钢混结构,精装,暂无数据,暂无数据,暂无数据,2024-03-12,商品房,暂无数据,普通住宅,暂无数据,共有,有抵押 20万元 邮政 业主自还,未上传房本照片,此房为业主精装自住房，目前空置，优质户型，全天采光无遮挡,小区介绍：小区地理位置好 绿化好 居民素质高 配套：有健身器材 小型篮球场 可供小区居民使用 车位：停车位充足 地面人车分流保安：小区内24保安巡逻,小区介绍：采光无遮挡，低总价，此房户型方正，南北通风，光线良好，适合居住,配套：环境按照规划整理后，环境优美！1. 环境优美：小区安静优雅，绿化较好，带有休闲设施，周末可在小区花园游玩，十分有情调,,,"税费解析：1.契税：首套房，90平米以下成交价的1％，90平米以上成交价的1.5％, 二套房90平以上成交价的2%, 2.增值税：产证满2年免收增值税，未满2年征收5.6％； 3.个税：产证满五年而且是一套住房，免收个税，未满5年成交价的1%",适宜人群：小区环境优美，舒适安静，适宜居住，服务有保障。出门即有公交菜场，银行 商场 美食等 人文素养好，乐于助人，相处和谐！配套齐全，公园地铁医院商,,,,,,
145,邹新东苑 2室2厅 南,64万,8000,钟楼区邹区,邹新东苑,2室2厅1厨1卫,低楼层 (共27层),80㎡,暂无数据,暂无数据,板塔结合,南,钢混结构,其他,两梯六户,有,暂无数据,2024-03-19,商品房,暂无数据,普通住宅,暂无数据,非共有,暂无数据,未上传房本照片,,,,,,,,,,,,,,
146,好楼层！好装修！邹区星光城 三室一卫 有密码看房,165万,16209,钟楼区邹区,嘉宏MOOC星光城,3室2厅1厨1卫,中楼层 (共30层),101.8㎡,平层,暂无数据,板塔结合,南,未知结构,精装,暂无数据,暂无数据,暂无数据,2024-03-20,商品房,暂无数据,普通住宅,暂无数据,共有,有抵押 50万元 江南银行。已经预约还款。 业主自还,未上传房本照片,户型方正楼层好，视野开阔充足采光，配套设施齐全，,小区内多层，高层都带有电梯，方便业主的上、下楼的出入。产品种类多，有别墅，多层，高层，可以满足不同的业主需求。有内外商铺，方便业主生活，满足业主的一切吃、喝、玩、乐。安保设施完善,,配备大型商场——泰富时代广场、时代金街和东方大道餐饮一条街，休闲区有有光公园和体育广场，生活配套齐全，出入便利，银行、医院设施齐全，属于成熟小区，适宜居位。,,,,,,,,,,
147,精装房省心咯！ 樾棠花园 三室一卫 中间好楼层,156万,15265,钟楼区邹区,樾棠花园,3室2厅1厨1卫,中楼层 (共29层),102.2㎡,暂无数据,暂无数据,暂无数据,南,未知结构,精装,暂无数据,暂无数据,暂无数据,2024-03-19,商品房,暂无数据,普通住宅,暂无数据,共有,有抵押 60万元 中国银行 客户偿还,未上传房本照片,户型方正楼层好，视野开阔充足采光，配套设施齐全，,小区内多层，高层都带有电梯，方便业主的上、下楼的出入。产品种类多，有别墅，多层，高层，可以满足不同的业主需求。有内外商铺，方便业主生活，满足业主的一切吃、喝、玩、乐。安保设施完善,,配备大型商场——泰富时代广场、时代金街和东方大道餐饮一条街，休闲区有有光公园和体育广场，生活配套齐全，出入便利，银行、医院设施齐全，属于成熟小区，适宜居位。,,,,,,,,,,
