,标题,总价格,单价,地段,小区名,房屋户型,所在楼层,建筑面积,户型结构,套内面积,建筑类型,房屋朝向,建筑结构,装修情况,梯户比例,配备电梯,楼层高度,挂牌时间,交易权属,上次交易,房屋用途,房屋年限,产权所属,抵押信息,房本备件,核心卖点,税费解析,周边配套,交通出行,小区介绍,适宜人群,售房详情,装修描述,户型介绍,别墅类型,权属抵押
0,碧桂园百兴澜庭 通透三房两卫 视野开阔 看房方便,85万,7479,新北区璜土,碧桂园百兴澜庭,3室2厅1厨2卫,高楼层 (共21层),113.66㎡,平层,暂无数据,塔楼,南,砖混结构,毛坯,暂无数据,暂无数据,暂无数据,2023-02-05,商品房,2020-09-12,普通住宅,暂无数据,非共有,无抵押,已上传房本照片,小区新 绿化高 房子南北通风好 楼层好,房为首套房且购买房屋为90㎡及以下，收取契税为：1%。90㎡以上契税收取：1.5%。 二套房90㎡及以下依旧收取：1%，若90㎡以上将收取2%。三套房不论面积大小契税 均按照3%,小区出行方便 交通便利 生活舒适 出小区就有菜场和商场 很有生活气息,生活设施齐全 ，银行 菜场 商场 饮食 公交 地铁 近在咫尺， 生活起居很方便,,,,,,,
1,米兰阳光 95平方 精装修 看上价格好谈,65万,6837,新北区璜土,米兰阳光花苑,3室2厅1厨1卫,高楼层 (共16层),95.08㎡,暂无数据,暂无数据,板楼,南,钢混结构,精装,暂无数据,暂无数据,暂无数据,2023-09-22,商品房,暂无数据,普通住宅,暂无数据,非共有,无抵押,未上传房本照片,小区位置安静 小高层 中上楼层 居住舒适，精装修,存量房需要缴纳个人所得税1%。契税（看买方名下房屋套数决定费率）， 若买方此次购房为首套房且购买房屋为90㎡及以下，收取契税为：1%。90㎡以上契税收取：1.5%。 二套房90㎡及以下依旧收取：1%，若90㎡以上将收取2%。三套房不论面积大小契税..,环境优美，绿化充足，靠黄河路，通过小湖路、常澄路、青阳路、芙蓉大道可快递前往常州及江阴市区，楼下自带大型商店。靠龙虎塘社区，配套齐全,,小区环境好，绿化充足；通过小湖路、常澄路、青阳路、芙蓉大道可快递前往常州及江阴市区，楼下自带大型商店入住率百分之80，24小时安保，绿化比例2.2,,,,,,
2,龙虎塘边龙城福第高层毛坯诚售，有钥匙随时看,85万,8573,新北区璜土,龙城福第,2室2厅1厨1卫,高楼层 (共28层),99.16㎡,平层,暂无数据,板塔结合,南 北,钢混结构,毛坯,两梯五户,有,暂无数据,2021-12-30,商品房,2021-09-24,普通住宅,暂无数据,非共有,有抵押 客户偿还,已上传房本照片,中上楼层，纯毛坯，适合新业主个性化装修，采光充足,,,,,此房位置居中。无噪音，适合各种居住要求，电梯高层，出现方便，配套齐全，买卖繁华，四通八达。,房东居住在常州市里，此房为多余房产，没有户口，变现置换，产权清晰，随时可签，看房方便,纯毛坯，俩房俩厅一卫，飘窗和阳台空间大，自己根据喜好个性化装修，居住更舒心。,,,
3,百兴澜庭 113平方 毛坯 三朝南户型 双阳台,115万,10239,新北区璜土,碧桂园百兴澜庭,3室2厅1厨2卫,低楼层 (共33层),112.32㎡,平层,暂无数据,暂无数据,南,未知结构,毛坯,暂无数据,暂无数据,暂无数据,2022-06-05,商品房,2021-02-04,普通住宅,暂无数据,非共有,有抵押 80万元 建行 客户偿还,已上传房本照片,此房户型方正，楼层好，采光足，配套齐全，价格实惠,"1、契税：首套房，90平米以下成交价的1％，90平米以上成交价的1.5％, 二套房90平以上成交价的2% 2、增值税：产证满2年免收增值税，未满2年征收5.6％； 3、个税：产证满五年而且是一套住房，免收个税，未满5年成交价的1%",,生活设施齐全 银行 菜场 商场 饮食 公交 地铁 近在咫尺 生活起居很方便,,,业主人很友好、热情，诚心出售，成熟小区管理，证件齐全，随时签约，有钥匙看房方便,,,,
4,精装修 位置好 品牌家电 小高层 采光佳 拎包即住,90万,9525,新北区璜土,金美林花园,2室2厅1厨1卫,中楼层 (共11层),94.49㎡,平层,暂无数据,板塔结合,南,钢混结构,精装,暂无数据,暂无数据,暂无数据,2023-05-24,商品房,2017-10-17,普通住宅,暂无数据,非共有,无抵押,已上传房本照片,此房为精装房，交通便利，配套完善,存量房需要缴纳个人所得税1%。契税，若买方此次购 房为首套房且购买房屋为90㎡及以下，收取契税为：1%。90㎡以上契税收取：1.5%。 二套房90㎡及以下依旧收取：1%，若90㎡以上将收取2%。三套及以上为3%。,此小区边上有玲珑菜市场，信特卖场，公交站台，BRT，生活交通便利。,,,此房总价比较低，很适合首付不够，总房价预算低的一家三口或是老人居住。,,,,,
5,恐龙园板块 金美林花园 户型好 精装修 业主诚售随时看,119万,9131,新北区璜土,金美林花园,3室2厅1厨2卫,低楼层 (共14层),130.33㎡,平层,暂无数据,板塔结合,南,钢混结构,精装,暂无数据,暂无数据,暂无数据,2022-02-17,商品房,2020-07-28,普通住宅,暂无数据,非共有,无抵押,已上传房本照片,此房装修好 随时可以入住，看房方便视野采光好,存量房需要缴纳个人所得税1%。契税（看买方名下房屋套数决定费率）， 若买方此次购房为首套房且购买房屋为90㎡及以下，收取契税为：1%。90㎡以上契税收取：1.5%。 二套房90㎡及以下依旧收取：1%，若90㎡以上将收取2%。三套房不论面积大小契税均按照3%收取。,小区生活配套全 环境好 距离环球港2000米 距离恐龙园1500米，距离璜石湖公园1500米左右，坐拥双城生活圈,,,,,,此房精装三房两卫，基本没怎么住过，户型好，空间利用的好，视野开阔，优雅观景卧室，让阳光与清风轻松入户，给诗意生活更添无限情趣；夕阳与晨曦在枕间悄然停落；让阳光筑慵懒小巢卫浴,,
6,碧桂园百兴澜庭 采光充足 交通便利 环境赞,380万,20213,新北区璜土,碧桂园百兴澜庭,6室2厅2厨3卫,低楼层 (共3层),188㎡,,暂无数据,,南,未知结构,毛坯,,,暂无数据,2021-08-16,商品房,暂无数据,别墅,暂无数据,共有,有抵押 业主自还,未上传房本照片,此房为一到三层的联排别墅 别墅前后都带院子,税费解析： 首套房契税是1.5%，二套是2%，三套及以上是3%，如不满两年增加5.3%的增值税。,碧桂园文鑫苑 景区中华恐龙园 环球港 迪诺水镇 奥特莱斯 香树湾别墅群,,,喜欢田园生活，看天外云卷云舒的成功人士 喜欢有格调，具有创作艺术工作的年青人,,,,暂无数据,
7,恐龙园，碧桂园华星世纪学府，文鑫苑简装三房,115万,9939,新北区璜土,文鑫苑,3室2厅1厨1卫,低楼层 (共30层),115.71㎡,平层,暂无数据,平房,南 北,钢混结构,简装,三梯六户,有,暂无数据,2022-11-20,商品房,2020-09-14,普通住宅,暂无数据,共有,有抵押 35万元,已上传房本照片,此房是简装三房。3室2厅1厨1卫.户型好，采光没有影响,存量房需要缴纳个人所得税1%。契税（看买方名下房屋套数决定费率）， 若买方此次购房为首套房且购买房屋为90㎡及以下，收取契税为：1%。90㎡以上契税收取：1.5%。 二套房90㎡及以下依旧收取：1%，若90㎡以上将收取2%。三套房不论面积大小契税均按照3%收取。,碧桂园华星·世纪学府小区，环境优美，绿化充足；：自驾：通过小湖路、常澄路、青阳路、芙蓉大道可快递前往常州及江阴市区，楼下自带大型商店,,此小区为新小区，小区环境好，入住率百分之80，24小时安保，绿化比例2.2，适宜居住。,,,,,,
8,碧桂园华星世纪学府、文鑫苑，全新毛坯三房两厅一卫,82万,8417,新北区璜土,文鑫苑,3室2厅1厨1卫,中楼层 (共30层),97.43㎡,平层,暂无数据,塔楼,南,框架结构,毛坯,暂无数据,暂无数据,暂无数据,2022-06-20,商品房,2020-04-23,普通住宅,暂无数据,非共有,无抵押,已上传房本照片,新小区，位置好，楼层好，采光充足，视野开阔,存量房需要缴纳个人所得税1%。契税（看买方名下房屋套数决定费率）， 若买方此次购房为首套房且购买房屋为90㎡及以下，收取契税为：1%。90㎡以上契税收取：1.5%。 二套房90㎡及以下依旧收取：1%，若90㎡以上将收取2%。三套房不论面积大小契税均按照3%收取。,碧桂园华星·世纪学府小区，环境优美，绿化充足；：自驾：通过小湖路、常澄路、青阳路、芙蓉大道可快递前往常州及江阴市区，楼下自带大型商店,,小区环境好入住率百分之80，24小时安保，绿化比例2.2..,,,,此房是三开间朝南，毛坯房，装修设计自由，户型好，采光很好，3室2厅1厨1卫，视野开阔,,
9,江阴产权，享受常州的配套，精装自己住三房，诚意出售,95万,8247,新北区璜土,金美林花园,3室2厅1厨1卫,低楼层 (共11层),115.2㎡,平层,暂无数据,暂无数据,南,未知结构,精装,暂无数据,暂无数据,暂无数据,2022-05-30,商品房,2019-09-17,普通住宅,暂无数据,共有,有抵押 50万元,已上传房本照片,此房是江阴产权，但是享受常州的周 边配套 低密度小区诚意出售,1，契税：90平方以下首套和二套房税率为1%；90平方以上首套房税率为1.5%，二套房税率为2%。三套以上房屋，税率都为3%。 2，税：产证满2年免征。 3，个税：产证满5年，且房东名下只有这套房可以免征。其他情况征收全额的1%,,,,,业主自己在常州上班 小孩要读书 所以要换常州的房子 所以诚意出售的,,房子是两房朝南的户型 一房朝北的  厅是朝北的户型 现在房子是自己住的  装修很好  现在房东诚意出售的 看房提前约,,
10,碧桂园百兴澜庭，毛坯三室，含车位,125万,9669,新北区璜土,碧桂园百兴澜庭,3室2厅1厨2卫,高楼层 (共30层),129.28㎡,平层,暂无数据,板楼,南,钢混结构,毛坯,暂无数据,暂无数据,暂无数据,2022-03-08,商品房,2020-05-15,普通住宅,暂无数据,非共有,无抵押,已上传房本照片,百兴澜庭次新小区，纯毛坯，三室两厅两卫，前后无遮挡，有车位,首套房90平及以下1%，90平以上1.5%，二套房90平及以下1%，90平以上2%，三套房不论面积都是3%,碧桂园文鑫苑 景区中华恐龙园 环球港 迪诺水镇 奥特莱斯 香树湾别墅群,,,,,,,,此房产权清晰，房源真实，业主诚心出售，看房方便，过户全程陪同
11,双拼别墅，视野好，前后无遮挡，采光佳,1280万,33702,新北区璜土,龙城福第,7室4厅2厨5卫,低楼层 (共3层),379.8㎡,,暂无数据,,东南 西南,未知结构,精装,,,暂无数据,2021-06-21,商品房,暂无数据,别墅,暂无数据,共有,无抵押,未上传房本照片,采光佳，交通便利，视野广阔.................................,,,公交便利，近恐龙园，环球港一步之遥................,小区封闭式管理，环境安静舒适，宜居，绿化佳..........,,,精装，拎包入住......................................,,暂无数据,
12,恐龙园的大院子别墅 好几套呢 欢迎咨询,720万,19566,新北区璜土,富琛苑,6室2厅1厨3卫,低楼层 (共3层),368㎡,,暂无数据,,南,未知结构,毛坯,,,暂无数据,2021-11-18,商品房,暂无数据,别墅,暂无数据,共有,无抵押,未上传房本照片,毛坯，大院子，得房率高，优价 采光充足,存量房需要缴纳个人所得税1%。契税（看买方名下房屋套数决定费率）， 若买方此次购房为首套房且购买房屋为90㎡及以下，收取契税为：1%。90㎡以上契税收取：1.5%。 二套房90㎡及以下依旧收取：1%，若90㎡以上将收取2%。三套房不论面积大小契税均按照3%,,,,布局合理，无浪费面积，小区安静舒适，环境优，恐龙园近 小区环境很好，居住人群素质较高，邻里关系很和睦，生活起来很舒服。,业主改善 随时看房 诚心出售 随时都可以 签约 配套齐全，生活出行很方便，小区安全性能高！,,,暂无数据,
13,精装修 楼层好  采光佳 拎包即住 随时看房,118万,10566,新北区璜土,金美林花园,3室2厅1厨2卫,高楼层 (共11层),111.68㎡,平层,暂无数据,板塔结合,南,钢混结构,精装,暂无数据,暂无数据,暂无数据,2023-07-02,商品房,2018-07-19,普通住宅,暂无数据,共有,无抵押,已上传房本照片,此房为精装房，交通便利，配套完善,存量房需要缴纳个人所得税1%。契税，若买方此次购 房为首套房且购买房屋为90㎡及以下，收取契税为：1%。90㎡以上契税收取：1.5%。 二套房90㎡及以下依旧收取：1%，若90㎡以上将收取2%。三套及以上为3%。,此小区边上有玲珑菜市场，信特卖场，公交站台，BRT，生活交通便利。,,,此房总价比较低，很适合首付不够，总房价预算低的一家三口或是老人居住。,,,,,
14,金美林花园 小高层  115.2平方精装 110万,113万,9810,新北区璜土,金美林花园,3室2厅1厨2卫,中楼层 (共11层),115.2㎡,平层,暂无数据,暂无数据,南,未知结构,精装,暂无数据,暂无数据,暂无数据,2022-08-19,商品房,2017-06-23,普通住宅,暂无数据,共有,无抵押,已上传房本照片,金美林小区对边是祥龙公园，距恐龙园五级景点一根烟的时,存量房需要缴纳个人所得税1%。契税（看买方名下房屋套数决定费率）， 若买方此次购房为首套房且购买房屋为90㎡及以下，收取契税为：1%。90㎡以上契税收取：1.5%。 二套房90㎡及以下依旧收取：1%，若90㎡以上将收取2%。三套房不论面积大小契税均按照3%收取。,区下面就是商场、酒店、健身馆、游乐场、大型综合商场等生活配套齐全。,,,,,,此房户型好，户型好，视野开阔，采光好，两房朝南、客厅都朝北，阳光充,,
15,恐龙园旁，金美林花园，精装3房2卫，拎包入住,100万,8720,新北区璜土,金美林花园,3室2厅1厨2卫,中楼层 (共11层),114.68㎡,平层,暂无数据,板塔结合,南 北,钢混结构,精装,暂无数据,暂无数据,暂无数据,2022-06-26,商品房,2017-11-07,普通住宅,暂无数据,非共有,有抵押 20万元 客户偿还,已上传房本照片,恐龙园旁，金美林花园，精装3房2卫，中间楼层，拎包入住,存量房需要缴纳个人所得税1%。契税（看买方名下房屋套数决定费率）， 若买方此次购房为首套房且购买房屋为90㎡及以下，契税为：1%。90㎡以上契税：1.5%。 二套房90㎡及以下依旧：1%，若90㎡以上将2%。三套房不论面积大小契税均按照3%,小区生活配套全 环境好 距离环球港2000米 距离恐龙园1500米，距离璜石湖公园1500米左右，坐拥双城生活圈,,,,,,此房精装3房2卫，户型好，空间利用的好，视野开阔，优雅观景卧室，让阳光与清风轻松入户，给诗意生活更添无限情趣；夕阳与晨曦在枕间悄然停落；让阳光筑慵懒小巢卫浴,,
16,房东自主精装房全屋zhongyang空调采光无遮挡拎包入住,92万,9485,新北区璜土,碧桂园百兴澜庭,3室1厅1厨1卫,低楼层 (共33层),97㎡,平层,暂无数据,板楼,南,钢混结构,精装,两梯四户,有,暂无数据,2023-08-23,商品房,2018-05-29,普通住宅,暂无数据,共有,有抵押 40万元 建行 业主自还,已上传房本照片,此房精装 自己装修 ，视野开阔，采光充足,首套房90平及以下1%，90平以上1.5%，二套房90平及以下1%，90平以上2%，三套房不论面积都是3%,,,优雅观景卧室，让阳光与清风轻松入户，给诗意生活更添无限情趣；夕阳与晨曦在枕间悄然停落；让阳光筑慵懒小巢卫浴。,,,,户型方正，三室两厅，双阳台，2梯4户，边上别墅，没有遮挡，随时可以看房,,
17,文鑫苑经典小三房，视野开阔采光佳，房东诚意出售,88.8万,9155,新北区璜土,文鑫苑,3室2厅1厨1卫,低楼层 (共34层),97㎡,平层,暂无数据,板楼,南,砖混结构,毛坯,两梯四户,有,暂无数据,2022-01-15,商品房,暂无数据,普通住宅,暂无数据,非共有,有抵押,未上传房本照片,楼层好，总价低，配套齐全，看房方便,"1、契税：首套房，90平米以下成交价的1％，90平米以上成交价的1.5％, 二套房90平以上成交价的2% 2、增值税：产证满2年免收增值税，未满2年征收5.6％； 3、个税：产证满五年而且是一套住房，免收个税，未满5年成交价的1%",,生活设施齐全  菜场 商场 饮食 公交 近在咫尺 生活起居很方便,,,业主人很友好，置换诚心出售，成熟小区管理，证件齐全，随时签约,,,,
18,金美林花园，恐龙园板块，配套完善,78万,8074,新北区璜土,金美林花园,2室2厅1厨1卫,中楼层 (共11层),96.61㎡,平层,暂无数据,板塔结合,南,钢混结构,毛坯,暂无数据,暂无数据,暂无数据,2022-03-01,商品房,暂无数据,普通住宅,暂无数据,共有,有抵押,未上传房本照片,南北通格局，楼层好，视野宽阔，采光充足,"房为首套房且购买房屋为90㎡及以下，收取契税为：1%。90㎡以上契税收取：1.5%。
二套房90㎡及以下依旧收取：1%，若90㎡以上将收取2%。三套房不论面积大小契税
均按照3%收取。存量房需要缴纳个人所得税1%。契税（看买方名下房屋套数决定费率），若买方此次购",,,,"发现生活温度，适合刚需、改善、婚房等需求，便拎包入住。即买即享受。
论一位经纪人的自我修养，此房源值得推荐。",房东置换大房故此需要将此房出售，看房都方便提前联系，诚心出售。,,,,
19,交通方便 房东诚心卖看房子方便,110万,8462,新北区璜土,碧桂园百兴澜庭,3室2厅1厨2卫,低楼层 (共33层),130㎡,平层,暂无数据,板楼,南,钢混结构,毛坯,两梯四户,有,暂无数据,2022-11-01,商品房,暂无数据,普通住宅,暂无数据,共有,有抵押 20万元,未上传房本照片,此房位置好，楼层好，视野开阔，采光充足，交通便.,"首套房90平米以下成交价的1%,90平米以上成交价的1.5%,二套房90 平以下1%,以上2%,三套房不论大小均为3%;增值税分析:产证满2年免收增值 税,未满2年征收5.3%;个税:产证满五年而且是唯套住房,免收个税,未满5 年成交价的1%",,出行方便， 小区门口就是、公交站，到常州高铁 方便 靠着恐龙园,小区环境好，物业管理好，安全配套齐全 小区绿化好，绿树成荫，鸟语花香 小区生活配套齐全,,,,,,
20,百兴澜庭洋房，户型方正，三室两厅两卫，看房方便,98万,9899,新北区璜土,碧桂园百兴澜庭,3室2厅1厨2卫,低楼层 (共7层),99㎡,平层,暂无数据,暂无数据,南,未知结构,毛坯,暂无数据,暂无数据,暂无数据,2022-07-20,商品房,暂无数据,普通住宅,暂无数据,非共有,无抵押,未上传房本照片,碧桂园百兴澜庭，三室两厅两卫，户型方正，中间好楼层，随看,首套房90平及以下1%，90平以上1.5%，二套房90平及以下1%，90平以上2%，三套房不论面积都是3%,,生活设施齐全 银行 菜场 商场 饮食 公交 地铁 近在咫尺 生活起居很方便,优雅观景卧室，让阳光与清风轻松入户，给诗意生活更添无限情趣；夕阳与晨曦在枕间悄然停落；让阳光筑慵懒小巢卫浴。,,,,户型方正，三室两厅两卫，双阳台，一梯两户，边上别墅，没有遮挡，随时可以看房,,
21,小区环境优雅，配套成熟，交通便利，居住舒适。,80万,8265,新北区璜土,龙城福第,2室2厅1厨1卫,中楼层 (共18层),96.8㎡,平层,暂无数据,板塔结合,南,钢混结构,精装,暂无数据,暂无数据,暂无数据,2023-11-06,商品房,暂无数据,普通住宅,暂无数据,非共有,有抵押,未上传房本照片,小区环境优雅，配套成熟，交通便利，居住舒适。,存量房需要缴纳个人所得税1%。契税（看买方名下房屋套数决定费率），若买方此次购 房为首套房且购买房屋为90㎡及以下，收取契税为：1%。90㎡以上契税收取：1.5%。 二套房90㎡及以下依旧收取：1%，若90㎡以上将收取2%。三套房不论面积大小契税 均按照3%..,生活设施齐 ，农贸菜场 商场 饮食近在咫尺 生活起居很方便。,,,,业主人非 常友好、热情，很有诚意出售。欢迎看房，随时恭候户型棒，成熟小区管理。,,,,
22,文鑫苑 4室2厅 南 北,165万,11786,新北区璜土,文鑫苑,4室2厅1厨2卫,中楼层 (共9层),140㎡,平层,暂无数据,暂无数据,南 北,未知结构,毛坯,暂无数据,暂无数据,暂无数据,2021-12-03,商品房,暂无数据,普通住宅,暂无数据,共有,无抵押,未上传房本照片,,,,,,,,,,,
23,豪 华装修、类独栋大别墅、诚信出售,950万,25607,新北区璜土,龙城福第,5室3厅1厨4卫,低楼层 (共3层),371㎡,,暂无数据,,南 北,未知结构,毛坯,,,暂无数据,2021-12-07,商品房,暂无数据,别墅,暂无数据,共有,无抵押,未上传房本照片,明户型，南北通空间，惬意悠享假日生活；方正通透,存量房需要缴纳个人所得税1%。契税（看买方名下房屋套数决定费率）， 若买方此次购房为首套房且购买房屋为90㎡及以下，收取契税为：1%。90㎡以上契税收取：1.5%。 二套房90㎡及以下依旧收取：1%，若90㎡以上将收取2%。三套房不论面积大小契税均按照3%收取。,,,,,亲和力爆棚的业主，诚心置换故此出售，夹杂五味杂陈的个人情感。忍痛挂牌，业主家庭和睦，等待有缘人接盘，我是贝壳找房德佑地产凤凰名城店经纪人，房屋买卖交易问题可以随时致电垂询。竭诚为您服务,,优雅观景卧室，让阳光与清风轻松入户，给诗意生活更添无限情趣；夕阳与晨曦在枕间悄然停落；让阳光筑慵懒小巢卫浴。,暂无数据,
24,龙城福第 5室3厅 南,1080万,21600,新北区璜土,龙城福第,5室3厅1厨3卫,低楼层 (共2层),500㎡,,暂无数据,,南,未知结构,精装,,,暂无数据,2021-08-27,商品房,暂无数据,别墅,暂无数据,共有,无抵押,未上传房本照片,,,,,,,,,,暂无数据,
25,房东诚心售房，交通方便   市场在玲珑菜市场。,599万,19640,新北区璜土,龙城福第,4室2厅1厨2卫,低楼层 (共3层),305㎡,,暂无数据,,南,未知结构,毛坯,,,暂无数据,2021-10-09,商品房,暂无数据,别墅,暂无数据,非共有,无抵押,未上传房本照片,恐龙园板块别墅产品，小区环境，房东诚心售房。,首套房90平及以下1%，90平以上1.5%，二套房90平及以下1%，90平以上2%，三套房不论面积都是3%,,,小区环境优美、干净整洁，绿化面积覆盖高，内有健身器材和娱乐广场，物业服务态度好。小区地理位置优越，交通方便，生活便利,房子是别墅产品，适合喜欢有天有地人群，有院子，可以种花草，养养鱼,,房子目前是毛坯的，房东阳光房已做好，土建已做好，使用面积有600多平。,,暂无数据,
26,富琛苑 房东诚心出售 交通便利,660万,17935,新北区璜土,富琛苑,7室2厅1厨5卫,低楼层 (共3层),368㎡,,暂无数据,,南,未知结构,毛坯,,,暂无数据,2021-10-29,商品房,暂无数据,别墅,暂无数据,非共有,无抵押,未上传房本照片,布局合理，无浪费面积，小区安静舒适，环境优,存量房需要缴纳个人所得税1%。契税（看买方名下房屋套数决定费率）， 若买方此次购房为首套房且购买房屋为90㎡及以下，收取契税为：1%。90㎡以上契税收取：1.5%。 二套房90㎡及以下依旧收取：1%，若90㎡以上将收取2%。三套房不论面积大小契税均按照3%,有健身器材，小型篮球场，可供小区居民使用 车位：停车位充足，建有地上停车场和地下车库 保安：小区内24小时保安巡逻,交通方便，公交一应俱全，出行很是方便，不用担心出行，为以后的购物生活打下了基础,,,,,,暂无数据,
27,江阴产权，精装修，房东诚心出售！,75万,10107,新北区璜土,金美林花园,2室2厅1厨1卫,低楼层 (共16层),74.21㎡,平层,暂无数据,板塔结合,南,钢混结构,简装,两梯四户,有,暂无数据,2022-06-15,商品房,2017-08-17,普通住宅,暂无数据,非共有,有抵押,已上传房本照片,此房为精装房，交通便利，配套完善,存量房需要缴纳个人所得税1%。契税，若买方此次购 房为首套房且购买房屋为90㎡及以下，收取契税为：1%。90㎡以上契税收取：1.5%。 二套房90㎡及以下依旧收取：1%，若90㎡以上将收取2%。三套及以上为3%。,此小区边上有玲珑菜市场，信特卖场，公交站台，BRT，生活交通便利。,,,此房总价比较低，很适合首付不够，总房价预算低的一家三口或是老人居住。,,,,,
28,文鑫苑小三房，户型方正，视野采光好,100万,10336,新北区璜土,文鑫苑,3室2厅1厨1卫,高楼层 (共34层),96.75㎡,平层,暂无数据,暂无数据,南,未知结构,毛坯,暂无数据,暂无数据,暂无数据,2022-07-11,商品房,2020-07-24,普通住宅,暂无数据,非共有,无抵押,已上传房本照片,新小区，位置好，楼层好，采光充足，视野开阔,,碧桂园华星·世纪学府小区，环境优美，绿化充足；：自驾：通过小湖路、常澄路、青阳路、芙蓉大道可快递前往常州及江阴市区，楼下自带大型商店,,小区环境好入住率百分之80，24小时安保，绿化比例2.2.整体干净整洁，适合居住,,,,,,"此房产权清晰,房源真实,业主诚心出售,看房方便,过户全程陪同"
29,：户型周正，格局分布合理，空间感好，通透性强,82万,9964,新北区璜土,龙城福第,2室1厅1厨1卫,高楼层 (共33层),82.3㎡,平层,暂无数据,板塔结合,南,钢混结构,精装,两梯四户,有,暂无数据,2023-10-12,商品房,2021-07-09,普通住宅,暂无数据,非共有,有抵押,已上传房本照片,户型周正，格局分布合理，空间感好，通透性强，居住舒适,"契税：首套房，90平米以下成交价的1％，90平米以上成交价的1.5％, 二套房90平以上成交价的2% 2、增值税：产证满2年免收增值税，未满2年征收5.6％； 3、个税：产证满五年而且是一套住房，免收个税，未满5年成交价的1%",生活设施齐全 银行 菜场 商场 饮食 公交 地铁 近在咫尺 生活起居很方便,,小区环境好，物业管理好，安全配套齐全 小区绿化好，绿树成荫，鸟语花香,,,,,,
30,龙城花园 户型周正通透性强居住舒适,95万,8755,新北区璜土,龙城福第,3室2厅1厨1卫,中楼层 (共24层),108.52㎡,平层,暂无数据,暂无数据,南,未知结构,精装,暂无数据,暂无数据,暂无数据,2023-10-16,商品房,2012-11-06,普通住宅,暂无数据,非共有,无抵押,已上传房本照片,户型周正，格局分布合理，空间感好，通透性强，居住舒适,"契税：首套房，90平米以下成交价的1％，90平米以上成交价的1.5％, 二套房90平以上成交价的2% 2、增值税：产证满2年免收增值税，未满2年征收5.6％； 3、个税：产证满五年而且是一套住房，免收个税，未满5年成交价的1%",生活设施齐全 银行 菜场 商场 饮食 公交 地铁 近在咫尺 生活起居很方便,,小区环境好，物业管理好，安全配套齐全 小区绿化好，绿树成荫，鸟语花香,,,,,,
31,碧桂园华星世纪学府、文鑫苑，全新毛坯三房两厅一卫,80万,8212,新北区璜土,文鑫苑,3室2厅1厨1卫,高楼层 (共30层),97.43㎡,平层,暂无数据,塔楼,南,框架结构,毛坯,暂无数据,暂无数据,暂无数据,2022-06-20,商品房,2020-04-23,普通住宅,满两年,非共有,无抵押,已上传房本照片,新小区，位置好，楼层好，采光充足，视野开阔,存量房需要缴纳个人所得税1%。契税（看买方名下房屋套数决定费率）， 若买方此次购房为首套房且购买房屋为90㎡及以下，收取契税为：1%。90㎡以上契税收取：1.5%。 二套房90㎡及以下依旧收取：1%，若90㎡以上将收取2%。三套房不论面积大小契税均按照3%收取。,碧桂园华星·世纪学府小区，环境优美，绿化充足；：自驾：通过小湖路、常澄路、青阳路、芙蓉大道可快递前往常州及江阴市区，楼下自带大型商店,,小区环境好入住率百分之80，24小时安保，绿化比例2.2..,,,,此房是三开间朝南，毛坯房，装修设计自由，户型好，采光很好，3室2厅1厨1卫，视野开阔,,
32,龙城福第 92平方 精装修 出租中 ，看付提前预约,92.8万,10000,新北区璜土,龙城福第,2室2厅1厨1卫,高楼层 (共18层),92.71㎡,平层,暂无数据,暂无数据,南,未知结构,精装,暂无数据,暂无数据,暂无数据,2022-08-22,商品房,2013-03-13,普通住宅,暂无数据,共有,无抵押,已上传房本照片,龙城福第，精装修，两室两厅一卫，楼层好，采光佳，交通便利,存量房需要缴纳个人所得税1%。契税（看买方名下房屋套数决定费率）， 若买方此次购房为首套房且购买房屋为90㎡及以下，契税为：1%。90㎡以上契税：1.5%。 二套房90㎡及以下依旧：1%，若90㎡以上将2%。三套房不论面积大小契税均按照3%,近有五洲国际商场，春潮购物广场，小湖市场，基本的生活设施都有。,,小区龙城福第，属于江阴产权，和常州一路之隔，地理位置优越，交通便利,,,,,,
33,龙城福第精装大两房  回老家急售随时看房家具家电全留,88万,9084,新北区璜土,龙城福第,2室2厅1厨1卫,低楼层 (共18层),96.88㎡,平层,77.7㎡,板塔结合,南,钢混结构,精装,暂无数据,暂无数据,暂无数据,2023-08-11,商品房,2017-09-20,普通住宅,暂无数据,非共有,有抵押 22万元 中国建设银行,已上传房本照片,"卖点：
江阴产权，看房方便，诚心出售，交通便利。",存量房需要缴纳个人所得税1%。契税（看买方名下房屋套数决定费率）， 若买方此次购房为首套房且购买房屋为90㎡及以下，收取契税为：1%。90㎡以上契税收取：1.5%。 二套房90㎡及以下依旧收取：1%，若90㎡以上将收取2%。三套房不论面积大小契税均.3,"配套：
出小区就是五洲商场、连锁酒店、健身馆、游泳馆、小湖综合菜市场水产市场",,小区位置好，邻近别墅区，人文素质高，物业管理好，安全设施齐全,,,,,,
34,此房精装 自己装修 ，视野开阔，采光充足,95万,9959,新北区璜土,碧桂园百兴澜庭,2室2厅1厨1卫,高楼层 (共21层),95.4㎡,平层,暂无数据,塔楼,南,砖混结构,精装,暂无数据,暂无数据,暂无数据,2023-09-23,商品房,2020-11-24,普通住宅,暂无数据,共有,有抵押,已上传房本照片,此房精装 自己装修 ，视野开阔，采光充足,首套房90平及以下1%，90平以上1.5%，二套房90平及以下1%，90平以上2%，三套房不论面积都是3%,,,优雅观景卧室，让阳光与清风轻松入户，给诗意生活更添无限情趣；夕阳与晨曦在枕间悄然停落；让阳光筑慵懒小巢卫浴。,,,,户型方正，三室两厅，双阳台，2梯4户，边上别墅，没有遮挡，随时可以看房,,
35,此房一梯两户，得房率高，视野宽阔，采光充足,88万,9119,新北区璜土,金美林花园,3室2厅1厨1卫,中楼层 (共11层),96.51㎡,平层,暂无数据,板塔结合,南,钢混结构,精装,暂无数据,暂无数据,暂无数据,2023-06-29,商品房,2021-03-22,普通住宅,暂无数据,共有,无抵押,已上传房本照片,此房一梯两户，得房率高，视野宽阔，采光充足，地段好,"契税：首套房，90平米以下成交价的1％，90平米以上成交价的1.5％, 二套房90平以上成交价的2% 2、增值税：产证满2年免收增值税，未满2年征收5.6％； 3、个税：产证满五年而且是一套住房，免收个税，未满5年成交价的1%",生活设施齐全 银行 菜场 商场 饮食 公交 地铁 近在咫尺 生活起居很方便,,小区环境好，物业管理好，安全配套齐全 小区绿化好，绿树成荫，鸟语花香,,,,,,
36,龙城小区 家装两房  好楼层 采光刺眼 随时看房,78万,9398,新北区璜土,龙城福第,2室1厅1厨1卫,高楼层 (共33层),83㎡,平层,暂无数据,板塔结合,南,钢混结构,精装,暂无数据,暂无数据,暂无数据,2021-11-20,商品房,暂无数据,普通住宅,暂无数据,共有,无抵押,未上传房本照片,此房户型好，三朝南，精装修，采光充足，交通便利,"1、契税：首套房，90平米以下成交价的1％，90平米以上成交价的1.5％, 二套房90平以上成交价的2% 2、增值税：产证满2年免收增值税，未满2年征收5.6％； 3、个税：产证满五年而且是一套住房，免收个税，未满5年成交价的1%",,生活设施齐全 银行 菜场 商场 饮食 公交 地铁 近在咫尺 生活起居很方便,,,业主人很友好、热情，诚心出售，成熟小区管理，证件齐全，随时签约，看房方便,,,,
37,新小区绿化好 三朝南纯毛坯 楼层好全天采光,108万,9320,新北区璜土,文鑫苑,3室2厅1厨2卫,中楼层 (共34层),115.88㎡,平层,暂无数据,暂无数据,南,未知结构,毛坯,暂无数据,暂无数据,暂无数据,2022-02-21,商品房,暂无数据,普通住宅,暂无数据,共有,无抵押,未上传房本照片,新小区绿化好，三朝南纯毛坯，楼层好全天采光,"1、契税：首套房，90平米以下成交价的1％，90平米以上成交价的1.5％, 二套房90平以上成交价的2% 2、增值税：产证满2年免收增值税，未满2年征收5.6％； 3、个税：产证满五年而且是一套住房，免收个税，未满5年成交价的1%",生活设施齐全 银行 菜场 商场 饮食 公交 地铁 近在咫尺 生活起居很方便,,,,业主人很友好、热情，诚心出售，成熟小区管理，证件齐全，随时签约，看房方便,,,,
38,房东诚售 有钥匙 随时看房 优质好房,95万,9503,新北区璜土,金美林花园,3室1厅1厨1卫,高楼层 (共10层),99.97㎡,平层,暂无数据,板楼,南,钢混结构,精装,暂无数据,暂无数据,暂无数据,2021-06-02,商品房,暂无数据,普通住宅,暂无数据,共有,无抵押,未上传房本照片,此房满两年，优质房 比高，房好业主人更好，诚心出售,，契税：90平方以下首套和二套房税率为1%；90平方以上首套房税率为1.5%，二套房税率为2%。三套以上房屋，税率都为3%。 2，税：产证满2年免征。 3，个税：产证满5年，且房东名下只有这套房可以免征。其他情况征收全额的1%,小区配套齐全，距离北站一公里车程，距离环球港1000米，距离恐龙园一里路车程,,有健身器材，小型篮球场，可供小区居民使用 车位：停车位充足，建有地上停车场和地下车库,,,,,,
39,九洲花园旁，出行便利、、、、、、、,112万,10000,新北区璜土,金美林花园,3室2厅1厨1卫,低楼层 (共11层),112㎡,平层,暂无数据,板塔结合,南 北,钢混结构,精装,暂无数据,暂无数据,暂无数据,2020-12-08,商品房,暂无数据,普通住宅,暂无数据,共有,无抵押,未上传房本照片,南北通透格局、楼层好、视野宽阔、采光充足、、、、、、、，..,,近恐龙园 *市 公交站 交通便利出行方便。。。。。。。。。。。,,配套：有健身器材，小型篮球场，可供小区居民使用 车位：停车位充足，建有地上停车场和地下车库,来常就业和江阴工作的刚需客户不需要常州上学的可以买价格低、、、、、、,国家一级资质房屋评估专业法律团队风险防范房屋交易资金银行第三方安全保证主动接受政府部门监督阳光操做,,,,
40,恐龙园，碧桂园华星世纪学府，文鑫苑毛坯三房,95万,8261,新北区璜土,文鑫苑,3室2厅1厨2卫,低楼层 (共30层),115㎡,平层,暂无数据,塔楼,南,框架结构,毛坯,暂无数据,暂无数据,暂无数据,2021-12-16,商品房,暂无数据,普通住宅,暂无数据,非共有,无抵押,未上传房本照片,此房是毛坯三房。3室2厅1厨2卫.户型好，采光没有问题,存量房需要缴纳个人所得税1%。契税（看买方名下房屋套数决定费率）， 若买方此次购房为首套房且购买房屋为90㎡及以下，收取契税为：1%。90㎡以上契税收取：1.5%。 二套房90㎡及以下依旧收取：1%，若90㎡以上将收取2%。三套房不论面积大小契税均按照3%收取。,碧桂园华星·世纪学府小区，环境优美，绿化充足；：自驾：通过小湖路、常澄路、青阳路、芙蓉大道可快递前往常州及江阴市区，楼下自带大型商店,,此小区为新小区，小区环境好，入住率百分之80，24小时安保，绿化比例2.2，适宜居住。,,,,此房是三开间朝南。采光很好，3室2厅1厨2卫.恬静舒适，亲近自然,,
41,金美林花园，精装三房两厅两卫，业主诚意出售,108万,9558,新北区璜土,金美林花园,3室2厅1厨2卫,低楼层 (共11层),113㎡,平层,暂无数据,板塔结合,南,钢混结构,精装,暂无数据,暂无数据,暂无数据,2021-12-13,商品房,暂无数据,普通住宅,暂无数据,共有,无抵押,未上传房本照片,交通便利，配套齐全，房东诚心出售,"首套房90平米以下成交价的1%,90平米以上成交价的1.5%,二套房90 平以下1%,以上2%,三套房不论大小均为3%;增值税分析:产证满2年免收增值 税,未满2年征收5.3%;个税:产证满五年而且是唯套住房,免收个税,未满5 年成交价的1%",小区生活配套全 环境好 距离环球港2000米 距离恐龙园1500米,,,楼层低，适合老弱小孕居住，有电梯，配套齐全，公园，菜场近在眼前,,,,,
42,金美林中间楼层，边户，双阳台，精装修，拎包住,120万,9524,新北区璜土,金美林花园,3室2厅1厨2卫,中楼层 (共11层),126㎡,平层,暂无数据,暂无数据,南,未知结构,精装,暂无数据,暂无数据,暂无数据,2021-12-13,商品房,暂无数据,普通住宅,暂无数据,共有,无抵押,未上传房本照片,小区生活配套全 环境好 距离环球港2000米 距离恐龙园1500米,"1、契税：首套房，90平米以下成交价的1％，90平米以上成交价的1.5％, 二套房90平以上成交价的2% 2、增值税：产证满2年免收增值税，未满2年征收5.6％； 3、个税：产证满五年而且是一套住房，免收个税，未满5年成交价的1%",距离恐龙园，环球港约3公里，公交站 交通便利 出行方便 交通便利，菜市场就近,,有健身器材，小型篮球场，可供小区居民使用 车位：停车位充足，建有地上停车场和地下车库,,,,,,
43,龙城福第精装两房，好楼层，好户型，房东诚意出售,96万,10000,新北区璜土,龙城福第,2室2厅1厨1卫,中楼层 (共27层),96㎡,平层,暂无数据,板塔结合,南,钢混结构,精装,两梯四户,有,暂无数据,2022-02-14,商品房,暂无数据,普通住宅,暂无数据,非共有,无抵押,未上传房本照片,此房，视野开阔，交通便利，配套齐全,存量房需要缴纳个人所得税1%。契税（看买方名下房屋套数决定费率）， 若买方此次购房为首套房且购买房屋为90㎡及以下，收取契税为：1%。90㎡以上契税收取：1.5%。 二套房90㎡及以下依旧收取：1%，若90㎡以上将收取2%。三套房不论面积大小契税均按照3%收取。,小区生活配套全 环境好 距离环球港2000米 距离恐龙园1500米，距离璜石湖公园1500米左右，坐拥双城生活圈，,,,,,,此房精装两房，户型好，空间利用的好，视野开阔，优雅观景卧室，让阳光与清风轻松入户，给诗意生活更添无限情趣；夕阳与晨曦在枕间悄然停落；让阳光筑慵懒小巢卫浴,,
44,龙城福第三房，精装修自住，满2年，诚意出售,79万,7124,新北区璜土,龙城福第,3室2厅1厨1卫,低楼层 (共18层),110.9㎡,平层,暂无数据,板塔结合,南,钢混结构,精装,暂无数据,暂无数据,暂无数据,2022-08-24,商品房,暂无数据,普通住宅,暂无数据,共有,无抵押,未上传房本照片,此房满2年，小区大门对门是五洲国际，精装修满2，税费低，首付低,,,,小区虽然属于江阴产权，但和龙虎塘隔墙相望，生活配套，出行，购物，娱乐等民生基础都是和常州龙虎塘共享资源。小区有高层，洋房，别墅等。环境优美，值得拥有,此房适合刚来常州创业居住的群体，首付低，满2年税费便宜，三房适合家里较多成员居住，出门就是五洲国际购物商场，电影院，挨着常州龙虎塘公交枢纽，BRT，常州北站骑车1000米路程。小区东门是江阴璜土镇最繁华的小湖市场。,,房东自住精装修，省却了个人装修带来的麻烦和周折。，材料环保，品牌家电家具，空间明快，风格朴素典雅。适合注重气味环保，家有宝宝，拎包入住的客户,,,
45,恐龙园商圈 金美林朝南，精装急售,100万,8850,新北区璜土,金美林花园,3室2厅1厨2卫,低楼层 (共11层),113㎡,平层,暂无数据,暂无数据,南,未知结构,简装,暂无数据,暂无数据,暂无数据,2022-02-22,商品房,暂无数据,普通住宅,暂无数据,共有,有抵押,未上传房本照片,全明户型，南北通空间，惬意悠享假日生活；方正通透,"存量房需要缴纳个人所得税1%。契税（看买方名下房屋套数决定费率），若买方此次购
房为首套房且购买房屋为90㎡及以下，收取契税为：1%。90㎡以上契税收取：1.5%。
二套房90㎡及以下依旧收取：1%，若90㎡以上将收取2%。三套房不论面积大小契税
均按照3%收取。",,,,"对于正常架构家庭来讲，这个小区的优点就是绿化有水系建设，管理较
好，安全，上台阶处都有扶杆，设计比较人性化，而且小区封闭，人车分流","亲和力爆棚的业主，诚心置换故此出售，夹杂五味杂陈的个人情感。忍痛挂牌，业主
家庭和睦，等待有缘人接盘，我是贝壳找房德佑地产凤凰名城店经纪人，房屋买卖交易问
题可以随时致电垂询。竭诚为您服务。",,,,
46,百兴澜庭 三房二卫 113平方 精装修,115万,10177,新北区璜土,碧桂园百兴澜庭,3室2厅1厨2卫,高楼层 (共33层),113㎡,平层,暂无数据,暂无数据,南,未知结构,精装,暂无数据,暂无数据,暂无数据,2023-04-09,商品房,暂无数据,普通住宅,暂无数据,共有,无抵押,未上传房本照片,碧桂园百兴澜庭，三室两厅两卫，户型方正，中间好楼层，随看,首套房90平及以下1%，90平以上1.5%，二套房90平及以下1%，90平以上2%，三套房不论面积都是3%,,,优雅观景卧室，让阳光与清风轻松入户，给诗意生活更添无限情趣；夕阳与晨曦在枕间悄然停落；让阳光筑慵懒小巢卫浴。,,,,户型方正，三室两厅两卫，双阳台，一梯两户，边上别墅，没有遮挡，随时可以看房,,
47,南北通格局，楼层好，视野宽阔，采光充足,106.8万,9475,新北区璜土,金美林花园,3室2厅1厨1卫,高楼层 (共14层),112.72㎡,平层,暂无数据,板塔结合,南,钢混结构,毛坯,暂无数据,暂无数据,暂无数据,2021-12-13,商品房,暂无数据,普通住宅,暂无数据,共有,无抵押,未上传房本照片,南北通格局，楼层好，视野宽阔，采光充足,"首套房90平米以下成交价的1%,90平米以上成交价的1.5%,二套房90 平以下1%,以上2%,三套房不论大小均为3%;增值税分析:产证满2年免收增值 税,未满2年征收5.3%;个税:产证满五年而且是唯套住房,免收个税,未满5 年成交价的1%",,,,,业主自住，看房方便，置换新房，诚心出售，价格可谈，随时可签。,房子毛坯，一房朝南，一房朝北，客厅带阳台，明厨明卫，通透性好,,,
48,金美林花园旁 百兴澜庭 毛坯 大三房 随时看房,87万,9091,新北区璜土,碧桂园百兴澜庭,3室2厅1厨1卫,低楼层 (共33层),95.7㎡,平层,暂无数据,板楼,南,钢混结构,毛坯,两梯四户,有,暂无数据,2021-08-19,商品房,暂无数据,普通住宅,暂无数据,非共有,无抵押,未上传房本照片,户型方正.采光充足.交通便利.配套齐全,"1、契税：首套房，90平米以下成交价的1％，90平米以上成交价的1.5％, 二套房90平以上成交价的2%, 2、增值税：产证满2年免收增值税，未满2年征收5.6％； 3、个税：产证满五年而且是一套住房，免收个税，未满5年成交价的1%",,,,,业主现诚心出售，证件齐，欢迎看房，随时恭候，如看中房子，价格可谈,,,,此房产权清晰，房源真实，业主诚心出售，看房方便，过户全程陪同
49,龙城福第 96.8平方 精装修 96.8万 二房,96.9万,10000,新北区璜土,龙城福第,2室2厅1厨1卫,高楼层 (共18层),96.88㎡,平层,暂无数据,暂无数据,南,未知结构,精装,暂无数据,暂无数据,暂无数据,2022-08-22,商品房,2022-02-24,普通住宅,暂无数据,非共有,无抵押,已上传房本照片,龙城福第，精装修，两室两厅一卫，楼层好，采光佳，交通便利,存量房需要缴纳个人所得税1%。契税（看买方名下房屋套数决定费率）， 若买方此次购房为首套房且购买房屋为90㎡及以下，契税为：1%。90㎡以上契税：1.5%。 二套房90㎡及以下依旧：1%，若90㎡以上将2%。三套房不论面积大小契税均按照3%,近有五洲国际商场，春潮购物广场，小湖市场，基本的生活设施都有。,,小区龙城福第，属于江阴产权，和常州一路之隔，地理位置优越，交通便利,,,,,,
50,金美林花园 舒适四室 配套齐全  房东诚心出售,102万,7442,新北区璜土,金美林花园,4室2厅1厨2卫,中楼层 (共11层),137.06㎡,平层,暂无数据,板塔结合,西南,钢混结构,简装,暂无数据,暂无数据,暂无数据,2021-05-19,商品房,2018-06-22,普通住宅,暂无数据,共有,无抵押,已上传房本照片,此房满五年，恐龙园旁 随时可看 户型方正,"：
存量房需要缴纳个人所得税1%。契税，若买方此次购 房为首套房且购买房屋为90㎡及以下，收取契税为：1%。90㎡以上契税收取：1.5%。 二套房90㎡及以下依旧收取：1%，若90㎡以上将收取2%。三套及以上为3%",,小区配套齐全，距离北站一公里车程，距离环球港1000米，距离恐龙园一里路车程,,来常就业或江阴工作的刚需客户可以考虑买价格相对低，压力小。。,,,,,
51,金美林精装三房无需等电梯自由出入,88.8万,7744,新北区璜土,金美林花园,3室2厅1厨2卫,低楼层 (共11层),114.68㎡,平层,暂无数据,板塔结合,南 北,钢混结构,精装,暂无数据,暂无数据,暂无数据,2023-08-29,商品房,暂无数据,普通住宅,暂无数据,共有,无抵押,未上传房本照片,此房一梯两户，得房率高，视野宽阔，采光充足，地段好,"契税：首套房，90平米以下成交价的1％，90平米以上成交价的1.5％, 二套房90平以上成交价的2% 2、增值税：产证满2年免收增值税，未满2年征收5.6％； 3、个税：产证满五年而且是一套住房，免收个税，未满5年成交价的1%",生活设施齐全 银行 菜场 商场 饮食 公交 地铁 近在咫尺 生活起居很方便,,小区环境好，物业管理好，安全配套齐全 小区绿化好，绿树成荫，鸟语花香,,,,,,
52,毛坯 好房  户型好     诚心出售,95万,7962,新北区璜土,米兰阳光花苑,3室2厅1厨1卫,高楼层 (共9层),119.32㎡,平层,暂无数据,塔楼,南,未知结构,毛坯,一梯一户,有,暂无数据,2020-12-30,商品房,暂无数据,普通住宅,暂无数据,共有,有抵押,未上传房本照片,户型方正、朝南，全天采光，视野开阔无遮档,,恐龙园、江南环球港、小湖市场，*市、公交站齐全，日常生活配套齐全,本小区门口公交车：215、216、常州-石庄，出行十分方便；交通地理位置好；高速出入口有2个（青龙、常州）；,米兰阳光花苑小区在常州北边（地理位置为江阴市璜土镇华湖社区），小区环境宜人绿化好，人车分流；地上地下车库；,,,,,,
53,金美林精装三房满五唯一看房方便,115万,10205,新北区璜土,金美林花园,3室2厅1厨1卫,低楼层 (共15层),112.7㎡,平层,暂无数据,板塔结合,南 北,钢混结构,精装,暂无数据,暂无数据,暂无数据,2022-06-04,商品房,暂无数据,普通住宅,暂无数据,共有,无抵押,未上传房本照片,此房满五唯一，看房方便.精装三房,屋产权:房子为商品房。税费信息满两年省增值税。首套房90M以下1%、90M以上15二套房90M以下1%90M以上2%三套房不论面积统-3%,小区生活配套全 环境好 距离环球港2000米 距离恐龙园1500米，距离璜石湖公园1500米左右，坐拥双城生活圈,,,,,,此房精装三房两卫，户型好，空间利用的好，视野开阔，优雅观景卧室，让阳光与清风轻松入户，给诗意生活更添无限情趣；夕阳与晨曦在枕间悄然停落；让阳光筑慵懒小巢卫浴,,
54,龙成福第 纯毛坯中间楼层 两梯三户，得房率高,80万,8180,新北区璜土,龙城福第,2室2厅1厨1卫,中楼层 (共18层),97.8㎡,平层,暂无数据,暂无数据,南,未知结构,毛坯,两梯一户,有,暂无数据,2022-01-06,商品房,暂无数据,普通住宅,暂无数据,非共有,无抵押,未上传房本照片,"此房诚心出售 随时可以看房，配套齐全 交通方便业.
小区..","1、90平以内首套房契税1%，二套房1%，三套或以上3% 
2、90平以上首套房契税1.5%，二套房2%，三套或以上3% 
3、不满两年增值税5.6%，满两年免增值税 
4、满五年唯一免个税1%","1、小区生活设施齐全，菜市场、银行、，交通便捷；BRT 地铁一号线 
2、小区内有健身器材，小型篮球场，可供小区居民使用；
3、小区内停车位充足，建有地上停车场和地下车库；
4、小区内24小时保安巡逻",,,,,,"南北风透，格局分布合理，空间感好，通透性强，居住舒适,一梯两户，小高层得房率高",,
55,环球港，五洲国际，龙城福第精装两房满五唯一,99.8万,10732,新北区璜土,龙城福第,2室2厅1厨1卫,中楼层 (共18层),93㎡,平层,暂无数据,板塔结合,南,钢混结构,精装,暂无数据,暂无数据,暂无数据,2022-03-11,商品房,暂无数据,普通住宅,暂无数据,共有,无抵押,未上传房本照片,此房满五唯一，位置好，户型好，环境优雅，视野开阔，交通便利,存量房需要缴纳个人所得税1%。契税（看买方名下房屋套数决定费率）， 若买方此次购房为首套房且购买房屋为90㎡及以下，收取契税为：1%。90㎡以上契税收取：1.5%。 二套房90㎡及以下依旧收取：1%，若90㎡以上将收取2%。三套房不论面积大小契税均按照3%收取,出小区就是商场、酒店、健身馆、游乐场、大型综合商场等生活配套齐全,该小区交通便利，出门就是环保自行车，公交站，邻近地铁站、高铁站，高速口。,,,,,,,
56,龙城福第精装修，两室两厅一卫，楼层好，交通方便,89万,9271,新北区璜土,龙城福第,2室2厅1厨1卫,中楼层 (共18层),96㎡,平层,暂无数据,板塔结合,南,钢混结构,精装,暂无数据,暂无数据,暂无数据,2023-11-07,商品房,暂无数据,普通住宅,暂无数据,非共有,无抵押,未上传房本照片,龙城福第精装修，两室两厅一卫，楼层好，采光佳，交通方便,存量房需要缴纳个人所得税1%。契税（看买方名下房屋套数决定费率）， 若买方此购房为首套房且购买房屋为90㎡及以下，契税为：1%。90㎡以上契税：1.5%。 二套房90㎡及以下依旧：1%，若90㎡以上将2%。三套房不论面积大小契税均按照3%,近有五洲国际商场，春潮购物广场，小湖市场，基本的生活设施都有。,,小区属于江阴产权，和常州一路之隔，地理位置优越，交通 便 利,,,,,,
57,精装修，两室两厅一卫，楼层好，采光佳，交通方便,89万,9469,新北区璜土,龙城福第,2室2厅0厨1卫,中楼层 (共18层),94㎡,平层,暂无数据,板塔结合,南,钢混结构,精装,暂无数据,暂无数据,暂无数据,2023-11-07,商品房,暂无数据,普通住宅,暂无数据,非共有,无抵押,未上传房本照片,龙城福第精装修，两室两厅一卫，楼层好，采光佳，交通方便,存量房需要缴纳个人所得税1%。契税（看买方名下房屋套数决定费率）， 若买方此次购房为首套房且购买房屋为90㎡及以下，契税为：1%。90㎡以上契税：1.5%。 二套房90㎡及以下依旧：1%，若90㎡以上将2%。三套房不论面积大小契税均按照3%,近有五洲国际商场，春潮购物广场，小湖市场，基本的生活设施都有。,,小区属于江阴产权，和常州一路之隔，地理位置优越，交通 便 利,,,,,,
58,小户型，适合刚需，拎包入住，随时看房,63万,11455,新北区璜土,龙城福第,,中楼层 (共18层),55㎡,,,,南,,,,,,2021-06-16,商品房,2020-07-05,车库,暂无数据,非共有,有抵押 29万元 建设银行,已上传房本照片,"此房格局好,南北通风户型,全天采光,户型方正视野好","首套房90平米以下成交价的1%,90平米以上成交价的1.5%,二套房90 平以下1%,以上2%,三套房不论大小均为3%;增值税分析:产证满2年免收增值 税,未满2年征收5.3%;个税:产证满五年而且是唯套住房,免收个税,未满5 年成交价的1%。",,,,,"业主现诚心出售,证件齐,欢迎看房,随时恭候,如看中房子,价格可谈。",,,,"此房产权清晰,房源真实,业主诚心出售,看房方便,过户全程陪同"
59,文鑫苑纯毛坯 洋房 好楼层 采光好 使用空间大,168万,11749,新北区璜土,文鑫苑,4室2厅1厨2卫,中楼层 (共9层),143㎡,平层,暂无数据,暂无数据,南,未知结构,毛坯,暂无数据,暂无数据,暂无数据,2023-02-10,商品房,暂无数据,普通住宅,暂无数据,共有,无抵押,未上传房本照片,小区环境好 碧桂园物业 服务好 房子洋房 好楼层 居住舒适,契税:A首套90平以下1%B首套90平以上1.5%C二套90平以下1%D二套90平以上 2%E三套都是3%增值税:满两年免征不满2年权额征收5.3%个人所得税不满五唯一一个点,,小区东门出门是公交站站台，3公里上青阳路高架，3公里左右上高速，去苏州，无锡，南京，都方便。,,,"此房产权清晰,房源真实,业主诚心出售,看房方便,过户全程陪同",,,,
60,文鑫苑 3室2厅 南,135万,11658,新北区璜土,文鑫苑,3室2厅1厨2卫,高楼层 (共34层),115.81㎡,平层,暂无数据,板楼,南,砖混结构,毛坯,两梯四户,有,暂无数据,2023-02-18,商品房,暂无数据,普通住宅,暂无数据,共有,有抵押,未上传房本照片,,,,,,,,,,,
61,龙城福第 纯毛坯 中间楼层 急售,73万,7574,新北区璜土,龙城福第,2室2厅1厨1卫,中楼层 (共28层),96.39㎡,平层,暂无数据,板塔结合,南,钢混结构,毛坯,两梯五户,有,暂无数据,2022-09-17,商品房,2023-10-25,普通住宅,未满两年,共有,有抵押 20万元,已上传房本照片,龙城福第，纯毛坯，两室两厅一卫，楼层好，采光佳，交通便利,存量房需要缴纳个人所得税1%。契税（看买方名下房屋套数决定费率）， 若买方此次购房为首套房且购买房屋为90㎡及以下，契税为：1%。90㎡以上契税：1.5%。 二套房90㎡及以下依旧：1%，若90㎡以上将2%。三套房不论面积大小契税均按照3%,近有五洲国际商场，春潮购物广场，小湖市场，基本的生活设施都有。,,小区属于江阴产权，和常州一路之隔，地理位置优越，交通 便                利,,,,,,
62,江阴的房子 靠着常州 交通方便,103万,10511,新北区璜土,碧桂园百兴澜庭,3室2厅1厨1卫,中楼层 (共21层),98㎡,平层,暂无数据,暂无数据,南,砖混结构,毛坯,暂无数据,暂无数据,暂无数据,2022-08-08,商品房,暂无数据,普通住宅,暂无数据,共有,无抵押,未上传房本照片,此房位置好，楼层好，视野开阔，采光充足，交通便.,"首套房90平米以下成交价的1%,90平米以上成交价的1.5%,二套房90 平以下1%,以上2%,三套房不论大小均为3%;增值税分析:产证满2年免收增值 税,未满2年征收5.3%;个税:产证满五年而且是唯套住房,免收个税,未满5 年成交价的1%",,出行方便，    小区门口就是、公交站，到常州高铁 方便   靠着恐龙园,小区环境好，物业管理好，安全配套齐全 小区绿化好，绿树成荫，鸟语花香 小区生活配套齐全,,,,,,
63,文鑫苑 3室2厅 南 北,105万,10742,新北区璜土,文鑫苑,3室2厅1厨1卫,低楼层 (共30层),97.75㎡,平层,暂无数据,塔楼,南 北,框架结构,简装,暂无数据,暂无数据,暂无数据,2021-09-15,商品房,暂无数据,普通住宅,暂无数据,非共有,有抵押,未上传房本照片,,,,,,,,,,,
64,金美林精装3房，交通便利，配套完善,110万,9587,新北区璜土,金美林花园,3室2厅1厨1卫,低楼层 (共11层),114.75㎡,平层,暂无数据,板塔结合,南 北,钢混结构,精装,暂无数据,暂无数据,暂无数据,2021-12-06,商品房,暂无数据,普通住宅,暂无数据,非共有,无抵押,未上传房本照片,次房为精装房，生活交通便利，房东诚心出售,首套房契税是1.5%，二套是2%，三套及以上是3%，如不满两年增加5.3%的增值税。,生活设施齐 ，卖场， 菜场 商场 饮食近在咫尺 生活起居很方便。,,,,业主人非 常友好、热情，很有诚意出售。欢迎看房，随时恭候户型棒，成熟小区管理。,,,,
65,环球港，恐龙园，龙城福第三房两厅一卫,105万,10000,新北区璜土,龙城福第,3室2厅1厨1卫,低楼层 (共33层),105㎡,平层,暂无数据,板塔结合,南,钢混结构,精装,暂无数据,暂无数据,暂无数据,2021-12-13,商品房,暂无数据,普通住宅,暂无数据,非共有,有抵押 10万元,未上传房本照片,此房交通便利，出门公交站，邻近地铁站、高铁站、高速口,存量房需要缴纳个人所得税1%。契税（看买方名下房屋套数决定费率）， 若买方此次购房为首套房且购买房屋为90㎡及以下，收取契税为：1%。90㎡以上契税收取：1.5%。 二套房90㎡及以下依旧收取：1%，若90㎡以上将收取2%。三套房不论面积大小契税均按照3%收取。,出小区就是商场、酒店、健身馆、游乐场、大型综合商场等生活配套齐全,,小区位置好，邻近别墅区，人文素质高，物业管理好，安全设施齐全,,,,,,
66,金美林花园(北区)2室1厅1卫好楼层价格可谈,76.5万,10324,新北区璜土,金美林花园,2室2厅1厨1卫,低楼层 (共14层),74.1㎡,平层,暂无数据,板塔结合,南,钢混结构,精装,暂无数据,暂无数据,暂无数据,2021-10-31,商品房,暂无数据,普通住宅,暂无数据,共有,无抵押,未上传房本照片,金美林花园，楼层好、全天采光无遮挡，房东诚心出售,首套房90平及以下1%，90平以上1.5%，二套房90平及以下1%，90平以上2%，三套房不论面积都是3%,距离恐龙园约3公里，公交站 交通便利 出行方便 交通便利，菜市场就近。,,有健身器材，小型篮球场，可供小区居民使用 车位：停车位充足，建有地上停车场和地下车库,,,,,,
67,恐龙园旁 文鑫苑 小区新 毛坯3房 好楼层 看房有钥匙,105万,9131,新北区璜土,文鑫苑,3室1厅1厨2卫,低楼层 (共34层),115㎡,平层,暂无数据,平房,南,钢混结构,毛坯,三梯四户,有,暂无数据,2022-12-03,商品房,暂无数据,普通住宅,暂无数据,共有,有抵押,未上传房本照片,小区绿化高环境好 房子户型好三朝南 通透 好楼层 居住舒适,存量房需要缴纳个人所得税1%。契税（看买方名下房屋套数决定费率）， 若买方此次购房为首套房且购买房屋为90㎡及以下，收取契税为：1%。90㎡以上契税收取：1.5%。 二套房90㎡及以下依旧收取：1%，若90㎡以上将收取2%。三套房不论面积大小契税均按照3%收取。,碧桂园华星·世纪学府小区，环境优美，绿化充足；：自驾：通过小湖路、常澄路、青阳路、芙蓉大道可快递前往常州及江阴市区，楼下自带大型商店,,此小区为新小区，小区环境好，入住率百分之80，24小时安保，绿化比例2.2，适宜居住。,,,,,,
68,碧桂园世纪学府，毛坯三房，前后无遮挡,85万,8855,新北区璜土,文鑫苑,3室2厅1厨1卫,低楼层 (共34层),96㎡,平层,暂无数据,板楼,南,砖混结构,毛坯,两梯四户,有,暂无数据,2022-03-01,商品房,暂无数据,普通住宅,暂无数据,共有,无抵押,未上传房本照片,文鑫苑，纯毛坯，江阴产权，三室一卫，前后无遮挡，随时看,存量房需要缴纳个人所得税1%。契税（看买方名下房屋套数决定费率）， 若买方此次购房为首套房且购买房屋为90㎡及以下，收取契税为：1%。90㎡以上契税收取：1.5%。 二套房90㎡及以下依旧收取：1%，若90㎡以上将收取2%。三套房不论面积大小契税均按照3%收取。,小区环境优美，绿化充足；：自驾：通过小湖路、常澄路、青阳路、芙蓉大道可快递前往常州及江阴市区，楼下自带大型商店,,小区环境好入住率百分之80，24小时安保，绿化比例2.2.整体干净整洁，适合居住,,,,,,
69,金美林花园 3室2厅 南,115万,8395,新北区璜土,金美林花园,3室2厅1厨2卫,低楼层 (共11层),137㎡,平层,暂无数据,板塔结合,南,钢混结构,精装,暂无数据,暂无数据,暂无数据,2022-11-11,商品房,暂无数据,普通住宅,暂无数据,共有,无抵押,未上传房本照片,,,,,,,,,,,
70,"此房格局好,南北通风户型,全天采光,户型方正视野好",125万,10163,新北区璜土,龙城福第,3室2厅1厨1卫,低楼层 (共33层),123㎡,平层,暂无数据,板塔结合,南,钢混结构,精装,暂无数据,暂无数据,暂无数据,2021-07-23,商品房,暂无数据,普通住宅,暂无数据,非共有,无抵押,未上传房本照片,"此房格局好,南北通风户型,全天采光,户型方正视野好","契税分析:首套房90平米以下成交价的1%,90平米以上成交价的1.5%,二套房90 平以下1%,以上2%,三套房不论大小均为3%;增值税分析:产证满2年免收增值 税,未满2年征收5.3%;个税:产证满五年而且是唯套住房,免收个税,未满5 年成交价的1%。",,,,本房精装，明厨明卫，干湿分离，适合老人和小3口居住。随时看房,"业主现诚心出售,证件齐,欢迎看房,随时恭候,如看中房子,价格可谈。",,,,"此房产权清晰,房源真实,业主诚心出售,看房方便,过户全程陪同"
71,玲珑花园旁 金美林精装修3房 好楼层 视野好,115万,10177,新北区璜土,金美林花园,3室1厅1厨2卫,高楼层 (共11层),113㎡,平层,暂无数据,板塔结合,南,钢混结构,精装,暂无数据,暂无数据,暂无数据,2021-12-31,商品房,暂无数据,普通住宅,暂无数据,共有,有抵押,未上传房本照片,房子精装修 好楼层 小区前面别墅 视野棒,首房首贷首付3成，二贷首付6成，税费：契税：首套90平以下1个点，90以上1.5，二套90以下还是1个点，二套90以上2个点，3套不计面积都是3个，个税：房子满五唯一免征，不唯一1个点。增值税：满二：免征，不满二5.3增值税,,小区出门有共享单车 大岸路有公交车 小区西面就是公交总站 龙业路29路出行方便,小区楼间距大 总层高低 居住舒适 有健身器材，小型篮球场，可供小区居民使用 车位：停车位充足，建有地上停车场和地下车库,,,,,,
72,新上 金美林 精装带地暖 好楼层诚心卖,73万,7526,新北区璜土,金美林花园,2室2厅1厨1卫,中楼层 (共11层),97㎡,平层,暂无数据,板塔结合,南,钢混结构,精装,暂无数据,暂无数据,暂无数据,2021-12-17,商品房,暂无数据,普通住宅,暂无数据,共有,有抵押 18万元,未上传房本照片,此房边户敞亮，装的地暖保养好，楼层好，配套齐全,"1、契税：首套房，90平米以下成交价的1％，90平米以上成交价的1.5％, 二套房90平以上成交价的2% 2、增值税：产证满2年免收增值税，未满2年征收5.6％； 3、个税：产证满五年而且是一套住房，免收个税，未满5年成交价的1%",,生活设施齐全 银行 菜场 商场 饮食 公交 地铁 近在咫尺 生活起居很方便,,,业主人很友好、热情，诚心出售，成熟小区管理，证件齐全，随时签约，看房方便,,,,
73,碧桂园百兴澜庭 4室2厅 南,138万,11040,新北区璜土,碧桂园百兴澜庭,4室2厅1厨2卫,高楼层 (共9层),125㎡,平层,暂无数据,暂无数据,南,未知结构,毛坯,暂无数据,暂无数据,暂无数据,2023-02-13,商品房,暂无数据,普通住宅,暂无数据,非共有,有抵押,未上传房本照片,,,,,,,,,,,
74,碧桂园百兴澜庭 3室2厅 南,115万,11735,新北区璜土,碧桂园百兴澜庭,3室2厅1厨2卫,高楼层 (共9层),98㎡,平层,暂无数据,暂无数据,南,未知结构,毛坯,暂无数据,暂无数据,暂无数据,2021-09-17,商品房,暂无数据,普通住宅,暂无数据,共有,有抵押 业主自还,未上传房本照片,,,,,,,,,,,
75,文鑫苑 4室2厅 南,165万,11786,新北区璜土,文鑫苑,4室2厅1厨2卫,低楼层 (共9层),140㎡,平层,暂无数据,暂无数据,南,未知结构,精装,暂无数据,暂无数据,暂无数据,2022-02-28,商品房,暂无数据,普通住宅,暂无数据,共有,有抵押,未上传房本照片,,,,,,,,,,,
76,江阴产权，看房方便，诚心出售，精装自住,112万,9047,新北区璜土,龙城福第,3室2厅1厨2卫,低楼层 (共33层),123.8㎡,平层,暂无数据,板塔结合,南 北,钢混结构,精装,暂无数据,暂无数据,暂无数据,2023-06-24,商品房,暂无数据,普通住宅,暂无数据,非共有,无抵押,未上传房本照片,江阴产权，看房方便，诚心出售，精装自住,存量房需要缴纳个人所得税1%。契税（看买方名下房屋套数决定费率）， 若买方此次购房为首套房且购买房屋为90㎡及以下，收取契税为：1%。90㎡以上契税收取：1.5%。 二套房90㎡及以下依旧收取：1%，若90㎡以上将收取2%。三套房不论面积大小契税均按照3%收取。,出小区就是五洲商场、连锁酒店、健身馆、游泳馆、小湖综合菜市场水产市场,,,小区位置好，邻近别墅区，人文素质高，物业管理好，安全设施齐全,,,,,
77,金美林小两房，江阴的价格，享受常州的交通配套，,70万,9334,新北区璜土,金美林花园,2室1厅1厨0卫,高楼层 (共14层),75㎡,平层,暂无数据,板塔结合,南,钢混结构,精装,暂无数据,暂无数据,暂无数据,2021-03-08,商品房,暂无数据,普通住宅,暂无数据,共有,无抵押,未上传房本照片,此房是满两年  房子是江阴的  但是享受的常州的交通配套设施，,存量房需要缴纳个人所得税1%。契税（看买方名下房屋套数决定费率）， 若买方此次购房为首套房且购买房屋为90㎡及以下，收取契税为：1%。90㎡以上契税收取：1.5%。 二套房90㎡及以下依旧收取：1%，若90㎡以上将收取2%。三套房不论面积大小契税均按照3%收取,,,,,,房子是业主自己装修好，自己住的房子，里面装修材料都是自己挑选的,此房的户型也是小区比较好的小两房  而且两个房间朝南，主卧朝南带阳台，采光很好，  厨房都是全明户型的,,
78,房东诚售 楼层好 采光好 看房方便,73万,10736,新北区璜土,金美林花园,2室1厅1厨1卫,低楼层 (共14层),68㎡,平层,暂无数据,板塔结合,南,钢混结构,精装,暂无数据,暂无数据,暂无数据,2021-04-02,商品房,暂无数据,普通住宅,暂无数据,非共有,无抵押,未上传房本照片,此房不满两年，但不限售，房好业主人更好，诚心出售,1，契税：90平方以下首套和二套房税率为1%；90平方以上首套房税率为1.5%，二套房税率为2%。三套以上房屋，税率都为3%。 2，税：产证满2年免征。 3，个税：产证满5年，且房东名下只有这套房可以免征。其他情况征收全额的1%,小区配套齐全，距离北站一公里车程，距离环球港1000米，距离恐龙园一里路车程,,有健身器材，小型篮球场，可供小区居民使用 车位：停车位充足，建有地上停车场和地下车库,,,,,,
79,金美林花园精装小两房，采光充足，房东诚意出售,65万,9552,新北区璜土,金美林花园,2室1厅1厨1卫,中楼层 (共14层),68.05㎡,平层,暂无数据,板塔结合,南,钢混结构,精装,暂无数据,暂无数据,暂无数据,2021-12-13,商品房,暂无数据,普通住宅,暂无数据,共有,无抵押,未上传房本照片,此房方正，采光充足，小区出行便利,存量房需要缴纳个人所得税1%。契税（看买方名下房屋套数决定费率）， 若买方此次购房为首套房且购买房屋为90㎡及以下，收取契税为：1%。90㎡以上契税收取：1.5%。 二套房90㎡及以下依旧收取：1%，若90㎡以上将收取2%。三套房不论面积大小契税均按照3%收取。,,,小区环境优美 配套成熟 交通便利 居住舒适 人文素养好 乐于助人 相处和谐,,,,,,此房产权清晰 无抵押 无户口 无纠纷 可放心购买 业主诚心售 房价可谈 看房方便 提前联
80,金美林花园 93.4平方 毛坯  95万二房,85万,9101,新北区璜土,金美林花园,2室2厅1厨1卫,高楼层 (共10层),93.4㎡,平层,暂无数据,板楼,南,钢混结构,毛坯,暂无数据,暂无数据,暂无数据,2022-09-29,商品房,暂无数据,普通住宅,暂无数据,非共有,有抵押 40万元 建行 客户偿还,未上传房本照片,金美林花园，小高层、前面别墅，采光无遮挡，房东诚心出售,"首套房90平米以下成交价的1%,90平米以上成交价的1.5%,二套房90 平以下1%,以上2%,三套房不论大小均为3%;增值税分析:产证满2年免收增值 税,未满2年征收5.3%;个税:产证满五年而且是唯套住房,免收个税,未满5 年成交价的1%",小区生活配套全 环境好 距离环球港2000米 距离恐龙园1500米,,小区环境好，物业管理好，安全配套齐全 小区绿化好，绿树成荫，鸟语花香 小区生活配套齐全,,,,,,
81,五洲国际旁精装大三房自住装修拎包入住,113.5万,10000,新北区璜土,龙城福第,3室2厅1厨2卫,中楼层 (共32层),113.5㎡,平层,暂无数据,板楼,南,钢混结构,精装,两梯四户,有,暂无数据,2023-05-30,商品房,暂无数据,普通住宅,暂无数据,非共有,有抵押 5万元 业主自还,未上传房本照片,此房满五唯一，看房方便，诚心出售,存量房需要缴纳个人所得税1%。契税（看买方名下房屋套数决定费率）， 若买方此次购房为首套房且购买房屋为90㎡及以下，收取契税为：1%。90㎡以上契税收取：1.5%。 二套房90㎡及以下依旧收取：1%，若90㎡以上将收取2%。三套房不论面积大小契税均按照3%收取。,出小区就是五洲商场、连锁酒店、健身馆、游泳馆、小湖综合菜市场水产市场。,,小区位置好，邻近别墅区，人文素质高，物业管理好，安全设施齐全,,,,,,
82,恐龙园，金美林花园 精装三房两厅两卫,100万,8805,新北区璜土,金美林花园,3室2厅1厨1卫,低楼层 (共11层),113.58㎡,平层,暂无数据,暂无数据,南 北,未知结构,精装,暂无数据,暂无数据,暂无数据,2022-04-05,商品房,暂无数据,普通住宅,暂无数据,共有,无抵押,未上传房本照片,恐龙园，金美林花园精装三房两厅，拎包入住,存量房需要缴纳个人所得税1%。契税（看买方名下房屋套数决定费率）， 若买方此次购房为首套房且购买房屋为90㎡及以下，收取契税为：1%。90㎡以上契税收取：1.5%。 二套房90㎡及以下依旧收取：1%，若90㎡以上将收取2%。三套房不论面积大小契税均按照3%收取。,小区生活配套全 环境好 距离环球港2000米 距离恐龙园1500米，距离璜石湖公园1500米左右，坐拥双城生活圈,,,,,,此房精装三房两卫，户型好，空间利用的好，视野开阔，优雅观景卧室，让阳光与清风轻松入户，给诗意生活更添无限情趣；夕阳与晨曦在枕间悄然停落；让阳光筑慵懒小巢卫浴,,
83,金美林精装2房，配套完善，交通便利,95万,9514,新北区璜土,金美林花园,2室2厅1厨1卫,低楼层 (共29层),99.86㎡,平层,暂无数据,板塔结合,南,钢混结构,精装,暂无数据,暂无数据,暂无数据,2021-06-04,商品房,暂无数据,普通住宅,暂无数据,共有,有抵押,未上传房本照片,此房为精装2房，中间楼层，采光充足,存量房需要缴纳个人所得税1%。契税（看买方名下房屋套数决定费率），若买方此次购 房为首套房且购买房屋为90㎡及以下，收取契税为：1%。90㎡以上契税收取：1.5%。 二套房90㎡及以下依旧收取：1%，若90㎡以上将收取2%。三套房不论面积大小契税 均按照3%收取。,此小区边上有玲珑菜市 场，卖 场，公交站台，生活 交通便利。,,,此房总价比较低，很适合首付不够低的，对上学没有要求的刚需人群。,,,,,
84,金美林，大三房，三面采光，随时可以看房,98万,7765,新北区璜土,金美林花园,3室2厅1厨2卫,低楼层 (共10层),126.21㎡,平层,暂无数据,板楼,南,钢混结构,毛坯,暂无数据,暂无数据,暂无数据,2022-06-05,商品房,暂无数据,普通住宅,暂无数据,非共有,有抵押 30万元 /,未上传房本照片,金美林花园大三房，小高层，采光无遮挡，房东诚心出售,"首套房90平米以下成交价的1%,90平米以上成交价的1.5%,二套房90 平以下1%,以上2%,三套房不论大小均为3%;增值税分析:产证满2年免收增值 税,未满2年征收5.3%;个税:产证满五年而且是唯套住房,免收个税,未满5 年成交价的1%",小区生活配套全 ，公交车，便利市场，大型蔬菜批发市场，水产市场，边上公园多，环境好 距离环球港2000米 距离恐龙园1500米,,小区环境好，全部小高层，不押韵，物业管理好，安全配套齐全 小区绿化好，绿树成荫，鸟语花香 小区生活配套齐全,,,,,,
85,碧桂园百兴澜庭，精装三室，户型方正，中间好楼层,105万,9243,新北区璜土,碧桂园百兴澜庭,3室2厅1厨1卫,低楼层 (共30层),113.61㎡,平层,暂无数据,板楼,南,钢混结构,精装,暂无数据,暂无数据,暂无数据,2023-05-14,商品房,暂无数据,普通住宅,暂无数据,共有,有抵押 30万元 业主自还,未上传房本照片,碧桂园百兴澜庭，三室两厅一卫，户型方正，中间好楼层,首套房90平及以下1%，90平以上1.5%，二套房90平及以下1%，90平以上2%，三套房不论面积都是3%,,,优雅观景卧室，让阳光与清风轻松入户，给诗意生活更添无限情趣；夕阳与晨曦在枕间悄然停落；让阳光筑慵懒小巢卫浴。,,,,户型方正，三室两厅，双阳台，2梯4户，边上别墅，没有遮挡，随时可以看房,,
86,龙成福第 小面积 刚需的看过来,49.8万,9397,新北区璜土,龙城福第,1室1厅1厨1卫,低楼层 (共18层),53㎡,平层,暂无数据,暂无数据,东北,未知结构,精装,暂无数据,暂无数据,暂无数据,2021-12-21,商品房,暂无数据,普通住宅,暂无数据,共有,无抵押,未上传房本照片,地理位置优越，交通便捷，设施齐全，门口就是公交站，商场,"1、90平以内首套房契税1%，二套房1%，三套或以上3% 
2、90平以上首套房契税1.5%，二套房2%，三套或以上3% 
3、不满两年增值税5.6%，满两年免增值税 
4、满五年唯一免个税1%",近有五洲国际商场，春潮购物广场，小湖市场，基本的生活设施都有。,,,,,,"户型周正，格局分布合理，空间感好，通透性强，居住舒适,两梯四户，小高层得房率高",,
87,金美林精装2房，交通便利，配套完善,86万,8912,新北区璜土,金美林花园,2室2厅1厨1卫,低楼层 (共10层),96.5㎡,平层,暂无数据,板塔结合,南,钢混结构,精装,暂无数据,暂无数据,暂无数据,2021-05-18,商品房,暂无数据,普通住宅,暂无数据,共有,有抵押,未上传房本照片,此房为精装房，交通便利，配套完善,存量房需要缴纳个人所得税1%。契税，若买方此次购 房为首套房且购买房屋为90㎡及以下，收取契税为：1%。90㎡以上契税收取：1.5%。 二套房90㎡及以下依旧收取：1%，若90㎡以上将收取2%。三套及以上为3%。,此小区边上有玲珑菜市场，信特卖场，公交站台，BRT，生活交通便利。,,,此房总价比较低，很适合首付不够，总房价预算低的一家三口或是老人居住。,,,,,
88,房子户型好 靠着恐龙园  看房子方便,135万,10385,新北区璜土,碧桂园百兴澜庭,3室2厅1厨2卫,低楼层 (共33层),130㎡,平层,暂无数据,板楼,南,钢混结构,毛坯,两梯四户,有,暂无数据,2022-11-01,商品房,暂无数据,普通住宅,暂无数据,共有,有抵押,未上传房本照片,此房位置好，楼层好，视野开阔，采光充足，交通便.,"首套房90平米以下成交价的1%,90平米以上成交价的1.5%,二套房90 平以下1%,以上2%,三套房不论大小均为3%;增值税分析:产证满2年免收增值 税,未满2年征收5.3%;个税:产证满五年而且是唯套住房,免收个税,未满5 年成交价的1%",,出行方便， 小区门口就是、公交站，到常州高铁 方便 靠着恐龙园,小区环境好，物业管理好，安全配套齐全 小区绿化好，绿树成荫，鸟语花香 小区生活配套齐全,,,,,,
89,金美林花园 2室1厅 南,80万,8282,新北区璜土,金美林花园,2室1厅1厨1卫,低楼层 (共11层),96.6㎡,平层,暂无数据,板塔结合,南,钢混结构,毛坯,暂无数据,暂无数据,暂无数据,2023-10-24,商品房,暂无数据,普通住宅,暂无数据,共有,有抵押,未上传房本照片,,,,,,,,,,,
90,此房格局好，精装修，业主自住保养好，看房方便。,100万,10753,新北区璜土,龙城福第,2室2厅1厨1卫,高楼层 (共18层),93㎡,平层,暂无数据,板塔结合,南,钢混结构,精装,暂无数据,暂无数据,暂无数据,2021-12-26,商品房,暂无数据,普通住宅,暂无数据,非共有,无抵押,未上传房本照片,"此房格局好,南北通风户型,全天采光,户型方正视野好","契税分析:首套房90平米以下成交价的1%,90平米以上成交价的1.5%,二套房90 平以下1%,以上2%,三套房不论大小均为3%;增值税分析:产证满2年免收增值 税,未满2年征收5.3%;个税:产证满五年而且是唯套住房,免收个税,未满5 年成交价的1%。",,,,本房精装，明厨明卫，干湿分离，适合老人和小3口居住。随时看房,"业主现诚心出售,证件齐,欢迎看房,随时恭候,如看中房子,价格可谈。",,,,
91,"此房格局好,南北通风户型,全天采光,户型方正视野好",66万,12245,新北区璜土,龙城福第,1室1厅1厨1卫,中楼层 (共18层),53.9㎡,平层,暂无数据,暂无数据,北,未知结构,精装,暂无数据,暂无数据,暂无数据,2021-10-08,商品房,暂无数据,普通住宅,暂无数据,非共有,无抵押,未上传房本照片,"此房格局好,南北通风户型,全天采光,户型方正视野好","：
契税分析:首套房90平米以下成交价的1%,90平米以上成交价的1.5%,二套房90 平以下1%,以上2%,三套房不论大小均为3%;增值税分析:产证满2年免收增值 税,未满2年征收5.3%;个税:产证满五年而且是唯套住房,免收个税,未满5 年成交价的1%。",,,,本房精装，明厨明卫，干湿分离，适合老人和小3口居住。随时看房,"：
业主现诚心出售,证件齐,欢迎看房,随时恭候,如看中房子,价格可谈。",,,,"此房产权清晰,房源真实,业主诚心出售,看房方便,过户全程陪同"
92,新上 金美林精装两房 好楼层 位置安静,75万,10949,新北区璜土,金美林花园,2室1厅1厨1卫,高楼层 (共15层),68.5㎡,平层,暂无数据,板塔结合,南,钢混结构,精装,暂无数据,暂无数据,暂无数据,2021-09-04,商品房,暂无数据,普通住宅,暂无数据,共有,有抵押 20万元,未上传房本照片,房子中上楼层 采光好 生活方便 自主过度都可以,"首套房，90平米以下成交价的1％，90平米以上成交价的1.5％, 二套房，90平以下成交价的1%，90平以上成交价的2%,三套及以上，成交价的3%；",,,,刚需自住优先选 小夫妻首套房手里首付不多的可以先买了过渡即可,,,两房 带阳台 麻雀虽小五脏俱 全户型 位置中间 欢迎随时看房,,
93,金美林花园 1室1厅 南,75万,11030,新北区璜土,金美林花园,1室1厅1厨1卫,低楼层 (共15层),68㎡,平层,暂无数据,板塔结合,南,钢混结构,精装,暂无数据,暂无数据,暂无数据,2022-12-28,商品房,暂无数据,普通住宅,暂无数据,非共有,无抵押,未上传房本照片,,,,,,,,,,,
94,金美林花园 精装修三房 好楼层 看房方便,92.8万,9597,新北区璜土,金美林花园,2室2厅1厨1卫,低楼层 (共11层),96.7㎡,平层,暂无数据,板塔结合,南 北,钢混结构,精装,暂无数据,暂无数据,暂无数据,2021-09-10,商品房,暂无数据,普通住宅,暂无数据,共有,有抵押 10万元,未上传房本照片,金美林花园，中间楼层、全天采光无遮挡，房东诚心出售，看房随时,首套房90平及以下1%，90平以上1.5%，二套房90平及以下1%，90平以上2%，三套房不论面积都是3%,距离恐龙园约3公里，公交站 交通便利 出行方便 交通便利，菜市场就近。,,有健身器材，小型篮球场，可供小区居民使用 车位：停车位充足，建有地上停车场和地下车库,,,,,,
95,龙城福 精装修  55平 有钥匙随时看房,53万,9706,新北区璜土,龙城福第,1室1厅1厨1卫,低楼层 (共18层),54.61㎡,平层,暂无数据,暂无数据,南,钢混结构,精装,两梯四户,有,暂无数据,2023-10-10,商品房,暂无数据,普通住宅,暂无数据,非共有,无抵押,未上传房本照片,"房格局好,南北通风户型,全天采光,户型方正视野好","首套房90平米以下成交价的1%,90平米以上成交价的1.5%,二套房90 平以下1%,以上2%,三套房不论大小均为3%;增值税分析:产证满2年免收增值 税,未满2年征收5.3%;个税:产证满五年而且是唯套住房,免收个税,未满5 年成交价的1%。",,,,,"业主人很和善，诚心出售,证件齐,欢迎看房,随时恭候,如看中房子,价格可谈。",,,,"此房产权清晰,房源真实,业主诚心出售,看房方便,过户全程陪同"
96,龙城福第 花园洋房 顶楼两层 总高 5楼,208万,11948,新北区璜土,龙城福第,4室2厅1厨2卫,高楼层 (共6层),174.1㎡,平层,暂无数据,暂无数据,南,未知结构,毛坯,暂无数据,暂无数据,暂无数据,2022-06-22,商品房,暂无数据,普通住宅,暂无数据,共有,有抵押,未上传房本照片,龙城福第，纯毛坯 洋房 两层 、配套齐全、交通便利,首套房90平及以下1%，90平以上1.5%，二套房90平及以下1%，90平以上2%，三套房不论面积都是3%,,该小区交通便利，出门就是环保自行车，公交站，邻近地铁站、高铁站，高速口。,小区位于龙虎塘繁华地段 周 边 学 校 菜场 商场 酒店 银行 医院 地铁 BRT一应俱全,,,,,,
97,龙城福第 2室2厅 南,75万,8090,新北区璜土,龙城福第,2室2厅1厨1卫,中楼层 (共18层),92.71㎡,平层,暂无数据,板塔结合,南,钢混结构,精装,暂无数据,暂无数据,暂无数据,2021-09-18,商品房,暂无数据,普通住宅,暂无数据,共有,有抵押 10万元 建行,未上传房本照片,,,,,,,,,,,
98,龙城福第 花园洋房 带yuan子 精装修 拎包即住,125万,13488,新北区璜土,龙城福第,2室2厅1厨1卫,低楼层 (共6层),92.68㎡,平层,暂无数据,暂无数据,南,未知结构,精装,暂无数据,暂无数据,暂无数据,2023-08-22,商品房,暂无数据,普通住宅,暂无数据,共有,有抵押,未上传房本照片,此房精装2房，通透敞亮，有园 子，全天采光，配套齐全,"1、契税：首套房，90平米以下成交价的1％，90平米以上成交价的1.5％, 二套房90平以上成交价的2% 2、增值税：产证满2年免收增值税，未满2年征收5.6％； 3、个税：产证满五年而且是一套住房，免收个税，未满5年成交价的1%",1、小区生活设施齐全，菜市场、银行，交通便捷； 2、小区内有健身器材，可供小区居民使用； 3、小区内停车位充足，建有地上停车场和地下车库； 4、小区内24小时保安巡逻,,,,业主人很友好、热情，诚心出售，成熟小区管理，证件齐全，随时签约，看房方便,,,,
99,龙城福第精装两室 刚需看过来  有钥匙 随时看房,82万,9964,新北区璜土,龙城福第,2室2厅1厨1卫,高楼层 (共33层),82.3㎡,平层,暂无数据,板塔结合,南,钢混结构,简装,两梯四户,有,暂无数据,2023-10-19,商品房,暂无数据,普通住宅,暂无数据,非共有,有抵押,未上传房本照片,房子精装修的 地段优越 小区环境优美，出行方便,目前在常州首房首贷首付2成，二贷首付3成，税费：契税：首套90平以下1个点，90以上1.5，二套90以下还是1个点，二套90以上2个点，3套不计面积都是3个，个税：房子满五唯一免征，不唯一1个点。增值税：满二：免征，不满二5.3增值税,,,小区位于新北区恐龙园边上，龙虎塘板块， 出行方便 环境绿化都很好 安静和谐 欢迎看房,,,,房子是两室两厅一厨一卫的 ，客厅朝西，俩房朝南，采光好 每个房间都很独立 空间好,,
100,新上金美林花园简装三房 看房方便,81万,7233,新北区璜土,金美林花园,3室2厅1厨1卫,低楼层 (共11层),112㎡,平层,暂无数据,板塔结合,南,钢混结构,毛坯,暂无数据,暂无数据,暂无数据,2021-12-16,商品房,暂无数据,普通住宅,暂无数据,共有,无抵押,未上传房本照片,金美林花园，中间楼层、全天采光无遮挡，房东诚心出售,"首套房90平米以下成交价的1%,90平米以上成交价的1.5%,二套房90 平以下1%,以上2%,三套房不论大小均为3%;增值税分析:产证满2年免收增值 税,未满2年征收5.3%;个税:产证满五年而且是唯套住房,免收个税,未满5 年成交价的1%",小区生活配套全 环境好 距离环球港2000米 距离恐龙园1500米,,,楼层低，适合老弱小孕居住，有电梯，配套齐全，公园，菜场近在眼前,,,,,
101,龙城福第 2室2厅 南,79万,9462,新北区璜土,龙城福第,2室2厅1厨1卫,低楼层 (共33层),83.5㎡,平层,暂无数据,暂无数据,南,未知结构,精装,两梯四户,有,暂无数据,2023-10-05,商品房,暂无数据,普通住宅,暂无数据,非共有,有抵押 40万元,未上传房本照片,,,,,,,,,,,
102,文鑫苑精装小三房，重新出售，随时看房,89万,9176,新北区璜土,文鑫苑,3室2厅1厨1卫,低楼层 (共30层),97㎡,平层,暂无数据,塔楼,南,框架结构,精装,暂无数据,暂无数据,暂无数据,2023-09-19,商品房,暂无数据,普通住宅,暂无数据,非共有,有抵押,未上传房本照片,小区环境好 次新小区 房型好 高楼层 视野开阔,契税:A首套90平以下1%B首套90平以上1.5%C二套90平以下1%D二套90平以上 2%E三套都是3%增值税:满两年免征不满2年权额征收5.3%个人所得税不满五唯一一个点,,,此小区为新小区，小区环境好，入住率百分之80，24小时安保，绿化比例2.2，适宜居住,,,,,,"此房产权清晰,房源真实,业主诚心出售,看房方便,过户全程陪同"
103,文鑫苑（世纪学府）满二年 142万 毛坯 180万 四房,140万,9860,新北区璜土,文鑫苑,4室2厅1厨2卫,高楼层 (共9层),142㎡,平层,暂无数据,暂无数据,南,未知结构,毛坯,暂无数据,暂无数据,暂无数据,2022-06-22,商品房,暂无数据,普通住宅,暂无数据,共有,有抵押,未上传房本照片,"此房满二,楼层无遮挡,视野广阔，总高9层的洋房，户型方正",契税:A首套90平以下1%B首套90平以上1.5%C二套90平以下1%D二套90平以上 2%E三套都是3%增值税:满两年免征不满2年权额征收5.3%个人所得税不满五唯一一个点,,小区东门出门是公交站站台，3公里上青阳路高架，3公里左右上高速，去苏州，无锡，南京，都方便。,,,,,,,"此房产权清晰,房源真实,业主诚心出售,看房方便,过户全程陪同"
104,金美林花园 江阴产权价格，享受常州生活配套 精装急卖,119万,10545,新北区璜土,金美林花园,3室2厅1厨1卫,中楼层 (共16层),112.86㎡,平层,暂无数据,板塔结合,南,钢混结构,精装,暂无数据,暂无数据,暂无数据,2023-06-10,商品房,暂无数据,普通住宅,暂无数据,非共有,有抵押 10万元,未上传房本照片,恐龙园旁，金美林花园，精装3房2卫，中间楼层，拎包入住,存量房需要缴纳个人所得税1%。契税（看买方名下房屋套数决定费率）， 若买方此次购房为首套房且购买房屋为90㎡及以下，收取契税为：1%。90㎡以上契税收取：1.5%。 二套房90㎡及以下依旧收取：1%，若90㎡以上将收取2%。三套房不论面积大小契税均按照3%收取。,,,小区生活配套全 环境好 距离环球港2000米 距离恐龙园1500米，距离璜石湖公园1500米左右，坐拥双城生活圈,,业主自己住的房子 现在要换房子  所以诚意出售的 看房随时都可以,,此房精装3房2卫，户型好三房朝南，空间利用的好，视野开阔，优雅观景卧室，让阳光与清风轻松入户，给诗意生活更添无限情趣；夕阳与晨曦在枕间悄然停落；让阳光筑慵懒小巢卫浴,,
105,南北通格局，楼层好，视野宽阔，采光充足,96万,9727,新北区璜土,金美林花园,2室2厅1厨1卫,中楼层 (共10层),98.7㎡,平层,暂无数据,板塔结合,南,钢混结构,精装,暂无数据,暂无数据,暂无数据,2021-05-27,商品房,暂无数据,普通住宅,暂无数据,共有,无抵押,未上传房本照片,南北通格局，楼层好，视野宽阔，采光充足,"首套房90平米以下成交价的1%,90平米以上成交价的1.5%,二套房90 平以下1%,以上2%,三套房不论大小均为3%;增值税分析:产证满2年免收增值 税,未满2年征收5.3%;个税:产证满五年而且是唯套住房,免收个税,未满5 年成交价的1%",,,,,业主自住，看房方便，资金周转，诚心出售，价格可谈，随时可签。,,房子精装修，一房朝南，一房朝北，客厅带阳台，明厨明卫，通透性好,,
106,位置好，采光充足，楼间距宽，看房随时，交通便利,100万,8772,新北区璜土,金美林花园,3室2厅1厨2卫,低楼层 (共11层),114㎡,平层,暂无数据,板塔结合,南 北,钢混结构,简装,暂无数据,暂无数据,暂无数据,2021-03-03,商品房,暂无数据,普通住宅,暂无数据,非共有,有抵押 业主自还,未上传房本照片,南北通透格局、楼层好、视野宽阔、采光充足、,,近恐龙园 *市 公交站 交通便利出行方便。。。。。。。。。。。,,配套：有健身器材，小型篮球场，可供小区居民使用 车位：停车位充足，建有地上停车场和地下车库,来常就业和江阴工作的刚需客户不需要常州上学的可以买价格低、、、、,家一级资质房屋评估专业法律团队风险防范房屋交易资金银行第三方安全保证主动接受政府部门监督阳光操做,,,,
107,龙城福第 精装 70年产权 位置好 采光好,45万,8334,新北区璜土,龙城福第,1室1厅1厨1卫,高楼层 (共18层),54㎡,平层,暂无数据,板塔结合,南,钢混结构,精装,暂无数据,暂无数据,暂无数据,2023-07-17,商品房,暂无数据,普通住宅,暂无数据,共有,有抵押,未上传房本照片,小区位置安静 房子精装修 户型好 看房随时,"契税分析:首套房90平米以下成交价的1%,90平米以上成交价的1.5%,二套房90 平以下1%,以上2%,三套房不论大小均为3%;增值税分析:产证满2年免收增值 税,未满2年征收5.3%;个税:产证满五年而且是唯套住房,免收个税,未满5 年成交价的1%。",,,,,"业主现诚心出售,证件齐,欢迎看房,随时恭候,如看中房子,价格可谈。",,本房精装，明厨明卫，干湿分离，适合老人和小3口居住。随时看房,,
108,有钥匙随时看 一室户型 卧室朝西 视野好 保养好干净,60万,11321,新北区璜土,龙城福第,1室1厅1厨1卫,中楼层 (共18层),53㎡,平层,暂无数据,板塔结合,南,钢混结构,精装,暂无数据,暂无数据,暂无数据,2022-10-14,商品房,暂无数据,普通住宅,暂无数据,共有,无抵押,未上传房本照片,龙城福第 、配套齐全、交通便利,首套房90平及以下1%，90平以上1.5%，二套房90平及以下1%，90平以上2%，三套房不论面积都是3%,出小区就是商场、酒店、健身馆、游乐场、大型综合商场等生活配套齐全,小区交通便利，出门就是环保自行车，公交站，邻近地铁站、高铁站，高速口,,,,,,,
109,龙城福第 54.61平方 精装修 家具家电齐全,45万,8241,新北区璜土,龙城福第,1室2厅1厨1卫,高楼层 (共18层),54.61㎡,平层,暂无数据,板塔结合,南,钢混结构,精装,暂无数据,暂无数据,暂无数据,2023-09-13,商品房,暂无数据,普通住宅,暂无数据,非共有,无抵押,未上传房本照片,小区位置安静 房子精装修 户型好 看房随时,"契税分析:首套房90平米以下成交价的1%,90平米以上成交价的1.5%,二套房90 平以下1%,以上2%,三套房不论大小均为3%;增值税分析:产证满2年免收增值 税,未满2年征收5.3%;个税:产证满五年而且是唯套住房,免收个税,未满5 年成交价的1%。",,,,,"业主现诚心出售,证件齐,欢迎看房,随时恭候,如看中房子,价格可谈。",,本房精装，明厨明卫，干湿分离，适合老人和小3口居住。随时看房,,
110,龙城福第 83.5平方 精装 二房二厅一卫 看上可谈,85万,10180,新北区璜土,龙城福第,2室2厅1厨1卫,低楼层 (共33层),83.5㎡,平层,暂无数据,板楼,南,钢混结构,精装,两梯四户,有,暂无数据,2023-02-07,商品房,暂无数据,普通住宅,暂无数据,共有,有抵押 23万元 建行 业主自还,未上传房本照片,龙城福第，自己装修的基本未住，中楼层好 、配套齐全、交通便利,首套房90平及以下1%，90平以上1.5%，二套房90平及以下1%，90平以上2%，三套房不论面积都是3%,出小区就是商场、连锁酒店、健身馆、游乐场、大型综合商场等生活配套齐全,小区交通便利，出门就是环保自行车，公交站，邻近地铁站、高铁站，高速口,,,,,,,
111,小区边上有菜市场，信特卖场，公交站台，生活交通便利,55万,7816,新北区璜土,金美林花园,2室1厅1厨1卫,中楼层 (共11层),70.37㎡,平层,暂无数据,板塔结合,南,钢混结构,精装,暂无数据,暂无数据,暂无数据,2024-01-14,商品房,2018-01-14,普通住宅,暂无数据,共有,有抵押,已上传房本照片,房东急售 ，价格可谈 小高层，采光无遮挡，房东诚心.,存量房需要缴纳个人所得税1%。契税，若买方此次购 房为首套房且购买房屋为90㎡及以下，收取契税为：1%。90㎡以上契税收取：1.5%。 二套房90㎡及以下依旧收取：1%，若90㎡以上将收取2%。三套及以上为3%。,此小区边上有玲珑菜市场，信特卖场，公交站台，BRT，生活交通便利,,,此房总价比较低，很适合首付不够，总房价预算低的，适合一家三代人居住,,,,,
112,文鑫苑 117平方 毛坯 楼层好 三房二卫,86万,7351,新北区璜土,文鑫苑,3室2厅1厨2卫,中楼层 (共33层),117㎡,平层,暂无数据,塔楼,南,钢混结构,简装,两梯四户,有,暂无数据,2024-03-06,商品房,暂无数据,普通住宅,暂无数据,非共有,有抵押 江阴农行,未上传房本照片,户型周正，格局分布合理，空间感好，通透性强，居住舒适,"契税：首套房，90平米以下成交价的1％，90平米以上成交价的1.5％, 二套房90平以上成交价的2% 2、增值税：产证满2年免收增值税，未满2年征收5.6％； 3、个税：产证满五年而且是一套住房，免收个税，未满5年成交价的1%",生活设施齐全 银行 菜场 商场 饮食 公交 地铁 近在咫尺 生活起居很方便,,小区环境好，物业管理好，安全配套齐全 小区绿化好，绿树成荫，鸟语花香,,,,,,
113,中等装修   好楼层  房东诚心出售   价格好谈,56万,10702,新北区璜土,龙城福第,2室1厅1厨1卫,中楼层 (共18层),52.33㎡,平层,暂无数据,板塔结合,东北,钢混结构,其他,暂无数据,暂无数据,暂无数据,2024-03-07,商品房,暂无数据,普通住宅,暂无数据,非共有,暂无数据,未上传房本照片,户型周正，格局分布合理，空间感好，通透性强，居住舒适,"契税：首套房，90平米以下成交价的1％，90平米以上成交价的1.5％, 二套房90平以上成交价的2% 2、增值税：产证满2年免收增值税，未满2年征收5.6％； 3、个税：产证满五年而且是一套住房，免收个税，未满5年成交价的1%",生活设施齐全 银行 菜场 商场 饮食 公交 地铁 近在咫尺 生活起居很方便,,小区环境好，物业管理好，安全配套齐全 小区绿化好，绿树成荫，鸟语花香,,,,,,
114,金美林花园96平方 毛坯 75万,75万,7813,新北区璜土,金美林花园,2室2厅1厨1卫,中楼层 (共11层),96㎡,平层,暂无数据,板塔结合,南,钢混结构,精装,暂无数据,暂无数据,暂无数据,2024-01-12,商品房,暂无数据,普通住宅,暂无数据,共有,无抵押,未上传房本照片,户型周正，格局分布合理，空间感好，通透性强，居住舒适,"契税：首套房，90平米以下成交价的1％，90平米以上成交价的1.5％, 二套房90平以上成交价的2% 2、增值税：产证满2年免收增值税，未满2年征收5.6％； 3、个税：产证满五年而且是一套住房，免收个税，未满5年成交价的1%",生活设施齐全 银行 菜场 商场 饮食 公交 地铁 近在咫尺 生活起居很方便,,小区环境好，物业管理好，安全配套齐全 小区绿化好，绿树成荫，鸟语花香,,,,,,
115,恐龙园板块 房子新 精装修....,90万,9000,新北区璜土,金美林花园,3室1厅1厨1卫,中楼层 (共11层),100㎡,平层,暂无数据,板塔结合,南,钢混结构,精装,暂无数据,暂无数据,暂无数据,2023-12-24,商品房,暂无数据,普通住宅,暂无数据,共有,有抵押,未上传房本照片,恐龙园旁精装修 随时可看 户型方正,,商城 菜场 都有 生活很便捷 价格合适户型方正 精装修 ..,,,适宜人群: 适合刚需和养老 小区环境新 精装修 保养好 电梯房 产权清晰,精装修 一直自住的 保养的比较好 可以拎包入住 电梯房 ......,,,,
116,双阳台 露台 花园洋房  总高六楼 126平方 毛坯,115万,9127,新北区璜土,龙城福第,3室2厅1厨2卫,中楼层 (共5层),126㎡,平层,暂无数据,暂无数据,南,未知结构,毛坯,暂无数据,暂无数据,暂无数据,2024-01-13,商品房,暂无数据,普通住宅,暂无数据,非共有,有抵押 40万元 江阴邮政,未上传房本照片,户型周正，格局分布合理，空间感好，通透性强，居住舒适,"契税：首套房，90平米以下成交价的1％，90平米以上成交价的1.5％, 二套房90平以上成交价的2% 2、增值税：产证满2年免收增值税，未满2年征收5.6％； 3、个税：产证满五年而且是一套住房，免收个税，未满5年成交价的1%",生活设施齐全 银行 菜场 商场 饮食 公交 地铁 近在咫尺 生活起居很方便,,小区环境好，物业管理好，安全配套齐全 小区绿化好，绿树成荫，鸟语花香,,,,,,
117,房东诚心出售  价格好谈 小区地理位置好 看房提前联系,100万,8254,新北区璜土,龙城福第,3室2厅1厨2卫,高楼层 (共33层),121.16㎡,平层,暂无数据,板塔结合,南,钢混结构,精装,两梯四户,有,暂无数据,2024-03-07,商品房,暂无数据,普通住宅,暂无数据,共有,无抵押,未上传房本照片,型周正，格局分布合理，空间感好，通透性强，居住舒适,"契税：首套房，90平米以下成交价的1％，90平米以上成交价的1.5％, 二套房90平以上成交价的2% 2、增值税：产证满2年免收增值税，未满2年征收5.6％； 3、个税：产证满五年而且是一套住房，免收个税，未满5年成交价的1%",生活设施齐全 银行 菜场 商场 饮食 公交 地铁 近在咫尺 生活起居很方便,,小区环境好，物业管理好，安全配套齐全 小区绿化好，绿树成荫，鸟语花香,,,,,,
118,金美林花园 3室2厅 南,105万,9316,新北区璜土,金美林花园,3室2厅1厨1卫,低楼层 (共14层),112.72㎡,平层,暂无数据,板塔结合,南,钢混结构,精装,暂无数据,暂无数据,暂无数据,2024-03-05,商品房,2021-11-24,普通住宅,暂无数据,非共有,有抵押,已上传房本照片,,,,,,,,,,,
119,中间楼层，采光好，房东诚心 出售，价格好谈，,88万,7720,新北区璜土,龙城福第,3室2厅1厨1卫,中楼层 (共33层),114㎡,平层,暂无数据,板楼,南,钢混结构,毛坯,两梯四户,有,暂无数据,2024-03-07,商品房,暂无数据,普通住宅,暂无数据,共有,无抵押,未上传房本照片,户型周正，格局分布合理，空间感好，通透性强，居住舒适,"契税：首套房，90平米以下成交价的1％，90平米以上成交价的1.5％, 二套房90平以上成交价的2% 2、增值税：产证满2年免收增值税，未满2年征收5.6％； 3、个税：产证满五年而且是一套住房，免收个税，未满5年成交价的1%",生活设施齐全 银行 菜场 商场 饮食 公交 地铁 近在咫尺 生活起居很方便,,小区环境好，物业管理好，安全配套齐全 小区绿化好，绿树成荫，鸟语花香,,,,,,
120,金美林精装刚需两室无需等电梯随时出入,72万,7362,新北区璜土,金美林花园,2室1厅1厨1卫,低楼层 (共11层),97.8㎡,平层,暂无数据,板塔结合,南 北,钢混结构,精装,暂无数据,暂无数据,暂无数据,2023-11-30,商品房,暂无数据,普通住宅,暂无数据,非共有,有抵押 40万元,未上传房本照片,恐龙园旁精装修  随时可看 户型方正,,商城 菜场 都有 生活很便捷 价格合适户型方正 精装修 ..,,,适宜人群: 适合刚需和养老 小区环境新 精装修 保养好 电梯房 产权清晰,精装修 一直自住的 保养的比较好 可以拎包入住 电梯房 低楼层,,,,
121,单价便宜  中间楼层  采光刺眼  拎包入住,82万,8862,新北区璜土,龙城福第,2室1厅1厨1卫,低楼层 (共18层),92.54㎡,平层,暂无数据,板塔结合,南,钢混结构,精装,暂无数据,暂无数据,暂无数据,2024-03-07,商品房,暂无数据,普通住宅,暂无数据,共有,无抵押,未上传房本照片,户型周正，格局分布合理，空间感好，通透性强，居住舒适,"契税：首套房，90平米以下成交价的1％，90平米以上成交价的1.5％, 二套房90平以上成交价的2% 2、增值税：产证满2年免收增值税，未满2年征收5.6％； 3、个税：产证满五年而且是一套住房，免收个税，未满5年成交价的1%",生活设施齐全 银行 菜场 商场 饮食 公交 地铁 近在咫尺 生活起居很方便,,小区环境好，物业管理好，安全配套齐全 小区绿化好，绿树成荫，鸟语花香,,,,,,
122,值得一看别墅 地下室土建窗户都已完成 直接装修入住,380万,16522,新北区璜土,碧桂园百兴澜庭,4室2厅1厨4卫,低楼层 (共3层),230㎡,,暂无数据,,南,未知结构,毛坯,,,暂无数据,2024-03-10,商品房,暂无数据,别墅,暂无数据,共有,有抵押 100,未上传房本照片,此房土建已经做好，房东把应该做的都做好了，值得一看,"契税：首套房，90平米以下成交价的1％，90平米以上成交价的1.5％, 二套房90平以上成交价的2% 2、增值税：产证满2年免收增值税，未满2年征收5.6％； 3、个税：产证满五年而且是一套住房，免收个税，未满5年成交价的1%",生活设施齐全 银行 菜场 商场 饮食 公交 地铁 近在咫尺 生活起居很方便,,,,,,此房北进户南花园，地上三层毛坯可以自行改造设计，地下室土建已经建好,暂无数据,
123,纯毛坯   好楼层  房东诚心出售   价格好谈,90万,7965,新北区璜土,龙城福第,3室2厅1厨1卫,低楼层 (共18层),113㎡,平层,暂无数据,板楼,南,钢混结构,简装,两梯四户,有,暂无数据,2024-03-07,商品房,暂无数据,普通住宅,暂无数据,共有,无抵押,未上传房本照片,户型周正，格局分布合理，空间感好，通透性强，居住舒适,"契税：首套房，90平米以下成交价的1％，90平米以上成交价的1.5％, 二套房90平以上成交价的2% 2、增值税：产证满2年免收增值税，未满2年征收5.6％； 3、个税：产证满五年而且是一套住房，免收个税，未满5年成交价的1%",生活设施齐全 银行 菜场 商场 饮食 公交 地铁 近在咫尺 生活起居很方便,,小区环境好，物业管理好，安全配套齐全 小区绿化好，绿树成荫，鸟语花香,,,,,,
124,金美林花园 3室2厅 南,110万,9650,新北区璜土,金美林花园,3室2厅1厨1卫,高楼层 (共14层),114㎡,平层,暂无数据,板塔结合,南,钢混结构,精装,暂无数据,暂无数据,暂无数据,2024-03-08,商品房,暂无数据,普通住宅,暂无数据,非共有,有抵押,未上传房本照片,,,,,,,,,,,
125,单价便宜  中间楼层  采光刺眼  拎包入住,72万,8182,新北区璜土,龙城福第,2室2厅1厨1卫,中楼层 (共24层),88㎡,平层,暂无数据,暂无数据,南,未知结构,精装,暂无数据,暂无数据,暂无数据,2024-03-07,商品房,暂无数据,普通住宅,暂无数据,共有,无抵押,未上传房本照片,户型周正，格局分布合理，空间感好，通透性强，居住舒适,"契税：首套房，90平米以下成交价的1％，90平米以上成交价的1.5％, 二套房90平以上成交价的2% 2、增值税：产证满2年免收增值税，未满2年征收5.6％； 3、个税：产证满五年而且是一套住房，免收个税，未满5年成交价的1%",生活设施齐全 银行 菜场 商场 饮食 公交 地铁 近在咫尺 生活起居很方便,,小区环境好，物业管理好，安全配套齐全 小区绿化好，绿树成荫，鸟语花香,,,,,,
126,中间楼层 采光好 房东诚心 价格好谈 看房提前约,105万,8678,新北区璜土,龙城福第,3室2厅1厨2卫,低楼层 (共33层),121㎡,平层,暂无数据,板塔结合,南,钢混结构,精装,暂无数据,暂无数据,暂无数据,2024-03-07,商品房,暂无数据,普通住宅,暂无数据,共有,无抵押,未上传房本照片,户型周正，格局分布合理，空间感好，通透性强，居住舒适,"契税：首套房，90平米以下成交价的1％，90平米以上成交价的1.5％, 二套房90平以上成交价的2% 2、增值税：产证满2年免收增值税，未满2年征收5.6％； 3、个税：产证满五年而且是一套住房，免收个税，未满5年成交价的1%",生活设施齐全 银行 菜场 商场 饮食 公交 地铁 近在咫尺 生活起居很方便,,小区环境好，物业管理好，安全配套齐全 小区绿化好，绿树成荫，鸟语花香,,,,,,
127,文鑫苑 3室2厅 南,116.8万,9983,新北区璜土,文鑫苑,3室2厅1厨2卫,高楼层 (共30层),117㎡,平层,暂无数据,平房,南,钢混结构,精装,三梯六户,有,暂无数据,2024-03-20,商品房,暂无数据,普通住宅,暂无数据,非共有,无抵押,未上传房本照片,,,,,,,,,,,
128,恐龙园旁 文鑫苑 纯毛坯洋房 楼层好 户型好 得房率高,149万,10445,新北区璜土,文鑫苑,4室2厅1厨2卫,中楼层 (共9层),142.66㎡,暂无数据,暂无数据,暂无数据,南 北,未知结构,毛坯,暂无数据,暂无数据,暂无数据,2023-08-31,商品房,2020-06-08,普通住宅,暂无数据,共有,无抵押,已上传房本照片,此房纯毛坯 洋房 得房率高 门口有使用面积 随时可看 业主诚售,存量房需要缴纳个人所得税1%。契税（看买方名下房屋套数决定费率），若买方此次购房为首套房且购买房屋为90㎡及以下，收取契税为：1%。90㎡以上契税收取：1.5%。二套房90㎡及以下依旧收取：1%，若90㎡以上将收取2%。三套房不论面积大小契税均按照3%收取。,,,,,亲和力爆棚的业主，诚心置换故此出售，夹杂五味杂陈的个人情感。忍痛挂牌，业主家庭和睦，等待有缘人接盘，房屋买卖交易问题可以随时致电垂询。竭诚为您服务,,全明户型，南北通空间，三开间朝南 惬意悠享假日生活；方正通透 没有浪费面积 功能实用,,
129,金美林花园，业主诚售，价格可谈,95万,10068,新北区璜土,金美林花园,3室2厅1厨2卫,高楼层 (共11层),94.36㎡,暂无数据,暂无数据,板塔结合,南,钢混结构,毛坯,暂无数据,暂无数据,暂无数据,2023-05-29,商品房,2017-08-07,普通住宅,暂无数据,非共有,无抵押,已上传房本照片,此房为毛坯顶楼复式，可以根据自己喜欢的风格装修,存量房需要缴纳个人所得税1%。契税，若买方此次购 房为首套房且购买房屋为90㎡及以下，收取契税为：1%。90㎡以上契税收取：1.5%。 二套房90㎡及以下依旧收取：1%，若90㎡以上将收取2%。三套及以上为3%。,此小区边上有玲珑菜市场，信特卖场，公交站台，BRT，生活交通便利。,,,此房总价比较低，很适合首付不够，总房价预算低的，适合一家三代人居住,,,,,
130,米兰阳光花苑 花园洋房 小高层 108平方 88万,85万,7866,新北区璜土,米兰阳光花苑,3室2厅1厨1卫,中楼层 (共5层),108.07㎡,暂无数据,暂无数据,暂无数据,南,未知结构,毛坯,暂无数据,暂无数据,暂无数据,2023-06-25,商品房,2020-12-23,普通住宅,暂无数据,非共有,无抵押,已上传房本照片,米兰阳光，江阴产权，毛坯房，好楼层，前后无遮挡，采光佳,存量房需要缴纳个人所得税1%。契税（看买方名下房屋套数决定费率）， 若买方此次购房为首套房且购买房屋为90㎡及以下，收取契税为：1%。90㎡以上契税收取：1.5%。 二套房90㎡及以下依旧收取：1%，若90㎡以上将收取2%。三套房不论面积大小契税均按照3%收取。,环境优美，绿化充足；：自驾：通过小湖路、常澄路、青阳路、芙蓉大道可快递前往常州及江阴市区，楼下自带大型商店,,有健身器材，小型篮球场，可供小区居民使用 车位：停车位充足，建有地上停车场和地下车库,,,,,,
131,碧桂园百兴澜庭，毛坯房，看房方便，有钥匙,112万,8659,新北区璜土,碧桂园百兴澜庭,3室2厅1厨2卫,低楼层 (共21层),129.36㎡,暂无数据,暂无数据,塔楼,南,砖混结构,毛坯,暂无数据,暂无数据,暂无数据,2023-10-26,商品房,2018-10-27,普通住宅,暂无数据,共有,有抵押 50万元 建设,已上传房本照片,户型周正，格局分布合理，空间感好，通透性强，居住舒适,"契税：首套房，90平米以下成交价的1％，90平米以上成交价的1.5％, 二套房90平以上成交价的2% 2、增值税：产证满2年免收增值税，未满2年征收5.6％； 3、个税：产证满五年而且是一套住房，免收个税，未满5年成交价的1%",生活设施齐全 银行 菜场 商场 饮食 公交 地铁 近在咫尺 生活起居很方便,,小区环境好，物业管理好，安全配套齐全 小区绿化好，绿树成荫，鸟语花香,,,,,,
132,出售富琛花园别墅纯毛坯带院子户型佳采光无遮挡,645万,17528,新北区璜土,富琛苑,6室2厅1厨6卫,低楼层 (共3层),368㎡,,暂无数据,,南,未知结构,毛坯,,,暂无数据,2023-06-19,商品房,暂无数据,别墅,暂无数据,非共有,无抵押,未上传房本照片,毛坯，大院子，得房率高，优价 采光充足,存量房需要缴纳个人所得税1%。契税（看买方名下房屋套数决定费率）， 若买方此次购房为首套房且购买房屋为90㎡及以下，收取契税为：1%。90㎡以上契税收取：1.5%。 二套房90㎡及以下依旧收取：1%，若90㎡以上将收取2%。三套房不论面积大小契税均按照3%,,交通方便，公交一应俱全，出行很是方便，不用担心出行，为以后的购物生活打下了基础,,布局合理，无浪费面积，小区安静舒适，环境优，恐龙园近 小区环境很好，居住人群素质较高，邻里关系很和睦，生活起来很舒服。,业主改善 ，看房方便， 诚心出售 ，随时都可以 签约 ，配套齐全，生活出行很方便，小区安全性能高！,,,暂无数据,
133,新出！格局分布合理，空间感好，通透性强,80万,8300,新北区璜土,龙城福第,2室2厅1厨1卫,中楼层 (共33层),96.39㎡,暂无数据,暂无数据,板塔结合,南,钢混结构,毛坯,暂无数据,暂无数据,暂无数据,2023-11-22,商品房,2020-04-20,普通住宅,满两年,共有,无抵押,已上传房本照片,户型周正，格局分布合理，空间感好，通透性强，居住舒适,"契税：首套房，90平米以下成交价的1％，90平米以上成交价的1.5％, 二套房90平以上成交价的2% 2、增值税：产证满2年免收增值税，未满2年征收5.6％； 3、个税：产证满五年而且是一套住房，免收个税，未满5年成交价的1%",生活设施齐全 银行 菜场 商场 饮食 公交 地铁 近在咫尺 生活起居很方便,,小区环境好，物业管理好，安全配套齐全 小区绿化好，绿树成荫，鸟语花香,,,,,,
134,交通方便 看房子方便 房东诚心卖  江阴的房子,330万,14348,新北区璜土,碧桂园百兴澜庭,4室2厅1厨2卫,低楼层 (共3层),230㎡,,暂无数据,,南,未知结构,毛坯,,,暂无数据,2022-08-08,商品房,暂无数据,别墅,暂无数据,共有,无抵押,未上传房本照片,此房户型方正，楼层好，采光足，配套齐全，价格实惠,"首套房90平米以下成交价的1%,90平米以上成交价的1.5%,二套房90 平以下1%,以上2%,三套房不论大小均为3%;增值税分析:产证满2年免收增值 税,未满2年征收5.3%;个税:产证满五年而且是唯套住房,免收个税,未满5 年成交价的1%",,生活设施齐全 银行 菜场 商场 饮食 公交 地铁 近在咫尺 生活起居很方便,,,业主人很友好、热情，诚心出售，成熟小区管理，证件齐全，随时签约，有钥匙看房方便,,,暂无数据,
135,两房 自住装修 房间有地暖 房东置换诚心出售,68万,9664,新北区璜土,金美林花园,2室1厅1厨1卫,中楼层 (共11层),70.37㎡,暂无数据,62㎡,板塔结合,南,钢混结构,精装,暂无数据,暂无数据,暂无数据,2023-04-07,商品房,2017-08-10,普通住宅,暂无数据,非共有,有抵押,已上传房本照片,金美林花园，精装两室、中间楼层、全天采光无遮挡，房东诚心出售,存量房需要缴纳个人所得税1%。 契税（看买方名下房屋套数决定费率）， 若买方此次购房为首套房且购买房屋为90㎡及以下， 收取契税为：1%， 90㎡ 以上契税：1.5%， 二套房90㎡及以下依旧：1%， 若90㎡以上：2%,距离恐龙园约3公里，公交站 交通便利 出行方便 交通便利，菜市场就近,,有健身器材，小型篮球场，可供小区居民使用 车位：停车位充足，建有地上停车场和地下车库,,,,小区是次新小区，户型是两个卧室朝南的户型。小高层，前排采光好,,
136,米兰阳光花园精装三房，诚心出售，随时看房,100万,10518,新北区璜土,米兰阳光花苑,3室2厅1厨1卫,高楼层 (共15层),95.08㎡,暂无数据,暂无数据,暂无数据,南,未知结构,精装,暂无数据,暂无数据,暂无数据,2023-05-23,商品房,2021-06-25,普通住宅,暂无数据,非共有,有抵押,已上传房本照片,米兰阳光，江阴产权，精装修，好楼层，前后无遮挡，采光佳,存量房需要缴纳个人所得税1%。契税（看买方名下房屋套数决定费率）， 若买方此次购房为首套房且购买房屋为90㎡及以下，收取契税为：1%。90㎡以上契税收取：1.5%。 二套房90㎡及以下依旧收取：1%，若90㎡以上将收取2%。三套房不论面积大小契税均按照3%收取。,环境优美，绿化充足；：自驾：通过小湖路、常澄路、青阳路、芙蓉大道可快递前往常州及江阴市区，楼下自带大型商店,,有健身器材，小型篮球场，可供小区居民使用 车位：停车位充足，建有地上停车场和地下车库,,,,,,
137,百兴澜庭别墅，户型好，位置佳，房东诚意出售,325万,14255,新北区璜土,碧桂园百兴澜庭,5室2厅1厨2卫,低楼层 (共3层),228㎡,暂无数据,暂无数据,平房,南,未知结构,毛坯,暂无数据,暂无数据,暂无数据,2021-12-20,商品房,暂无数据,普通住宅,暂无数据,非共有,有抵押 100万元,未上传房本照片,房子是别墅，卖一套少一套啊，房东诚意出售,"首套房90平米以下成交价的1%,90平米以上成交价的1.5%,二套房90 平以下1%,以上2%,三套房不论大小均为3%;增值税分析:产证满2年免收增值 税,未满2年征收5.3%;个税:产证满五年而且是唯套住房,免收个税,未满5 年成交价的1%",小区生活配套全 环境好 距离环球港2000米 距离恐龙园1500米,,小区地理位置佳，绿化高，居民素质高 配套：有健身器材，小型篮球场，可供小区居民使用 车位：停车位充足，建有地上停车场和地下车库 保安：小区内24小时保安巡逻,,,,,,
138,精装修 龙城福第，客厅带阳台，落地窗,60万,7203,新北区璜土,龙城福第,2室2厅1厨1卫,高楼层 (共33层),83.3㎡,暂无数据,暂无数据,板塔结合,南,钢混结构,精装,两梯四户,有,暂无数据,2022-02-12,商品房,暂无数据,普通住宅,暂无数据,共有,有抵押 35万元 35 客户偿还,未上传房本照片,小区大，视野很好，适合大人老人小孩居住。,存量房需要缴纳个人所得税1%。契税（看买方名下房屋套数决定费率）， 若买方此次购房为首套房且购买房屋为90㎡及以下，收取契税为：1%。90㎡以上契税收取：1.5%。 二套房90㎡及以下依旧收取：1%，若90㎡以上将收取2%。三套房不论面积大小契税均按照3%收取。,出小区就是五洲商场、连锁酒店、健身馆、大型综合商场等生活配套齐全。,,,,,,此房后面是别墅区，视野开阔，采光好，客厅带阳台户型、刚需可以利用空间多,,
139,恐龙园商旅圈/环球港旁坡地景观类独立别墅,668万,17749,新北区璜土,龙城福第,5室2厅1厨4卫,低楼层 (共3层),376.37㎡,,暂无数据,,南,未知结构,毛坯,,,暂无数据,2023-04-11,商品房,2015-08-20,别墅,暂无数据,共有,无抵押,已上传房本照片,地段好/生活设施齐全，房型好客厅挑高，每层有露台，有花园车库,,中华恐龙园，迪诺水镇，网红汉江路，环球港湾，五洲国际广场，观堂大酒店等。,龙城福第近临常澄公路，西望通江大道，东有青洋北路，南有沪宁高速，快速可抵新北市府区，亦方便快速抵达市区。目前有公交33路和302路，还有一号地铁线。交通便捷，出行方便！,龙城福第采用当代欧式风格与中国传统元素相结合，首创式将坡地景观引入社区，丰富的景观层次、多资的色彩变化、有序的景观空间开合。同时与的中间湖景相结合，使居于其间，充分领略生活之美。小区配备了会所、桌球馆、全场篮球场、网球场、乒乓球馆登设施。,,,,别墅共三层加地下室，一楼客厅挑高朝东南向，明亮有空间，餐厨一体化，一楼有北卧，南独立车库。二楼三卧室有北大露台，视野开阔景观好，三楼主卧套间设计加东露台，景观一览无余。位置好，地下室明亮不返潮。,暂无数据,
140,米兰阳光花苑 95平方 精装 三房,75万,7829,新北区璜土,米兰阳光花苑,3室2厅1厨1卫,中楼层 (共16层),95.8㎡,暂无数据,暂无数据,板楼,南,钢混结构,精装,两梯两户,有,暂无数据,2023-07-31,商品房,暂无数据,普通住宅,暂无数据,共有,有抵押,未上传房本照片,小区位置安静 小高层 中上楼层 居住舒适，精装修未入住,存量房需要缴纳个人所得税1%。契税（看买方名下房屋套数决定费率）， 若买方此次购房为首套房且购买房屋为90㎡及以下，收取契税为：1%。90㎡以上契税收取：1.5%。 二套房90㎡及以下依旧收取：1%，若90㎡以上将收取2%。三套房不论面积大小契税..,环境优美，绿化充足，靠黄河路，通过小湖路、常澄路、青阳路、芙蓉大道可快递前往常州及江阴市区，楼下自带大型商店。靠龙虎塘社区，配套齐全,,小区环境好，绿化充足；通过小湖路、常澄路、青阳路、芙蓉大道可快递前往常州及江阴市区，楼下自带大型商店入住率百分之80，24小时安保，绿化比例2.2,,,,,,
141,花园洋房 总高5楼 有电梯 118平方 双阳台,98万,8306,新北区璜土,龙城福第,3室2厅1厨1卫,中楼层 (共6层),118㎡,暂无数据,暂无数据,暂无数据,南,未知结构,毛坯,暂无数据,暂无数据,暂无数据,2023-08-25,商品房,暂无数据,普通住宅,暂无数据,共有,无抵押,未上传房本照片,卖点： 江阴产权，看房方便，诚心出售，交通便利。 洋房,存量房需要缴纳个人所得税1%。契税（看买方名下房屋套数决定费率）， 若买方此次购房为首套房且购买房屋为90㎡及以下，收取契税为：1%。90㎡以上契税收取：1.5%。 二套房90㎡及以下依旧收取：1%，若90㎡以上将收取2%。三套房不论面积大小契税均.3,配套： 出小区就是五洲商场、连锁酒店、健身馆、游泳馆、小湖综合菜市场水产市场,,小区位置好，邻近别墅区，人文素质高，物业管理好，安全设施齐全,,,,,,
142,龙城福第，三房朝南，南北通透，有钥匙，看中可谈,89万,6860,新北区璜土,龙城福第,3室2厅1厨2卫,低楼层 (共18层),129.74㎡,暂无数据,暂无数据,暂无数据,南 北,未知结构,其他,暂无数据,暂无数据,暂无数据,2023-10-29,商品房,暂无数据,普通住宅,暂无数据,共有,无抵押,未上传房本照片,龙城福第，纯毛坯，3室2厅2卫，楼层好，采光佳，交通便利,存量房需要缴纳个人所得税1%。契税（看买方名下房屋套数决定费率）， 若买方此次购房为首套房且购买房屋为90㎡及以下，契税为：1%。90㎡以上契税：1.5%。 二套房90㎡及以下依旧：1%，若90㎡以上将2%。三套房不论面积大小契税均按照3%,近有五洲国际商场，春潮购物广场，小湖市场，环球港、基本的生活设施都有。,,小区属于江阴产权，和常州一路之隔，地理位置优越，交通 便 利,,,,,,
143,龙城福第 95.3平方 毛坯 79.9万 价格可谈,68万,7136,新北区璜土,龙城福第,2室2厅1厨1卫,低楼层 (共18层),95.3㎡,暂无数据,暂无数据,暂无数据,南,未知结构,毛坯,暂无数据,暂无数据,暂无数据,2023-05-30,商品房,暂无数据,普通住宅,暂无数据,非共有,有抵押 35万元 平安银行 客户偿还,未上传房本照片,小区环境优雅，配套成熟，交通便利，居住舒适。,存量房需要缴纳个人所得税1%。契税（看买方名下房屋套数决定费率），若买方此次购 房为首套房且购买房屋为90㎡及以下，收取契税为：1%。90㎡以上契税收取：1.5%。 二套房90㎡及以下依旧收取：1%，若90㎡以上将收取2%。三套房不论面积大小契税 均按照3%..,,,生活设施齐 ，农贸菜场 商场 饮食近在咫尺 生活起居很方便。,,纯毛坯 业主人非 常友好、热情，很有诚意出售。欢迎看房，随时恭候户型棒，成熟小区管理。,,,,
144,碧桂园百兴澜庭，小高层3室，户型方正，中间好楼层,85万,9677,新北区璜土,碧桂园百兴澜庭,2室1厅1厨1卫,中楼层 (共9层),87.84㎡,暂无数据,暂无数据,暂无数据,南 北,未知结构,毛坯,暂无数据,暂无数据,暂无数据,2023-10-11,商品房,暂无数据,普通住宅,暂无数据,共有,有抵押 业主自还,未上传房本照片,碧桂园百兴澜庭，三室两厅一卫，户型方正，中间好楼层,首套房90平及以下1%，90平以上1.5%，二套房90平及以下1%，90平以上2%，三套房不论面积都是3%,,,优雅观景卧室，让阳光与清风轻松入户，给诗意生活更添无限情趣；夕阳与晨曦在枕间悄然停落；让阳光筑慵懒小巢卫浴。,,,,户型方正，三室两厅，1梯2户，边上别墅，没有遮挡，随时可以看房,,
145,米兰阳光精装未入住，3房，中上楼层，满2年，看房方便,95万,7983,新北区璜土,米兰阳光花苑,3室2厅1厨2卫,中楼层 (共10层),119.01㎡,暂无数据,暂无数据,暂无数据,南 北,未知结构,精装,暂无数据,暂无数据,暂无数据,2023-04-18,商品房,2020-08-01,普通住宅,暂无数据,非共有,无抵押,已上传房本照片,小区位置安静 小高层 中上楼层 居住舒适，精装修未入住,存量房需要缴纳个人所得税1%。契税（看买方名下房屋套数决定费率）， 若买方此次购房为首套房且购买房屋为90㎡及以下，收取契税为：1%。90㎡以上契税收取：1.5%。 二套房90㎡及以下依旧收取：1%，若90㎡以上将收取2%。三套房不论面积大小契税..,环境优美，绿化充足，靠黄河路，通过小湖路、常澄路、青阳路、芙蓉大道可快递前往常州及江阴市区，楼下自带大型商店。靠龙虎塘社区，配套齐全,,小区环境好，绿化充足；通过小湖路、常澄路、青阳路、芙蓉大道可快递前往常州及江阴市区，楼下自带大型商店入住率百分之80，24小时安保，绿化比例2.2,,,,,,
146,文鑫苑（世纪学府）98平方 毛坯 90万 三房,85万,8725,新北区璜土,文鑫苑,3室2厅1厨1卫,高楼层 (共30层),97.43㎡,暂无数据,暂无数据,塔楼,南 北,框架结构,毛坯,暂无数据,暂无数据,暂无数据,2022-12-10,商品房,2020-07-31,普通住宅,暂无数据,共有,无抵押,已上传房本照片,新小区，位置好，楼层好，采光充足，视野开阔,存量房需要缴纳个人所得税1%。契税（看买方名下房屋套数决定费率）， 若买方此次购房为首套房且购买房屋为90㎡及以下，收取契税为：1%。90㎡以上契税收取：1.5%。 二套房90㎡及以下依旧收取：1%，若90㎡以上将收取2%。三套房不论面积大小契税均按照3%收取。,碧桂园华星·世纪学府小区，环境优美，绿化充足；：自驾：通过小湖路、常澄路、青阳路、芙蓉大道可快递前往常州及江阴市区，楼下自带大型商店,,小区环境好入住率百分之80，24小时安保，绿化比例2.2..,,,,此房是三开间朝南，毛坯房，装修设计自由，户型好，采光很好，3室2厅1厨1卫，视野开阔,,
147,出售 龙城福第三房 精装楼层佳 采光无遮挡拎包入住,113万,9913,新北区璜土,龙城福第,3室2厅1厨1卫,低楼层 (共32层),114㎡,暂无数据,暂无数据,板楼,南 北,钢混结构,精装,两梯四户,有,暂无数据,2023-07-06,商品房,暂无数据,普通住宅,暂无数据,共有,无抵押,未上传房本照片,房子精装修的 地段优越 小区环境优美，出行方便,目前在常州首房首贷首付2成，二贷首付3成，税费：契税：首套90平以下1个点，90以上1.5，二套90以下还是1个点，二套90以上2个点，3套不计面积都是3个，个税：房子满五唯一免征，不唯一1个点。增值税：满二：免征，不满二5.3增值税,,,小区位于新北区恐龙园边上，龙虎塘板块， 出行方便 环境绿化都很好 安静和谐 欢迎看房,,,,房子是三室两厅一厨一卫的 ，客厅朝西，俩房朝南，采光好 每个房间都很独立 空间好,,
148,米兰阳光简装3房，交通便利，诚心出售,75万,7889,新北区璜土,米兰阳光花苑,3室2厅1厨1卫,低楼层 (共16层),95.08㎡,暂无数据,暂无数据,板楼,南,钢混结构,简装,两梯两户,有,暂无数据,2023-05-05,商品房,暂无数据,普通住宅,暂无数据,非共有,有抵押,未上传房本照片,视野开阔，采光充足，配套设施齐全，交通便利,存量房需要缴纳个人所得税1%。契税（看买方名下房屋套数决定费率）， 若买方此次购房为首套房且购买房屋为90㎡及以下，收取契税为：1%。90㎡以上契税收取：1.5%。 二套房90㎡及以下依旧收取：1%，若90㎡以上将收取2%。三套房不论面积大小契税均按照3%收取。,距离恐龙园约3公里，公交站 交通便利 出行方便 交通便利，菜市场就近。近恐龙园（以侏罗纪为主题的公园），边上环球港和五洲国际两家综合体让你吃 喝 玩 乐一处全满足。,,,,业主置换，改善换房，计划和老人孩子一起住，看房提前约，业主随时可以签约,,,,
149,恐龙园旁精装修 产权清晰 中间楼层 随时可看 户型房子,63万,8490,新北区璜土,金美林花园,2室1厅1厨1卫,低楼层 (共16层),74.21㎡,平层,暂无数据,板塔结合,南,钢混结构,精装,两梯四户,有,暂无数据,2023-08-16,商品房,暂无数据,普通住宅,暂无数据,共有,无抵押,未上传房本照片,恐龙园旁精装修           中间楼层 随时可看 户型方正 精装..,,商城 菜场 都有 生活很便捷 价格合适户型方正 精装修 ..,,,"适宜人群:删除
适合刚需和养老 小区环境新 精装修 保养好 电梯房 产权清晰",,精装修 一直自住的 保养的比较好 可以拎包入住 电梯房 中间楼层,,,
150,此房精装修 ，视野开阔，采光充足有一个院子,103万,9200,新北区璜土,碧桂园百兴澜庭,3室2厅1厨2卫,低楼层 (共30层),111.96㎡,暂无数据,暂无数据,板楼,南,钢混结构,精装,暂无数据,暂无数据,暂无数据,2023-10-10,商品房,2020-10-10,普通住宅,暂无数据,共有,无抵押,已上传房本照片,此房精装修 ，视野开阔，采光充足有一个院子,"契税：首套房，90平米以下成交价的1％，90平米以上成交价的1.5％, 二套房90平以上成交价的2% 2、增值税：产证满2年免收增值税，未满2年征收5.6％； 3、个税：产证满五年而且是一套住房，免收个税，未满5年成交价的1%",,生活设施齐全 银行 菜场 商场 饮食 公交 地铁 近在咫尺 生活起居很方便,,,,,户型方正，三室两厅两卫，双阳台，两梯4户，边上别墅，没有遮挡，随时可以看房,,
151,江阴的房子 靠常州 楼层好 房东诚心 卖,105万,9349,新北区璜土,碧桂园百兴澜庭,3室2厅1厨2卫,高楼层 (共33层),112.32㎡,暂无数据,暂无数据,暂无数据,南,未知结构,毛坯,暂无数据,暂无数据,暂无数据,2023-09-10,商品房,2020-08-10,普通住宅,暂无数据,共有,有抵押,已上传房本照片,户型方正.采光充足.交通便利.配套齐全,"1、契税：首套房，90平米以下成交价的1％，90平米以上成交价的1.5％, 二套房90平以上成交价的2%, 2、增值税：产证满2年免收增值税，未满2年征收5.6％； 3、个税：产证满五年而且是一套住房，免收个税，未满5年成交价的1%",,,,,业主现诚心出售，证件齐，欢迎看房，随时恭候，如看中房子，价格可谈,,,,此房产权清晰，房源真实，业主诚心出售，看房方便，过户全程陪同
152,龙城福第 3室2厅 南,79万,6521,新北区璜土,龙城福第,3室2厅1厨2卫,低楼层 (共33层),121.16㎡,暂无数据,暂无数据,板塔结合,南,钢混结构,毛坯,两梯四户,有,暂无数据,2023-03-27,商品房,2020-12-11,普通住宅,暂无数据,共有,有抵押 32万元 业主自还,已上传房本照片,,,,,,,,,,,
153,龙城福第，中上楼层，看房方便，房东诚售,120万,9250,新北区璜土,龙城福第,3室2厅1厨2卫,高楼层 (共18层),129.73㎡,暂无数据,暂无数据,暂无数据,南,未知结构,简装,暂无数据,暂无数据,暂无数据,2023-07-18,商品房,暂无数据,普通住宅,暂无数据,非共有,无抵押,未上传房本照片,江阴产权，看房方便，诚心出售，交通便利。,存量房需要缴纳个人所得税1%。契税（看买方名下房屋套数决定费率）， 若买方此次购房为首套房且购买房屋为90㎡及以下，收取契税为：1%。90㎡以上契税收取：1.5%。 二套房90㎡及以下依旧收取：1%，若90㎡以上将收取2%。三套房不论面积大小契税均按照3%收取。,出小区就是五洲商场、连锁酒店、健身馆、游泳馆、小湖综合菜市场水产市场,,小区位置好，邻近别墅区，人文素质高，物业管理好，安全设施齐全,,,,,,
154,龙城福第别墅 位置安静 院子大 居住舒适,798万,26164,新北区璜土,龙城福第,5室2厅1厨2卫,低楼层 (共3层),305㎡,暂无数据,暂无数据,暂无数据,南,未知结构,毛坯,暂无数据,暂无数据,暂无数据,2023-03-11,商品房,暂无数据,普通住宅,暂无数据,共有,无抵押,未上传房本照片,小区环境好 绿化高 房子使用面积大 院子大,存量房需要缴纳个人所得税1%。契税（看买方名下房屋套数决定费率）， 若买方此次购房为首套房且购买房屋为90㎡及以下，收取契税为：1%。90㎡以上契税收取：1.5%。 二套房90㎡及以下依旧收取：1%，若90㎡以上将收取2%。三套房不论面积大小契税均按照3%收取,,,小区环境优雅 安静 居住舒适安全 物业管理严格，让身处闹市的我们有一片闲静的空间,,,这套房子是毛坯的 装修中的改动空间很大。可以根据自己的风格进行改造,,,
155,文鑫苑 3室2厅 南 北,106万,9218,新北区璜土,文鑫苑,3室2厅1厨2卫,高楼层 (共30层),115㎡,暂无数据,暂无数据,暂无数据,南 北,钢混结构,毛坯,三梯六户,有,暂无数据,2023-07-03,商品房,暂无数据,普通住宅,暂无数据,共有,有抵押,未上传房本照片,,,,,,,,,,,
156,恐龙园旁 小洋房总价低得房率高,115万,10088,新北区璜土,龙城福第,3室2厅1厨2卫,中楼层 (共6层),114㎡,暂无数据,暂无数据,暂无数据,南,未知结构,毛坯,暂无数据,暂无数据,暂无数据,2023-09-07,商品房,暂无数据,普通住宅,暂无数据,共有,无抵押,未上传房本照片,房子是洋房  毛坯的 地段优越 小区环境优美，出行方便,目前在常州首房首贷首付2成，二贷首付3成，税费：契税：首套90平以下1个点，90以上1.5，二套90以下还是1个点，二套90以上2个点，3套不计面积都是3个，个税：房子满五唯一免征，不唯一1个点。增值税：满二：免征，不满二5.3增值税,,,小区位于新北区恐龙园边上，龙虎塘板块， 出行方便 环境绿化都很好 安静和谐 欢迎看房,,,,房子是三室两厅一厨两卫的 ，户型中规中矩，采光好 每个房间都很独立 空间好,,
157,恐龙园旁 文馨苑 纯毛坯3房 好楼层视野开阔,100万,8696,新北区璜土,文鑫苑,3室2厅1厨2卫,中楼层 (共34层),115㎡,暂无数据,暂无数据,板楼,南,砖混结构,毛坯,两梯四户,有,暂无数据,2023-04-08,商品房,暂无数据,普通住宅,暂无数据,共有,有抵押,未上传房本照片,小区新 环境好 物业管理好 安全 房子户型好通透 三朝南,契税:A首套90平以下1%B首套90平以上1.5%C二套90平以下1%D二套90平以上 2%E三套都是3%增值税:满两年免征不满2年权额征收5.3%个人所得税不满五唯一一个点,,,小区地理位置佳，绿化高，居民素质高 配套：有健身器材，可供小区居民使用 车位：停车位充足，建有地上停车场和地下车库 保安：小区内24小时保安巡逻,,,,,,"此房产权清晰,房源真实,业主诚心出售,看房方便,过户全程陪同"
158,恐龙园次新小区好楼层纯毛坯经典三房有钥匙随时看,75万,7752,新北区璜土,文鑫苑,3室2厅1厨1卫,高楼层 (共34层),96.75㎡,暂无数据,暂无数据,板楼,南,砖混结构,毛坯,两梯四户,有,暂无数据,2023-09-09,商品房,2020-08-26,普通住宅,暂无数据,共有,无抵押,已上传房本照片,格局好经典的3房设计没有浪费有钥匙,,,,碧桂园开发，碧桂园管理，恐龙园的次新小区。楼下就是菜场，出行便利,,,,"三开间朝南,中上楼层采光好纯毛坯有钥匙随时看房.房东诚心出售，随时可签",,没有抵押，产权清晰，随时可以过户。有钥匙，随时看房，纯毛坯，可以按照自己要求装修
159,米兰阳光精装三房，中上楼层，视野采光好,88万,7669,新北区璜土,米兰阳光花苑,3室2厅1厨1卫,高楼层 (共15层),114.76㎡,暂无数据,暂无数据,暂无数据,南,未知结构,简装,暂无数据,暂无数据,暂无数据,2023-01-05,商品房,2020-09-22,普通住宅,暂无数据,非共有,无抵押,已上传房本照片,楼层好，视野开阔，采光充足，配套设施齐全，交通便利,存量房需要缴纳个人所得税1%。契税（看买方名下房屋套数决定费率）， 若买方此次购房为首套房且购买房屋为90㎡及以下，收取契税为：1%。90㎡以上契税收取：1.5%。 二套房90㎡及以下依旧收取：1%，若90㎡以上将收取2%。三套房不论面积大小契税均按照3%收取。,距离恐龙园约3公里，公交站 交通便利 出行方便 交通便利，菜市场就近。近恐龙园（以侏罗纪为主题的公园），边上环球港和五洲国际两家综合体让你吃 喝 玩 乐一处全满足。,,,本房精装，房子楼层好，采光足，有电梯，老人，小孩，孕妇等都适合,,,,,
160,碧桂园 江阴的房子 靠着常州边上交通方便,128万,9870,新北区璜土,碧桂园百兴澜庭,3室2厅1厨2卫,低楼层 (共33层),129.69㎡,暂无数据,暂无数据,暂无数据,东 南,未知结构,毛坯,暂无数据,暂无数据,暂无数据,2022-08-06,商品房,暂无数据,普通住宅,暂无数据,共有,有抵押,未上传房本照片,此房户型方正，楼层好，采光足，配套齐全，价格实惠,"1、契税：首套房，90平米以下成交价的1％，90平米以上成交价的1.5％, 二套房90平以上成交价的2% 2、增值税：产证满2年免收增值税，未满2年征收5.6％； 3、个税：产证满五年而且是一套住房，免收个税，未满5年成交价的1%",,生活设施齐全 银行 菜场 商场 饮食 公交 地铁 近在咫尺 生活起居很方便,,,业主人很友好、热情，诚心出售，成熟小区管理，证件齐全，随时签约，看房方便,,,,
161,富琛苑 大别墅 院子大  房东诚信出售,980万,15655,新北区璜土,富琛苑,5室2厅2厨2卫,低楼层 (共2层),626㎡,,暂无数据,,东南,未知结构,毛坯,,,暂无数据,2021-07-13,商品房,暂无数据,别墅,暂无数据,共有,无抵押,未上传房本照片,布局合理，无浪费面积，小区安静舒适，环境优,首套房契税是1.5%，二套是2%，三套及以上是3%，如不满两年增加5.3%的增值税。,生活设施齐 银行 综合市场 菜场 商场 饮食近在咫尺 生活起居很方便,交通方便，公交brt一应俱全，出行很是方便，不用担心出行，为以后的购物生活打下了基础,,,,,,暂无数据,
162,龙城福第，毛坯大三房，前后无遮挡，采光佳,81万,6695,新北区璜土,龙城福第,3室2厅1厨1卫,低楼层 (共33层),121㎡,暂无数据,暂无数据,板塔结合,东南,钢混结构,毛坯,暂无数据,暂无数据,暂无数据,2021-12-13,商品房,暂无数据,普通住宅,暂无数据,共有,有抵押 / 业主自还,未上传房本照片,龙城福第，三室两厅一卫，毛坯房，前后无遮挡，采光佳,首套房契税是1.5%，二套是2%，三套及以上是3%，如不满两年增加5.3%的增值税。,地处江阴与常州交界处，有小湖市场、五洲国际广场等，饮食近在咫尺 生活起居很方便。,,,,,,户型方正，边户，两房朝南，客厅东西向，明厨明卫，三面采光，视线好,,
163,文鑫苑（世纪学府）115.8平方 毛坯 有车位三房二卫,95万,8204,新北区璜土,文鑫苑,3室2厅1厨2卫,低楼层 (共34层),115.8㎡,暂无数据,暂无数据,板楼,南,砖混结构,毛坯,两梯四户,有,暂无数据,2023-02-25,商品房,暂无数据,普通住宅,暂无数据,共有,有抵押 50万元,未上传房本照片,小区绿化高环境好 房子户型好三朝南 通透 好楼层 居住舒适,存量房需要缴纳个人所得税1%。契税（看买方名下房屋套数决定费率）， 若买方此次购房为首套房且购买房屋为90㎡及以下，收取契税为：1%。90㎡以上契税收取：1.5%。 二套房90㎡及以下依旧收取：1%，若90㎡以上将收取2%。三套房不论面积大小契税均按照3%收取。,碧桂园华星·世纪学府小区，环境优美，绿化充足；：自驾：通过小湖路、常澄路、青阳路、芙蓉大道可快递前往常州及江阴市区，楼下自带大型商店,,此小区为新小区，小区环境好，入住率百分之80，24小时安保，绿化比例2.2，适宜居住。,,,,,,
164,碧桂园百兴澜庭95平米精装修自住三房，诚意出售,103万,10763,新北区璜土,碧桂园百兴澜庭,2室2厅1厨1卫,高楼层 (共33层),95.7㎡,暂无数据,暂无数据,板楼,南,钢混结构,精装,两梯四户,有,暂无数据,2023-03-19,商品房,暂无数据,普通住宅,暂无数据,非共有,无抵押,未上传房本照片,碧桂园百兴澜庭，精装自住，三室两厅两卫，户型方正，中间楼层,存量房交易过程中会产生个人所得税1%，首套房90平及以下契税1%，90平以上契税1.5%.,,生活设施齐全 银行 菜场 商场 饮食 公交 ，高速路口，高铁站。 近在咫尺 生活起居很方便,,,,,三房二厅俩卫，优雅观景卧室，让阳光与清风轻松入户，给诗意生活更添无限情趣；夕阳与晨曦在枕间悄然停落；让阳光筑慵懒小巢卫浴。,,
165,房东诚心 卖 毛坯 价格好谈  看房子 方便,88万,9196,新北区璜土,碧桂园百兴澜庭,3室2厅1厨1卫,低楼层 (共33层),95.7㎡,暂无数据,暂无数据,板楼,南,钢混结构,毛坯,两梯四户,有,暂无数据,2023-05-25,商品房,2023-05-25,普通住宅,未满两年,非共有,无抵押,已上传房本照片,碧桂园百兴澜庭，三室两厅两卫，户型方正，中间好楼层，随看,首套房90平及以下1%，90平以上1.5%，二套房90平及以下1%，90平以上2%，三套房不论面积都是3%,生活设施齐全 银行 菜场 商场 饮食 公交 地铁 近在咫尺 生活起居很方便,,优雅观景卧室，让阳光与清风轻松入户，给诗意生活更添无限情趣；夕阳与晨曦在枕间悄然停落；让阳光筑慵懒小巢卫浴。,,,,户型方正，三室两厅两卫，双阳台，2梯4户，边上别墅，没有遮挡，随时可以看房,,
166,龙城福第经典小户型，房东诚意出售,57万,10364,新北区璜土,龙城福第,1室1厅1厨1卫,高楼层 (共18层),55㎡,暂无数据,暂无数据,暂无数据,西南,未知结构,毛坯,两梯四户,有,暂无数据,2021-12-13,商品房,暂无数据,普通住宅,暂无数据,非共有,无抵押,未上传房本照片,此房小户型，布局合理，小区环境好，物业服务到位,存量房需要缴纳个人所得税1%。契税（看买方名下房屋套数决定费率）， 若买方此次购房为首套房且购买房屋为90㎡及以下，收取契税为：1%。90㎡以上契税收取：1.5%。 二套房90㎡及以下依旧收取：1%，若90㎡以上将收取2%。三套房不论面积大小契税均按照3%收取。,,,小区环境优美 配套成熟 交通便利 居住舒适 人文素养好 乐于助人 相处和谐,,,,,,此房产权清晰 无抵押 无户口 无纠纷 可放心购买 业主诚心售 房价可谈 看房方便 提前联
167,龙城福第大三房，户型方正，房东诚意出售,97万,8585,新北区璜土,龙城福第,3室2厅1厨1卫,高楼层 (共24层),113㎡,暂无数据,暂无数据,暂无数据,南,未知结构,毛坯,暂无数据,暂无数据,暂无数据,2021-12-13,商品房,暂无数据,普通住宅,暂无数据,共有,无抵押,未上传房本照片,户型方正  得房率高 房子是大三f房，老人小孩居住方便,90平以上 首套房契税是1.5%，二套是2%，三套及以上是3%，如不满两年增加5.3%税的增值税 90平以下 首套房契税是1%，二套房也是1%，三套及以上是3%90平以上 首套房契税是1.5%，二套是2%，三套及以上是3%，如不满两年增加5.3%税的增值税 90平以下 首套房契税..,,小区门口有共享单车，出小区300米29路公交车，距离地铁1好线环球港站1000米,小区出行方便 交通便利 生活舒适 出小区就有菜场和商场 很有生活气息 医院就在1公里处龙虎塘医院,,,,,,
168,米兰阳光 好楼层 户型好 全天采光,96万,8029,新北区璜土,米兰阳光花苑,3室2厅1厨2卫,高楼层 (共10层),119.58㎡,暂无数据,暂无数据,暂无数据,南,未知结构,简装,暂无数据,暂无数据,暂无数据,2023-04-03,商品房,暂无数据,普通住宅,暂无数据,非共有,无抵押,未上传房本照片,小区位置安静 小高层 中间楼层 居住舒适,存量房需要缴纳个人所得税1%。契税（看买方名下房屋套数决定费率）， 若买方此次购房为首套房且购买房屋为90㎡及以下，收取契税为：1%。90㎡以上契税收取：1.5%。 二套房90㎡及以下依旧收取：1%，若90㎡以上将收取2%。三套房不论面积大小契税均按照3%收取,环境优美，绿化充足；：自驾：通过小湖路、常澄路、青阳路、芙蓉大道可快递前往常州及江阴市区，楼下自带大型商店环境优美，绿化充足；：自驾：通过小湖路、常澄路、青阳路、芙蓉大道可快递前往常州及江阴市区，楼下自带大型商店,,小区环境好环境优美，绿化充足；：自驾：通过小湖路、常澄路、青阳路、芙蓉大道可快递前往常州及江阴市区，楼下自带大型商店入住率百分之80，24小时安保，绿化比例2.2,,,,,,
169,文鑫苑 纯毛坯 好楼层 三朝南户型 看房方便,78万,8042,新北区璜土,文鑫苑,3室2厅1厨2卫,高楼层 (共34层),97㎡,暂无数据,暂无数据,平房,南 北,钢混结构,毛坯,三梯四户,有,暂无数据,2023-03-06,商品房,暂无数据,普通住宅,暂无数据,共有,有抵押,未上传房本照片,小区环境好房子新  好户型 三朝南 阳光充足,存量房需要缴纳个人所得税1%。契税（看买方名下房屋套数决定费率）， 若买方此次购房为首套房且购买房屋为90㎡及以下，收取契税为：1%。90㎡以上契税收取：1.5%。 二套房90㎡及以下依旧收取：1%，若90㎡以上将收取2%。三套房不论面积大小契税均按照3%收取,,,小区环境好 绿化高 犹如公园一般 饭后散步可不用出小区 居民素质高 物业负责，24小时安保，,,,,此房是三开间朝南，毛坯房，装修设计自由，户型好，采光很好，3室2厅1厨1卫，视野开阔,,
170,房东诚心出售..........,98万,8807,新北区璜土,金美林花园,3室2厅1厨1卫,中楼层 (共11层),111.28㎡,暂无数据,暂无数据,板塔结合,南,钢混结构,其他,暂无数据,暂无数据,暂无数据,2023-04-28,商品房,暂无数据,普通住宅,暂无数据,非共有,有抵押,未上传房本照片,此房方正，采光充足，小区出行便利,存量房需要缴纳个人所得税1%。契税（看买方名下房屋套数决定费率）， 若买方此次购房为首套房且购买房屋为90㎡及以下，收取契税为：1%。90㎡以上契税收取：1.5%。 二套房90㎡及以下依旧收取：1%，若90㎡以上将收取2%。三套房不论面积大小契税均按照3%收取。,小区生活配套全 环境好 距离环球港2000米 距离恐龙园1500米，距离璜石湖公园1500米左右，坐拥双城生活圈,,小区环境优美 配套成熟 交通便利 居住舒适 人文素养好 乐于助人 相处和谐,,,,,,
171,此房位置好，视野宽阔，配套 齐 全，交通 便 利,120万,9555,新北区璜土,碧桂园百兴澜庭,3室2厅1厨2卫,中楼层 (共9层),125.6㎡,暂无数据,暂无数据,暂无数据,南,未知结构,简装,暂无数据,暂无数据,暂无数据,2023-10-11,商品房,暂无数据,普通住宅,暂无数据,非共有,无抵押,未上传房本照片,此房位置好，视野宽阔，配套 齐 全，交通 便 利,首套房90平及以下1%，90平以上1.5%，二套房90平及以下1%，90平以上2%，三套房不论面积都是3% 房主自荐(业主对房源的描述),,生活设施齐全 银行 菜场 商场 饮食 公交 地铁 近在咫尺 生活起居很方便,,,业主诚心出售，随时可以看房，产权清晰，如有看中，全程配套签约过户。,,户型方正，三室两厅两卫，双阳台，一梯两户，边上别墅，没有遮挡，随时可以看房,,
172,文鑫苑毛坯三房，户型方正，诚心出售,94万,8104,新北区璜土,文鑫苑,3室2厅1厨2卫,中楼层 (共34层),116㎡,暂无数据,暂无数据,平房,南,钢混结构,毛坯,三梯四户,有,暂无数据,2023-07-06,商品房,暂无数据,普通住宅,暂无数据,共有,有抵押,未上传房本照片,小区新 环境好 物业管理好 安全 房子户型好通透 三朝南,契税:A首套90平以下1%B首套90平以上1.5%C二套90平以下1%D二套90平以上 2%E三套都是3%增值税:满两年免征不满2年权额征收5.3%个人所得税不满五唯一一个点,,,小区地理位置佳，绿化高，居民素质高 配套：有健身器材，可供小区居民使用 车位：停车位充足，建有地上停车场和地下车库 保安：小区内24小时保安巡逻,,,,,,"此房产权清晰,房源真实,业主诚心出售,看房方便,过户全程陪同"
173,碧桂园百兴澜庭 4室2厅 南,380万,16522,新北区璜土,碧桂园百兴澜庭,4室2厅1厨3卫,低楼层 (共3层),230㎡,,暂无数据,,南,未知结构,精装,,,暂无数据,2022-07-06,商品房,暂无数据,别墅,暂无数据,共有,有抵押 40,未上传房本照片,,,,,,,,,,暂无数据,
174,文鑫苑纯毛坯 洋房 好楼层 采光好 使用空间大,95万,8120,新北区璜土,文鑫苑,3室2厅1厨2卫,高楼层 (共30层),117㎡,暂无数据,暂无数据,塔楼,南,框架结构,毛坯,暂无数据,暂无数据,暂无数据,2023-03-01,商品房,暂无数据,普通住宅,暂无数据,非共有,有抵押,未上传房本照片,"此房满二,楼层无遮挡,视野广阔，总高9层的洋房，户型方正",契税:A首套90平以下1%B首套90平以上1.5%C二套90平以下1%D二套90平以上 2%E三套都是3%增值税:满两年免征不满2年权额征收5.3%个人所得税不满五唯一一个点,,小区东门出门是公交站站台，3公里上青阳路高架，3公里左右上高速，去苏州，无锡，南京，都方便。,,,,,,,"此房产权清晰,房源真实,业主诚心出售,看房方便,过户全程陪同"
175,金美林三室两卫，精装修，边户，有钥匙随时看,110万,8731,新北区璜土,金美林花园,3室2厅1厨2卫,低楼层 (共10层),126㎡,暂无数据,暂无数据,暂无数据,南,未知结构,精装,暂无数据,暂无数据,暂无数据,2022-09-06,商品房,暂无数据,普通住宅,暂无数据,非共有,有抵押 6万元 业主自还,未上传房本照片,金美林，精装修，三室两厅两卫，边户，江阴产权，随时看,存量房需要缴纳个人所得税1%。契税（看买方名下房屋套数决定费率）， 若买方此次购房为首套房且购买房屋为90㎡及以下，收取契税为：1%。90㎡以上契税收取：1.5%。 二套房90㎡及以下依旧收取：1%，若90㎡以上将收取2%。三套房不论面积大小契税均按照3%收取。,小区生活配套全 环境好 距离环球港2000米 距离恐龙园1500米，距离璜石湖公园1500米左右，坐拥双城生活圈,,,,,,此房精装3房2卫，户型好，空间利用的好，视野开阔，优雅观景卧室，让阳光与清风轻松入户，给诗意生活更添无限情趣；夕阳与晨曦在枕间悄然停落；让阳光筑慵懒小巢卫浴,,
176,米兰阳光花苑 3室2厅 南 北,79.8万,8357,新北区璜土,米兰阳光花苑,3室2厅1厨1卫,低楼层 (共15层),95.5㎡,暂无数据,暂无数据,板楼,南 北,钢混结构,毛坯,暂无数据,暂无数据,暂无数据,2023-01-30,商品房,暂无数据,普通住宅,暂无数据,非共有,有抵押,未上传房本照片,,,,,,,,,,,
177,金美林旁毛坯两室可以自主装修看房方便,100万,8146,新北区璜土,龙城福第,3室2厅1厨2卫,中楼层 (共28层),122.76㎡,暂无数据,暂无数据,板塔结合,南,钢混结构,毛坯,两梯五户,有,暂无数据,2023-01-29,商品房,暂无数据,普通住宅,暂无数据,共有,无抵押,未上传房本照片,此房交通便利，出门公交站，邻近地铁站、高铁站、高速口,存量房需要缴纳个人所得税1%。契税（看买方名下房屋套数决定费率）， 若买方此次购房为首套房且购买房屋为90㎡及以下，收取契税为：1%。90㎡以上契税收取：1.5%。 二套房90㎡及以下依旧收取：1%，若90㎡以上将收取2%。三套房不论面积大小契税均按照3%收取,出小区就是商场、酒店、健身馆、游乐场、大型综合商场等生活配套齐全，五洲国际广场，环球港，小湖市场，恐龙园,,,,,,此房前面是别墅，视野开阔，采光好，已经改装两房、刚需可以利用空间多，小户型，适合小两口居住,,
178,文鑫苑 98平方 毛坯 三房 楼层好 有钥匙,80万,8164,新北区璜土,文鑫苑,3室2厅1厨1卫,高楼层 (共30层),98㎡,暂无数据,暂无数据,塔楼,南,框架结构,毛坯,暂无数据,暂无数据,暂无数据,2023-10-04,商品房,暂无数据,普通住宅,暂无数据,共有,有抵押,未上传房本照片,小区新 环境好 物业管理好 安全 房子户型好通透 三朝南,契税:A首套90平以下1%B首套90平以上1.5%C二套90平以下1%D二套90平以上 2%E三套都是3%增值税:满两年免征不满2年权额征收5.3%个人所得税不满五唯一一个点,,,小区地理位置佳，绿化高，居民素质高 配套：有健身器材，可供小区居民使用 车位：停车位充足，建有地上停车场和地下车库 保安：小区内24小时保安巡逻,,,,,,"此房产权清晰,房源真实,业主诚心出售,看房方便,过户全程陪同"
179,龙城福第 2室1厅 南,66万,7918,新北区璜土,龙城福第,2室1厅1厨1卫,高楼层 (共32层),83.36㎡,暂无数据,暂无数据,板楼,南,钢混结构,毛坯,两梯四户,有,暂无数据,2023-04-09,商品房,暂无数据,普通住宅,暂无数据,非共有,无抵押,未上传房本照片,,,,,,,,,,,
180,龙城福第，三室南北流通，纯毛坯，中上楼层,107.8万,10267,新北区璜土,龙城福第,3室2厅1厨1卫,高楼层 (共33层),105㎡,暂无数据,暂无数据,板塔结合,南,钢混结构,毛坯,暂无数据,暂无数据,暂无数据,2022-10-05,商品房,暂无数据,普通住宅,暂无数据,非共有,有抵押 40万元 建设,未上传房本照片,此房交通便利，出门公交站，邻近地铁站、高铁站、高速口,存量房需要缴纳个人所得税1%。契税（看买方名下房屋套数决定费率）， 若买方此次购房为首套房且购买房屋为90㎡及以下，收取契税为：1%。90㎡以上契税收取：1.5%。 二套房90㎡及以下依旧收取：1%，若90㎡以上将收取2%。三套房不论面积大小契税均按照3%收取。,出小区就是五洲商场、连锁酒店、健身馆、游泳馆、小湖综合菜市场水产市场。,,小区位置好，邻近别墅区，人文素质高，物业管理好，安全设施齐全,,,,,,
181,金美林花园 三朝南户型  113.47平方 有钥匙,105万,9254,新北区璜土,金美林花园,3室2厅1厨1卫,中楼层 (共11层),113.47㎡,暂无数据,暂无数据,板塔结合,南,钢混结构,简装,暂无数据,暂无数据,暂无数据,2022-11-18,商品房,暂无数据,普通住宅,暂无数据,非共有,有抵押 20万元 江苏银行 业主自还,未上传房本照片,"：
恐龙园边，简装，交通便利，配套完善",存量房需要缴纳个人所得税1%。契税，若买方此次购 房为首套房且购买房屋为90㎡及以下，收取契税为：1%。90㎡以上契税收取：1.5%。 二套房90㎡及以下依旧收取：1%，若90㎡以上将收取2%。三套及以上为3%,此小区边上有玲珑菜市场，信特卖场，公交站台，BRT，生活交通便利。,,,此房总价比较低，很适合首付不够，总房价预算低的一家三口或是老人居住。,,,,,
182,文鑫苑（世纪学府）97平方 毛坯 82万 三房,82万,8417,新北区璜土,文鑫苑,3室2厅1厨1卫,中楼层 (共30层),97.43㎡,暂无数据,暂无数据,塔楼,南,框架结构,毛坯,暂无数据,暂无数据,暂无数据,2023-06-29,商品房,暂无数据,普通住宅,暂无数据,非共有,无抵押,未上传房本照片,小区环境好 次新小区 房型好 高楼层 视野开阔,契税:A首套90平以下1%B首套90平以上1.5%C二套90平以下1%D二套90平以上 2%E三套都是3%增值税:满两年免征不满2年权额征收5.3%个人所得税不满五唯一一个点,,,此小区为新小区，小区环境好，入住率百分之80，24小时安保，绿化比例2.2，适宜居住,,,,,,"此房产权清晰,房源真实,业主诚心出售,看房方便,过户全程陪同"
183,龙城福第，小高层，毛坯三房，自主装修,80万,6520,新北区璜土,龙城福第,3室2厅1厨1卫,低楼层 (共27层),122.7㎡,暂无数据,暂无数据,板塔结合,南,钢混结构,毛坯,两梯四户,有,暂无数据,2022-05-30,商品房,暂无数据,普通住宅,暂无数据,非共有,无抵押,未上传房本照片,此房交通便利，出门公交站，邻近地铁站、高铁站、高速口,存量房需要缴纳个人所得税1%。契税（看买方名下房屋套数决定费率）， 若买方此次购房为首套房且购买房屋为90㎡及以下，收取契税为：1%。90㎡以上契税收取：1.5%。 二套房90㎡及以下依旧收取：1%，若90㎡以上将收取2%。三套房不论面积大小契税均按照3%收取。,出小区就是商场、酒店、健身馆、游乐场、大型综合商场等生活配套齐全,,,,,,此房前面是别墅，视野开阔，采光好，利用空间多，外面可以钟花草,,
184,靠着 恐龙园  精装修 看房子方便 房东诚心卖,460万,24614,新北区璜土,碧桂园百兴澜庭,5室2厅1厨3卫,低楼层 (共4层),186.89㎡,,暂无数据,,南,未知结构,精装,,,暂无数据,2023-05-29,商品房,2021-12-29,别墅,暂无数据,非共有,有抵押,已上传房本照片,此房精装修  ，视野开阔，采光充足,"契税：首套房，90平米以下成交价的1％，90平米以上成交价的1.5％, 二套房90平以上成交价的2% 2、增值税：产证满2年免收增值税，未满2年征收5.6％； 3、个税：产证满五年而且是一套住房，免收个税，未满5年成交价的1%",,生活设施齐全 银行 菜场 商场 饮食 公交 地铁 近在咫尺 生活起居很方便,,,,,此房北进户南花园，地上三层 精装修  ，地下室土建已经建好 带着院子,暂无数据,
185,米兰阳光花苑 3室2厅 南 北,95万,8190,新北区璜土,米兰阳光花苑,3室2厅1厨1卫,中楼层 (共16层),116㎡,暂无数据,暂无数据,板楼,南 北,钢混结构,毛坯,暂无数据,暂无数据,暂无数据,2023-08-22,商品房,暂无数据,普通住宅,暂无数据,共有,无抵押,未上传房本照片,,,,,,,,,,,
186,江阴产权2房精装修保养好中间楼层房东诚心出售,102万,10784,新北区璜土,金美林花园,2室2厅1厨1卫,中楼层 (共11层),94.59㎡,暂无数据,暂无数据,板塔结合,南,钢混结构,精装,暂无数据,暂无数据,暂无数据,2023-03-31,商品房,暂无数据,普通住宅,暂无数据,共有,有抵押 客户偿还,未上传房本照片,此房户型好中间楼层采光好精装修保养好房东诚心出售,,,,,,,精装修，用的材料都是房东自己亲自去挑选的，家里的家具家电也都是品牌的，保养很好,全屋品牌家电家具保养好可以拎包入住户型中间楼层采光好随时可以看房,,还有少量抵押全屋品牌家电家具保养好可以拎包入住户型中间楼层采光好随时可以看房
187,环球港旁 龙城福第精装2房房东诚心出售看房方便,92万,9924,新北区璜土,龙城福第,2室1厅1厨1卫,低楼层 (共18层),92.71㎡,暂无数据,暂无数据,暂无数据,南,未知结构,简装,暂无数据,暂无数据,暂无数据,2023-07-20,商品房,暂无数据,普通住宅,暂无数据,非共有,有抵押 业主自还,未上传房本照片,"卖点：
此房格局好,南北通风户型,全天采光,户型方正视野好","税费解析：
存量房需要缴纳个人所得税1%。契税（看买方名下房屋套数决定费率）， 若买方此次购房为首套房且购买房屋为90㎡及以下，收取契税为：1%。90㎡以上契税收取：1.5%。 二套房90㎡及以下依旧收取：1%，若90㎡以上将收取2%。三套房不论面积大小契税均..","配套：
出小区就是五洲商场、连锁酒店、健身馆、游泳馆、小湖综合菜市场水产市场。",,,"适宜人群：
本房精装，明厨明卫，干湿分离，适合老人和小3口居住。随时看房",,,,,
188,碧桂园百兴澜庭，2室一卫，视野好,90万,10228,新北区璜土,碧桂园百兴澜庭,2室2厅1厨1卫,高楼层 (共9层),88㎡,暂无数据,暂无数据,暂无数据,南,未知结构,简装,暂无数据,暂无数据,暂无数据,2021-09-11,商品房,暂无数据,普通住宅,暂无数据,非共有,有抵押,未上传房本照片,百兴澜庭两房，视野开阔，好楼层，好户型，,若买方此次购 房为首套房且购买房屋为90㎡及以下，收取契税为：1%。90㎡以上契税收取：1.5%。 二套房90㎡及以下依旧收取：1%，若90㎡以上将收取2%。三套房不论面积大小契税 均按照3%,,出行方便， 小区门口就是、公交站，到常州高铁 方便 靠着恐龙园,小区出行方便 交通便利 生活舒适 出小区就有菜场和商场 很有生活气息,,,,,,
189,文鑫苑纯毛坯三房，户型方正，房东诚售,100万,10310,新北区璜土,文鑫苑,3室2厅1厨1卫,中楼层 (共30层),97㎡,暂无数据,暂无数据,塔楼,南,框架结构,毛坯,暂无数据,暂无数据,暂无数据,2023-03-09,商品房,暂无数据,普通住宅,暂无数据,非共有,无抵押,未上传房本照片,小区环境好房子新 好户型 三朝南 阳光充足,存量房需要缴纳个人所得税1%。契税（看买方名下房屋套数决定费率）， 若买方此次购房为首套房且购买房屋为90㎡及以下，收取契税为：1%。90㎡以上契税收取：1.5%。 二套房90㎡及以下依旧收取：1%，若90㎡以上将收取2%。三套房不论面积大小契税均按照3%收取,,,小区环境好 绿化高 犹如公园一般 饭后散步可不用出小区 居民素质高 物业负责，24小时安保，,,,,此房是三开间朝南，毛坯房，装修设计自由，户型好，采光很好，3室2厅1厨1卫，视野开阔,,
190,文鑫苑 3室2厅 南,95万,9794,新北区璜土,文鑫苑,3室2厅1厨1卫,低楼层 (共34层),97㎡,暂无数据,暂无数据,板楼,南,砖混结构,毛坯,两梯四户,有,暂无数据,2023-06-05,商品房,暂无数据,普通住宅,暂无数据,共有,有抵押,未上传房本照片,,,,,,,,,,,
191,五洲国际旁  龙城福第纯毛坯两房 好楼层 视野好,66万,7918,新北区璜土,龙城福第,2室1厅1厨1卫,高楼层 (共32层),83.36㎡,暂无数据,暂无数据,板楼,南,钢混结构,毛坯,两梯四户,有,暂无数据,2023-04-09,商品房,暂无数据,普通住宅,暂无数据,非共有,无抵押,未上传房本照片,小区位置方便 交通便利 房子好楼层 户型好 视野棒,存量房需要缴纳个人所得税1%。契税（看买方名下房屋套数决定费率），若买方此次购 房为首套房且购买房屋为90㎡及以下，收取契税为：1%。90㎡以上契税收取：1.5%。 二套房90㎡及以下依旧收取：1%，若90㎡以上将收取2%。三套房不论面积大小契税 均按照3%,小区交通方便 出门公交车站 生活设施齐 ，农贸菜场 商场 饮食近在咫尺 生活起居很方便,,,,纯毛坯 业主人非 常友好、热情，很有诚意出售。欢迎看房，随时恭候户型棒，成熟小区管理,,,,
192,金梅林花园精装修三房另带储藏室，房东诚心出售,97万,8435,新北区璜土,金美林花园,3室2厅1厨2卫,低楼层 (共11层),115㎡,暂无数据,暂无数据,板塔结合,南,钢混结构,精装,暂无数据,暂无数据,暂无数据,2022-11-08,商品房,暂无数据,普通住宅,暂无数据,共有,有抵押 10万元 业主自还,未上传房本照片,金梅林花园精装修三房另带储藏室，房东诚心出售,"契税：首套房，90平米以下成交价的1％，90平米以上成交价的1.5％, 二套房90平以上成交价的2% 2、增值税：产证满2年免收增值税，未满2年征收5.6％； 3、个税：产证满五年而且是一套住房，免收个税，未满5年成交价的1%",生活设施齐全 银行 菜场 商场 饮食 公交 地铁 近在咫尺 生活起居很方便,,小区环境好，物业管理好，安全配套齐全 小区绿化好，绿树成荫，鸟语花香,,,,,,
193,近龙虎塘，五洲国际对，面纯毛坯住宅诚意出售,75万,7673,新北区璜土,龙城福第,2室2厅1厨1卫,高楼层 (共18层),97.75㎡,暂无数据,暂无数据,暂无数据,南 北,未知结构,毛坯,暂无数据,暂无数据,暂无数据,2023-10-21,商品房,暂无数据,普通住宅,暂无数据,非共有,有抵押,未上传房本照片,临环球港，五洲国际，户型方正，采光好,关于税费主要与买方有关，契税根据买方名下几套房决定；首套房1.5% 二套房2% 三套房3%,,,,纯住宅房社区，比较适合在附 近上班而且购房预算不是很高的一类人群，出行方便，配套齐全，民生保障完善,,本居是纯毛坯，适合新业主个性化的装修设计，可以拓展更大的空间,,,
194,龙城福第 纯毛坯大三房 户型方正 诚心出售,108万,8948,新北区璜土,龙城福第,3室2厅1厨2卫,中楼层 (共18层),120.7㎡,暂无数据,暂无数据,暂无数据,南,未知结构,毛坯,暂无数据,暂无数据,暂无数据,2023-04-13,商品房,暂无数据,普通住宅,暂无数据,共有,有抵押 20万元,未上传房本照片,小区环境优雅，配套成熟，交通便利，居住舒适。,存量房需要缴纳个人所得税1%。契税（看买方名下房屋套数决定费率），若买方此次购 房为首套房且购买房屋为90㎡及以下，收取契税为：1%。90㎡以上契税收取：1.5%。 二套房90㎡及以下依旧收取：1%，若90㎡以上将收取2%。三套房不论面积大小契税 均按照3%..,,,生活设施齐 ，农贸菜场 商场 饮食近在咫尺 生活起居很方便。,,纯毛坯  业主人非 常友好、热情，很有诚意出售。欢迎看房，随时恭候户型棒，成熟小区管理。,,,,
195,龙城福第 93平方 精装修 110万出租中,90万,9678,新北区璜土,龙城福第,2室2厅1厨1卫,中楼层 (共18层),93㎡,暂无数据,暂无数据,板楼,南,钢混结构,精装,两梯四户,有,暂无数据,2022-09-15,商品房,暂无数据,普通住宅,暂无数据,非共有,无抵押,未上传房本照片,龙城福第，精装修，两室两厅一卫，楼层好，采光佳，交通便利,存量房需要缴纳个人所得税1%。契税（看买方名下房屋套数决定费率）， 若买方此次购房为首套房且购买房屋为90㎡及以下，契税为：1%。90㎡以上契税：1.5%。 二套房90㎡及以下依旧：1%，若90㎡以上将2%。三套房不论面积大小契税均按照3%,近有五洲国际商场，春潮购物广场，小湖市场，基本的生活设施都有。,,小区龙城福第，属于江阴产权，和常州一路之隔，地理位置优越，交通便利,,,,,,
196,龙城福第 54平方 精装 70年产权 看房方便,53万,9815,新北区璜土,龙城福第,1室2厅1厨1卫,中楼层 (共18层),54㎡,暂无数据,暂无数据,暂无数据,南,未知结构,精装,暂无数据,暂无数据,暂无数据,2023-08-16,商品房,暂无数据,普通住宅,暂无数据,非共有,无抵押,未上传房本照片,小区位置安静 房子精装修 户型好 看房随时,"契税分析:首套房90平米以下成交价的1%,90平米以上成交价的1.5%,二套房90 平以下1%,以上2%,三套房不论大小均为3%;增值税分析:产证满2年免收增值 税,未满2年征收5.3%;个税:产证满五年而且是唯套住房,免收个税,未满5 年成交价的1%。",,,,,"业主现诚心出售,证件齐,欢迎看房,随时恭候,如看中房子,价格可谈。",,本房精装，明厨明卫，干湿分离，适合老人和小3口居住。随时看房,,
197,毛胚房 户型方正  位置佳  楼层好,88万,7861,新北区璜土,龙城福第,3室2厅1厨1卫,低楼层 (共28层),111.95㎡,平层,暂无数据,板塔结合,南,钢混结构,毛坯,两梯五户,有,暂无数据,2024-01-22,商品房,2021-07-12,普通住宅,暂无数据,共有,有抵押,已上传房本照片,户型周正，格局分布合理，空间感好，通透性强，居住舒适,"契税：首套房，90平米以下成交价的1％，90平米以上成交价的1.5％, 二套房90平以上成交价的2% 2、增值税：产证满2年免收增值税，未满2年征收5.6％； 3、个税：产证满五年而且是一套住房，免收个税，未满5年成交价的1%",生活设施齐全 银行 菜场 商场 饮食 公交 地铁 近在咫尺 生活起居很方便,,小区环境好，物业管理好，安全配套齐全 小区绿化好，绿树成荫，鸟语花香,,,,,,
198,龙城福第，小户型，毛坯房，看房方便,69万,8384,新北区璜土,龙城福第,2室1厅1厨1卫,高楼层 (共33层),82.3㎡,暂无数据,暂无数据,板塔结合,南,钢混结构,简装,暂无数据,暂无数据,暂无数据,2024-02-28,商品房,2020-03-08,普通住宅,暂无数据,共有,无抵押,已上传房本照片,户型周正，格局分布合理，空间感好通透性强。,,基本设施齐全，银行菜场商场饮食公交地铁近在咫尺，起居很方便。,,小区环境好，物业管理好，安全配套齐全 小区绿化好，绿树成荫，鸟语花香,,龙虎塘旁，业主因换城市发展此房，用不到此房，诚心出售热情接待看房。,,,,
199,百兴澜庭 三房两卫 好楼层 有钥匙看房方便,108万,9558,新北区璜土,碧桂园百兴澜庭,3室2厅1厨2卫,中楼层 (共33层),113㎡,暂无数据,暂无数据,暂无数据,南,未知结构,毛坯,暂无数据,暂无数据,暂无数据,2024-02-27,商品房,暂无数据,普通住宅,暂无数据,共有,有抵押,未上传房本照片,小区环境好 位置安静 房子通风好 采光好 居住舒适,"首套房90平米以下成交价的1%,90平米以上成交价的1.5%,二套房90 平以下1%,以上2%,三套房不论大小均为3%;增值税分析:产证满2年免收增值 税,未满2年征收5.3%;个税:产证满五年而且是唯套住房,免收个税,未满5 年成交价的1%",,生活设施齐全 银行 菜场 商场 饮食 公交  近在咫尺 生活起居很方便,,,业主诚心出售，随时可以看房，产权清晰，如有看中，全程配套签约过户。,,,,
200,中间楼层，采光好，房东诚心 价格好谈，看房提前约,93万,8338,新北区璜土,龙城福第,3室2厅1厨1卫,高楼层 (共24层),111.54㎡,暂无数据,暂无数据,暂无数据,南,未知结构,精装,暂无数据,暂无数据,暂无数据,2024-03-13,商品房,暂无数据,普通住宅,暂无数据,共有,无抵押,未上传房本照片,户型周正，格局分布合理，空间感好，通透性强，居住舒适,"契税：首套房，90平米以下成交价的1％，90平米以上成交价的1.5％, 二套房90平以上成交价的2% 2、增值税：产证满2年免收增值税，未满2年征收5.6％； 3、个税：产证满五年而且是一套住房，免收个税，未满5年成交价的1%",生活设施齐全 银行 菜场 商场 饮食 公交 地铁 近在咫尺 生活起居很方便,,小区环境好，物业管理好，安全配套齐全 小区绿化好，绿树成荫，鸟语花香,,,,,,
201,户型周正，格局分布合理，空间感好 居住舒适,78万,8211,新北区璜土,龙城福第,2室2厅1厨1卫,低楼层 (共18层),95㎡,暂无数据,暂无数据,板楼,南,钢混结构,简装,两梯四户,有,暂无数据,2024-03-07,商品房,暂无数据,普通住宅,暂无数据,共有,无抵押,未上传房本照片,户型周正，格局分布合理，空间感好，通透性强，居住舒适,"契税：首套房，90平米以下成交价的1％，90平米以上成交价的1.5％, 二套房90平以上成交价的2% 2、增值税：产证满2年免收增值税，未满2年征收5.6％； 3、个税：产证满五年而且是一套住房，免收个税，未满5年成交价的1%",生活设施齐全 银行 菜场 商场 饮食 公交 地铁 近在咫尺 生活起居很方便,,小区环境好，物业管理好，安全配套齐全 小区绿化好，绿树成荫，鸟语花香,,,,,,
202,中间楼层，采光好，房东诚心 价格好谈，看房提前约,53.8万,9963,新北区璜土,龙城福第,1室1厅1厨1卫,高楼层 (共33层),54㎡,暂无数据,暂无数据,板塔结合,东北,钢混结构,精装,暂无数据,暂无数据,暂无数据,2024-03-14,商品房,暂无数据,普通住宅,暂无数据,共有,无抵押,未上传房本照片,户型周正，格局分布合理，空间感好，通透性强，居住舒适,"契税：首套房，90平米以下成交价的1％，90平米以上成交价的1.5％, 二套房90平以上成交价的2% 2、增值税：产证满2年免收增值税，未满2年征收5.6％； 3、个税：产证满五年而且是一套住房，免收个税，未满5年成交价的1%",生活设施齐全 银行 菜场 商场 饮食 公交 地铁 近在咫尺 生活起居很方便,,小区环境好，物业管理好，安全配套齐全 小区绿化好，绿树成荫，鸟语花香,,,,,,
203,好楼层  房东诚心出售   价格好谈,82万,9214,新北区璜土,龙城福第,2室2厅1厨1卫,高楼层 (共24层),89㎡,暂无数据,暂无数据,暂无数据,南,未知结构,其他,暂无数据,暂无数据,暂无数据,2024-03-07,商品房,暂无数据,普通住宅,暂无数据,共有,暂无数据,未上传房本照片,户型周正，格局分布合理，空间感好，通透性强，居住舒适,"契税：首套房，90平米以下成交价的1％，90平米以上成交价的1.5％, 二套房90平以上成交价的2% 2、增值税：产证满2年免收增值税，未满2年征收5.6％； 3、个税：产证满五年而且是一套住房，免收个税，未满5年成交价的1%",生活设施齐全 银行 菜场 商场 饮食 公交 地铁 近在咫尺 生活起居很方便,,小区环境好，物业管理好，安全配套齐全 小区绿化好，绿树成荫，鸟语花香,,,,,,
204,中间楼层 采光好 房东诚心 出售  价格好谈 看房提前约,80万,8603,新北区璜土,龙城福第,2室2厅1厨1卫,低楼层 (共18层),93㎡,暂无数据,暂无数据,板楼,南,钢混结构,其他,两梯四户,有,暂无数据,2024-03-07,商品房,暂无数据,普通住宅,暂无数据,共有,无抵押,未上传房本照片,户型周正，格局分布合理，空间感好，通透性强，居住舒适,"契税：首套房，90平米以下成交价的1％，90平米以上成交价的1.5％, 二套房90平以上成交价的2% 2、增值税：产证满2年免收增值税，未满2年征收5.6％； 3、个税：产证满五年而且是一套住房，免收个税，未满5年成交价的1%",生活设施齐全 银行 菜场 商场 饮食 公交 地铁 近在咫尺 生活起居很方便,,小区环境好，物业管理好，安全配套齐全 小区绿化好，绿树成荫，鸟语花香,,,,,,
205,金美林花园南区毛坯四房 配套齐全急售  看房有钥匙,95万,6932,新北区璜土,金美林花园,4室2厅1厨2卫,高楼层 (共11层),137.06㎡,暂无数据,暂无数据,板塔结合,南 西南,钢混结构,毛坯,暂无数据,暂无数据,暂无数据,2024-01-13,商品房,2017-06-30,普通住宅,暂无数据,非共有,有抵押 业主自还,已上传房本照片,房东急售 ，价格可谈 小高层，采光无遮挡，房东诚心.,存量房需要缴纳个人所得税1%。契税，若买方此次购 房为首套房且购买房屋为90㎡及以下，收取契税为：1%。90㎡以上契税收取：1.5%。 二套房90㎡及以下依旧收取：1%，若90㎡以上将收取2%。三套及以上为3%。,此小区边上有玲珑菜市场，信特卖场，公交站台，BRT，生活交通便利,,,此房总价比较低，很适合首付不够，总房价预算低的，适合一家三代人居住,,,,,
206,龙城福第 2室2厅 南,70万,8506,新北区璜土,龙城福第,2室2厅1厨1卫,高楼层 (共33层),82.3㎡,暂无数据,暂无数据,板塔结合,南,钢混结构,毛坯,两梯四户,有,暂无数据,2024-02-29,商品房,2021-03-26,普通住宅,暂无数据,非共有,有抵押,已上传房本照片,,,,,,,,,,,
207,单价便宜  中间楼层  采光刺眼,80万,8000,新北区璜土,龙城福第,2室2厅1厨1卫,中楼层 (共33层),100㎡,暂无数据,暂无数据,板塔结合,南,钢混结构,简装,暂无数据,暂无数据,暂无数据,2024-03-07,商品房,暂无数据,普通住宅,暂无数据,共有,无抵押,未上传房本照片,户型周正，格局分布合理，空间感好，通透性强，居住舒适,"契税：首套房，90平米以下成交价的1％，90平米以上成交价的1.5％, 二套房90平以上成交价的2% 2、增值税：产证满2年免收增值税，未满2年征收5.6％； 3、个税：产证满五年而且是一套住房，免收个税，未满5年成交价的1%",生活设施齐全 银行 菜场 商场 饮食 公交 地铁 近在咫尺 生活起居很方便,,小区环境好，物业管理好，安全配套齐全 小区绿化好，绿树成荫，鸟语花香,,,,,,
208,单价便宜  中间楼层  采光刺眼,85万,7523,新北区璜土,龙城福第,3室2厅1厨1卫,高楼层 (共18层),113㎡,暂无数据,暂无数据,暂无数据,南,未知结构,毛坯,两梯四户,有,暂无数据,2024-03-07,商品房,暂无数据,普通住宅,暂无数据,共有,无抵押,未上传房本照片,户型周正格局分布合理空间感好通透性强居住舒适,契税首套房，90平米以下成交价的1，90平米以上成交价的1.5二套房90平以上成交价的22增值税产证满2年免收增值税未满2年征收5.63个税产证满五年而且是一套住房免收个税未满5年成交价的1,生活设施齐全银行菜场商场饮食公交地铁近在咫尺生活起居很方便,,小区环境好，物业管理好，安全配套齐全 小区绿化好，绿树成荫，鸟语花香,,,,,,
209,百兴澜庭 联排别墅 户型好 位置安静 看房方便,320万,13914,新北区璜土,碧桂园百兴澜庭,4室1厅1厨3卫,低楼层 (共3层),230㎡,,暂无数据,,南,未知结构,毛坯,,,暂无数据,2024-02-29,商品房,暂无数据,别墅,暂无数据,非共有,有抵押,未上传房本照片,小区位置安静 房子联排别墅 户型好 配套全 生活方便,"首套房90平米以下成交价的1%,90平米以上成交价的1.5%,二套房90 平以下1%,以上2%,三套房不论大小均为3%;增值税分析:产证满2年免收增值 税,未满2年征收5.3%;个税:产证满五年而且是唯套住房,免收个税,未满5 年成交价的1%",生活设施齐全  菜场 商场 饮食 公交 近在咫尺 生活起居很方便,,,,业主人很友好、热情，诚心出售，成熟小区管理，证件齐全，随时签约，有钥匙看房方便,,,暂无数据,
210,米兰阳光三房 房东诚心卖 随时可以看房,90万,7982,新北区璜土,米兰阳光花苑,3室2厅1厨1卫,高楼层 (共6层),112.76㎡,暂无数据,暂无数据,暂无数据,南,未知结构,精装,暂无数据,暂无数据,暂无数据,2024-03-07,商品房,暂无数据,普通住宅,暂无数据,共有,无抵押,未上传房本照片,户型周正，格局分布合理，空间感好，通透性强，居住舒适,"契税：首套房，90平米以下成交价的1％，90平米以上成交价的1.5％, 二套房90平以上成交价的2% 2、增值税：产证满2年免收增值税，未满2年征收5.6％； 3、个税：产证满五年而且是一套住房，免收个税，未满5年成交价的1%",生活设施齐全 银行 菜场 商场 饮食 公交 地铁 近在咫尺 生活起居很方便,,小区环境好，物业管理好，安全配套齐全 小区绿化好，绿树成荫，鸟语花香,,,,,,
211,中间楼层 采光好 房东诚心 出售 价格好谈 看房提前约,90万,9575,新北区璜土,龙城福第,2室2厅1厨1卫,低楼层 (共18层),94㎡,暂无数据,暂无数据,暂无数据,南,未知结构,其他,暂无数据,暂无数据,暂无数据,2024-03-07,商品房,暂无数据,普通住宅,暂无数据,共有,暂无数据,未上传房本照片,户型周正，格局分布合理，空间感好，通透性强，居住舒适,"契税：首套房，90平米以下成交价的1％，90平米以上成交价的1.5％, 二套房90平以上成交价的2% 2、增值税：产证满2年免收增值税，未满2年征收5.6％； 3、个税：产证满五年而且是一套住房，免收个税，未满5年成交价的1%",生活设施齐全 银行 菜场 商场 饮食 公交 地铁 近在咫尺 生活起居很方便,,小区环境好，物业管理好，安全配套齐全 小区绿化好，绿树成荫，鸟语花香,,,,,,
212,中间楼层，采光好，房东诚心 出售，价格好谈，看房,73万,8796,新北区璜土,龙城福第,2室2厅1厨1卫,中楼层 (共33层),83㎡,暂无数据,暂无数据,板塔结合,南,钢混结构,简装,两梯四户,有,暂无数据,2024-03-07,商品房,暂无数据,普通住宅,暂无数据,共有,无抵押,未上传房本照片,户型周正，格局分布合理，空间感好，通透性强，居住舒适,"契税：首套房，90平米以下成交价的1％，90平米以上成交价的1.5％, 二套房90平以上成交价的2% 2、增值税：产证满2年免收增值税，未满2年征收5.6％； 3、个税：产证满五年而且是一套住房，免收个税，未满5年成交价的1%",生活设施齐全 银行 菜场 商场 饮食 公交 地铁 近在咫尺 生活起居很方便,,小区环境好，物业管理好，安全配套齐全 小区绿化好，绿树成荫，鸟语花香,,,,,,
213,单价便宜  中间楼层  采光刺眼,80万,8000,新北区璜土,龙城福第,2室2厅1厨1卫,中楼层 (共33层),100㎡,暂无数据,暂无数据,板塔结合,南,钢混结构,简装,暂无数据,暂无数据,暂无数据,2024-03-07,商品房,暂无数据,普通住宅,暂无数据,共有,无抵押,未上传房本照片,户型周正，格局分布合理，空间感好，通透性强，居住舒适,"契税：首套房，90平米以下成交价的1％，90平米以上成交价的1.5％, 二套房90平以上成交价的2% 2、增值税：产证满2年免收增值税，未满2年征收5.6％； 3、个税：产证满五年而且是一套住房，免收个税，未满5年成交价的1%",生活设施齐全 银行 菜场 商场 饮食 公交 地铁 近在咫尺 生活起居很方便,,小区环境好，物业管理好，安全配套齐全 小区绿化好，绿树成荫，鸟语花香,,,,,,
214,百兴澜庭 联排别墅 户型好 位置安静 看房方便,320万,13914,新北区璜土,碧桂园百兴澜庭,4室1厅1厨3卫,低楼层 (共3层),230㎡,,暂无数据,,南,未知结构,毛坯,,,暂无数据,2024-02-29,商品房,暂无数据,别墅,暂无数据,非共有,有抵押,未上传房本照片,小区位置安静 房子联排别墅 户型好 配套全 生活方便,"首套房90平米以下成交价的1%,90平米以上成交价的1.5%,二套房90 平以下1%,以上2%,三套房不论大小均为3%;增值税分析:产证满2年免收增值 税,未满2年征收5.3%;个税:产证满五年而且是唯套住房,免收个税,未满5 年成交价的1%",生活设施齐全  菜场 商场 饮食 公交 近在咫尺 生活起居很方便,,,,业主人很友好、热情，诚心出售，成熟小区管理，证件齐全，随时签约，有钥匙看房方便,,,暂无数据,
215,精装修   好楼层  房东诚心出售   价格好谈,80万,8248,新北区璜土,龙城福第,2室2厅1厨1卫,高楼层 (共28层),97㎡,暂无数据,暂无数据,板塔结合,南,钢混结构,精装,两梯五户,有,暂无数据,2024-03-07,商品房,暂无数据,普通住宅,暂无数据,共有,无抵押,未上传房本照片,户型周正，格局分布合理，空间感好，通透性强，居住舒适,"契税：首套房，90平米以下成交价的1％，90平米以上成交价的1.5％, 二套房90平以上成交价的2% 2、增值税：产证满2年免收增值税，未满2年征收5.6％； 3、个税：产证满五年而且是一套住房，免收个税，未满5年成交价的1%",生活设施齐全 银行 菜场 商场 饮食 公交 地铁 近在咫尺 生活起居很方便,,小区环境好，物业管理好，安全配套齐全 小区绿化好，绿树成荫，鸟语花香,,,,,,
216,房子是房东自己 装修的 真材实料 保养的好，诚心出售,89万,10723,新北区璜土,龙城福第,2室2厅1厨1卫,中楼层 (共33层),83㎡,暂无数据,暂无数据,板塔结合,南,钢混结构,精装,两梯四户,有,暂无数据,2024-03-07,商品房,暂无数据,普通住宅,暂无数据,共有,无抵押,未上传房本照片,户型周正，格局分布合理，空间感好，通透性强，居住舒适,"契税：首套房，90平米以下成交价的1％，90平米以上成交价的1.5％, 二套房90平以上成交价的2% 2、增值税：产证满2年免收增值税，未满2年征收5.6％； 3、个税：产证满五年而且是一套住房，免收个税，未满5年成交价的1%",生活设施齐全 银行 菜场 商场 饮食 公交 地铁 近在咫尺 生活起居很方便,,小区环境好，物业管理好，安全配套齐全 小区绿化好，绿树成荫，鸟语花香,,,,,,
217,单价便宜  中间楼层  采光刺眼  拎包入住,145万,11984,新北区璜土,龙城福第,4室2厅1厨1卫,高楼层 (共6层),121㎡,暂无数据,暂无数据,暂无数据,南,未知结构,精装,暂无数据,暂无数据,暂无数据,2024-03-16,商品房,暂无数据,普通住宅,暂无数据,共有,有抵押 30万元 建设银行 客户偿还,未上传房本照片,户型周正，格局分布合理，空间感好，通透性强，居住舒适,"契税：首套房，90平米以下成交价的1％，90平米以上成交价的1.5％, 二套房90平以上成交价的2% 2、增值税：产证满2年免收增值税，未满2年征收5.6％； 3、个税：产证满五年而且是一套住房，免收个税，未满5年成交价的1%",生活设施齐全 银行 菜场 商场 饮食 公交 地铁 近在咫尺 生活起居很方便,,小区环境好，物业管理好，安全配套齐全 小区绿化好，绿树成荫，鸟语花香,,,,,,
218,米兰阳光 精装2房 户型舒适 看房随时,65万,6785,新北区璜土,米兰阳光花苑,2室2厅1厨1卫,中楼层 (共15层),95.8㎡,暂无数据,暂无数据,板楼,南,钢混结构,精装,两梯三户,有,暂无数据,2024-02-29,商品房,暂无数据,普通住宅,暂无数据,非共有,无抵押,未上传房本照片,此房精装2房，通透敞亮，全天采光，有钥匙房东诚心卖,"1、契税：首套房，90平米以下成交价的1％，90平米以上成交价的1.5％, 二套房90平以上成交价的2% 2、增值税：产证满2年免收增值税，未满2年征收5.6％； 3、个税：产证满五年而且是一套住房，免收个税，未满5年成交价的1%",1、小区生活设施齐全，菜市场、银行，交通便捷； 2、小区内有健身器材，可供小区居民使用； 3、小区内停车位充足，建有地上停车场和地下车库； 4、小区内24小时保安巡逻,,,,业主房子用不到，忍痛熙售，房东人很友好、热情，成熟小区管理，生活便利，随时签约，,,,,
219,米兰阳光花苑 3室1厅 南,120万,10345,新北区璜土,米兰阳光花苑,3室1厅1厨1卫,中楼层 (共16层),116㎡,平层,暂无数据,板楼,南,钢混结构,其他,暂无数据,暂无数据,暂无数据,2024-03-21,商品房,暂无数据,普通住宅,暂无数据,非共有,暂无数据,未上传房本照片,,,,,,,,,,,
220,纯毛坯  中间楼层  采光刺眼 房东急售,85万,7025,新北区璜土,龙城福第,3室2厅1厨1卫,低楼层 (共27层),121㎡,暂无数据,暂无数据,板塔结合,南,钢混结构,毛坯,两梯四户,有,暂无数据,2024-03-07,商品房,暂无数据,普通住宅,暂无数据,共有,无抵押,未上传房本照片,户型周正，格局分布合理，空间感好，通透性强，居住舒适,"契税：首套房，90平米以下成交价的1％，90平米以上成交价的1.5％, 二套房90平以上成交价的2% 2、增值税：产证满2年免收增值税，未满2年征收5.6％； 3、个税：产证满五年而且是一套住房，免收个税，未满5年成交价的1%",生活设施齐全 银行 菜场 商场 饮食 公交 地铁 近在咫尺 生活起居很方便,,小区环境好，物业管理好，安全配套齐全 小区绿化好，绿树成荫，鸟语花香,,,,,,
221,中间楼层，采光好，房东诚心 价格好谈，看房提前约,105万,12651,新北区璜土,龙城福第,2室2厅1厨1卫,低楼层 (共33层),83㎡,暂无数据,暂无数据,板楼,南,钢混结构,精装,两梯四户,有,暂无数据,2024-03-07,商品房,暂无数据,普通住宅,暂无数据,共有,无抵押,未上传房本照片,户型周正，格局分布合理，空间感好，通透性强，居住舒适,"契税：首套房，90平米以下成交价的1％，90平米以上成交价的1.5％, 二套房90平以上成交价的2% 2、增值税：产证满2年免收增值税，未满2年征收5.6％； 3、个税：产证满五年而且是一套住房，免收个税，未满5年成交价的1%",生活设施齐全 银行 菜场 商场 饮食 公交 地铁 近在咫尺 生活起居很方便,,小区环境好，物业管理好，安全配套齐全 小区绿化好，绿树成荫，鸟语花香,,,,,,
222,文鑫苑 3室2厅 南,63万,6518,新北区璜土,文鑫苑,3室2厅1厨1卫,高楼层 (共30层),96.67㎡,暂无数据,暂无数据,平房,南,钢混结构,毛坯,三梯六户,有,暂无数据,2024-03-05,商品房,2020-08-17,普通住宅,暂无数据,非共有,有抵押,已上传房本照片,,,,,,,,,,,
223,龙城福第双拼别墅 320.27平方 毛坯 大花园,608万,18984,新北区璜土,龙城福第,4室2厅1厨3卫,低楼层 (共2层),320.27㎡,,暂无数据,,南,未知结构,毛坯,,,暂无数据,2024-03-08,商品房,暂无数据,别墅,暂无数据,共有,无抵押,未上传房本照片,户型周正，格局分布合理，空间感好，通透性强，居住舒适,"契税：首套房，90平米以下成交价的1％，90平米以上成交价的1.5％, 二套房90平以上成交价的2% 2、增值税：产证满2年免收增值税，未满2年征收5.6％； 3、个税：产证满五年而且是一套住房，免收个税，未满5年成交价的1%",生活设施齐全 银行 菜场 商场 饮食 公交 地铁 近在咫尺 生活起居很方便,,小区环境好，物业管理好，安全配套齐全 小区绿化好，绿树成荫，鸟语花香,,,,,暂无数据,
224,纯毛坯   好楼层  房东诚心出售   价格好谈,80万,8248,新北区璜土,龙城福第,2室2厅1厨1卫,低楼层 (共9层),97㎡,暂无数据,暂无数据,塔楼,南,未知结构,毛坯,一梯两户,有,暂无数据,2024-03-07,商品房,暂无数据,普通住宅,暂无数据,共有,暂无数据,未上传房本照片,户型周正，格局分布合理，空间感好，通透性强，居住舒适,"契税：首套房，90平米以下成交价的1％，90平米以上成交价的1.5％, 二套房90平以上成交价的2% 2、增值税：产证满2年免收增值税，未满2年征收5.6％； 3、个税：产证满五年而且是一套住房，免收个税，未满5年成交价的1%",生活设施齐全 银行 菜场 商场 饮食 公交 地铁 近在咫尺 生活起居很方便,,小区环境好，物业管理好，安全配套齐全 小区绿化好，绿树成荫，鸟语花香,,,,,,
225,龙城福第 120.74平方 毛坯 东边户 位置好,82万,6792,新北区璜土,龙城福第,3室2厅1厨1卫,低楼层 (共18层),120.74㎡,暂无数据,暂无数据,暂无数据,南,未知结构,毛坯,暂无数据,暂无数据,暂无数据,2024-03-04,商品房,2020-04-19,普通住宅,暂无数据,非共有,无抵押,已上传房本照片,户型周正，格局分布合理，空间感好，通透性强，居住舒适,"契税：首套房，90平米以下成交价的1％，90平米以上成交价的1.5％, 二套房90平以上成交价的2% 2、增值税：产证满2年免收增值税，未满2年征收5.6％； 3、个税：产证满五年而且是一套住房，免收个税，未满5年成交价的1%",生活设施齐全 银行 菜场 商场 饮食 公交 地铁 近在咫尺 生活起居很方便,,小区环境好，物业管理好，安全配套齐全 小区绿化好，绿树成荫，鸟语花香,,,,,,
226,碧桂园纯毛坯三房  有钥匙看房方便,80万,8360,新北区璜土,碧桂园百兴澜庭,3室2厅1厨1卫,高楼层 (共33层),95.7㎡,暂无数据,暂无数据,板楼,东,钢混结构,毛坯,两梯四户,有,暂无数据,2024-03-10,商品房,暂无数据,普通住宅,暂无数据,非共有,无抵押,未上传房本照片,小区新 绿化高 房子南北通风好 楼层好,房为首套房且购买房屋为90㎡及以下，收取契税为：1%。90㎡以上契税收取：1.5%。 二套房90㎡及以下依旧收取：1%，若90㎡以上将收取2%。三套房不论面积大小契税 均按照3%,小区出行方便 交通便利 生活舒适 出小区就有菜场和商场 很有生活气息,生活设施齐全 ，银行 菜场 商场 饮食 公交 地铁 近在咫尺， 生活起居很方便,,,,,,,
227,单价便宜  中间楼层  采光刺眼  拎包入住,72万,8182,新北区璜土,龙城福第,2室2厅1厨1卫,中楼层 (共24层),88㎡,暂无数据,暂无数据,暂无数据,南,未知结构,简装,暂无数据,暂无数据,暂无数据,2024-03-07,商品房,暂无数据,普通住宅,暂无数据,共有,无抵押,未上传房本照片,户型周正，格局分布合理，空间感好，通透性强，居住舒适,"契税：首套房，90平米以下成交价的1％，90平米以上成交价的1.5％, 二套房90平以上成交价的2% 2、增值税：产证满2年免收增值税，未满2年征收5.6％； 3、个税：产证满五年而且是一套住房，免收个税，未满5年成交价的1%",生活设施齐全 银行 菜场 商场 饮食 公交 地铁 近在咫尺 生活起居很方便,,小区环境好，物业管理好，安全配套齐全 小区绿化好，绿树成荫，鸟语花香,,,,,,
228,中间楼层  采光好 房东诚心 出售   价格好谈,98万,8463,新北区璜土,文鑫苑,3室2厅1厨1卫,中楼层 (共34层),115.81㎡,暂无数据,暂无数据,平房,南,钢混结构,其他,三梯四户,有,暂无数据,2024-03-07,商品房,暂无数据,普通住宅,暂无数据,非共有,暂无数据,未上传房本照片,户型周正，格局分布合理，空间感好，通透性强，居住舒适,"契税：首套房，90平米以下成交价的1％，90平米以上成交价的1.5％, 二套房90平以上成交价的2% 2、增值税：产证满2年免收增值税，未满2年征收5.6％； 3、个税：产证满五年而且是一套住房，免收个税，未满5年成交价的1%",生活设施齐全 银行 菜场 商场 饮食 公交 地铁 近在咫尺 生活起居很方便,,小区环境好，物业管理好，安全配套齐全 小区绿化好，绿树成荫，鸟语花香,,,,,,
229,单价便宜  中间楼层  采光刺眼  拎包入住,83万,9941,新北区璜土,龙城福第,2室2厅1厨1卫,低楼层 (共32层),83.5㎡,暂无数据,暂无数据,板楼,南,钢混结构,精装,两梯四户,有,暂无数据,2024-03-07,商品房,暂无数据,普通住宅,暂无数据,共有,有抵押 8万元 建设银行 业主自还,未上传房本照片,户型周正，格局分布合理，空间感好，通透性强，居住舒适,"契税：首套房，90平米以下成交价的1％，90平米以上成交价的1.5％, 二套房90平以上成交价的2% 2、增值税：产证满2年免收增值税，未满2年征收5.6％； 3、个税：产证满五年而且是一套住房，免收个税，未满5年成交价的1%",生活设施齐全 银行 菜场 商场 饮食 公交 地铁 近在咫尺 生活起居很方便,,小区环境好，物业管理好，安全配套齐全 小区绿化好，绿树成荫，鸟语花香,,,,,,
230,文鑫苑（世纪学府）次新房 楼层好 东边户116平方 85万,85万,7328,新北区璜土,文鑫苑,3室2厅1厨2卫,中楼层 (共30层),116㎡,暂无数据,暂无数据,平房,南,钢混结构,毛坯,三梯六户,有,暂无数据,2024-02-29,商品房,暂无数据,普通住宅,暂无数据,非共有,无抵押,未上传房本照片,户型周正，格局分布合理，空间感好，通透性强，居住舒适,"契税：首套房，90平米以下成交价的1％，90平米以上成交价的1.5％, 二套房90平以上成交价的2% 2、增值税：产证满2年免收增值税，未满2年征收5.6％； 3、个税：产证满五年而且是一套住房，免收个税，未满5年成交价的1%",生活设施齐全 银行 菜场 商场 饮食 公交 地铁 近在咫尺 生活起居很方便,,小区环境好，物业管理好，安全配套齐全 小区绿化好，绿树成荫，鸟语花香,,,,,,
231,单价便宜  中间楼层  采光刺眼  拎包入住,92万,8071,新北区璜土,龙城福第,3室2厅1厨1卫,低楼层 (共32层),114㎡,暂无数据,暂无数据,板楼,南,钢混结构,毛坯,两梯四户,有,暂无数据,2024-03-07,商品房,暂无数据,普通住宅,暂无数据,共有,无抵押,未上传房本照片,户型周正，格局分布合理，空间感好，通透性强，居住舒适,"契税：首套房，90平米以下成交价的1％，90平米以上成交价的1.5％, 二套房90平以上成交价的2% 2、增值税：产证满2年免收增值税，未满2年征收5.6％； 3、个税：产证满五年而且是一套住房，免收个税，未满5年成交价的1%",生活设施齐全 银行 菜场 商场 饮食 公交 地铁 近在咫尺 生活起居很方便,,小区环境好，物业管理好，安全配套齐全 小区绿化好，绿树成荫，鸟语花香,,,,,,
232,单价便宜  中间楼层  采光刺眼  拎包入住,75万,8005,新北区璜土,龙城福第,2室2厅1厨1卫,中楼层 (共18层),93.7㎡,暂无数据,暂无数据,暂无数据,南,未知结构,精装,暂无数据,暂无数据,暂无数据,2024-03-07,商品房,暂无数据,普通住宅,暂无数据,共有,无抵押,未上传房本照片,户型周正，格局分布合理，空间感好，通透性强，居住舒适,"契税：首套房，90平米以下成交价的1％，90平米以上成交价的1.5％, 二套房90平以上成交价的2% 2、增值税：产证满2年免收增值税，未满2年征收5.6％； 3、个税：产证满五年而且是一套住房，免收个税，未满5年成交价的1%",生活设施齐全 银行 菜场 商场 饮食 公交 地铁 近在咫尺 生活起居很方便,,小区环境好，物业管理好，安全配套齐全 小区绿化好，绿树成荫，鸟语花香,,,,,,
233,文鑫苑 2室2厅 南,90万,9279,新北区璜土,文鑫苑,2室2厅1厨1卫,高楼层 (共30层),97㎡,暂无数据,暂无数据,塔楼,南,框架结构,精装,暂无数据,暂无数据,暂无数据,2024-03-17,商品房,暂无数据,普通住宅,暂无数据,非共有,有抵押,未上传房本照片,,,,,,,,,,,
234,中间楼层 采光好 房东诚心 价格好谈 看房提前约,115万,10000,新北区璜土,龙城福第,3室2厅1厨1卫,低楼层 (共33层),115㎡,暂无数据,暂无数据,暂无数据,南,未知结构,精装,两梯四户,有,暂无数据,2024-03-07,商品房,暂无数据,普通住宅,暂无数据,共有,无抵押,未上传房本照片,户型周正，格局分布合理，空间感好，通透性强，居住舒适,"契税：首套房，90平米以下成交价的1％，90平米以上成交价的1.5％, 二套房90平以上成交价的2% 2、增值税：产证满2年免收增值税，未满2年征收5.6％； 3、个税：产证满五年而且是一套住房，免收个税，未满5年成交价的1%",生活设施齐全 银行 菜场 商场 饮食 公交 地铁 近在咫尺 生活起居很方便,,小区环境好，物业管理好，安全配套齐全 小区绿化好，绿树成荫，鸟语花香,,,,,,
235,中间楼层  采光好 房东诚心 出售价格好谈 看房提前约,49万,8910,新北区璜土,龙城福第,1室1厅1厨1卫,高楼层 (共18层),55㎡,暂无数据,暂无数据,板塔结合,东北,钢混结构,其他,暂无数据,暂无数据,暂无数据,2024-03-07,商品房,暂无数据,普通住宅,暂无数据,共有,有抵押 32万元 建设银行 客户偿还,未上传房本照片,户型周正，格局分布合理，空间感好，通透性强，居住舒适,"契税：首套房，90平米以下成交价的1％，90平米以上成交价的1.5％, 二套房90平以上成交价的2% 2、增值税：产证满2年免收增值税，未满2年征收5.6％； 3、个税：产证满五年而且是一套住房，免收个税，未满5年成交价的1%",生活设施齐全 银行 菜场 商场 饮食 公交 地铁 近在咫尺 生活起居很方便,,小区环境好，物业管理好，安全配套齐全 小区绿化好，绿树成荫，鸟语花香,,,,,,
236,金美林花园 3室2厅 南,90万,7143,新北区璜土,金美林花园,3室2厅1厨2卫,低楼层 (共10层),126㎡,暂无数据,暂无数据,平房,南,钢混结构,精装,暂无数据,暂无数据,暂无数据,2024-03-19,商品房,暂无数据,普通住宅,暂无数据,非共有,无抵押,未上传房本照片,,,,,,,,,,,
237,纯毛坯   好楼层  房东诚心出售   价格好谈,70万,7292,新北区璜土,龙城福第,2室2厅1厨1卫,低楼层 (共18层),96㎡,暂无数据,暂无数据,暂无数据,南,未知结构,简装,暂无数据,暂无数据,暂无数据,2024-03-07,商品房,暂无数据,普通住宅,暂无数据,共有,无抵押,未上传房本照片,户型周正，格局分布合理，空间感好，通透性强，居住舒适,"契税：首套房，90平米以下成交价的1％，90平米以上成交价的1.5％, 二套房90平以上成交价的2% 2、增值税：产证满2年免收增值税，未满2年征收5.6％； 3、个税：产证满五年而且是一套住房，免收个税，未满5年成交价的1%",生活设施齐全 银行 菜场 商场 饮食 公交 地铁 近在咫尺 生活起居很方便,,小区环境好，物业管理好，安全配套齐全 小区绿化好，绿树成荫，鸟语花香,,,,,,
238,纯毛坯   好楼层  房东诚心出售   价格好谈,82万,8200,新北区璜土,龙城福第,2室2厅1厨1卫,低楼层 (共28层),100㎡,暂无数据,暂无数据,板塔结合,东北,钢混结构,其他,两梯五户,有,暂无数据,2024-03-07,商品房,暂无数据,普通住宅,暂无数据,非共有,暂无数据,未上传房本照片,户型周正，格局分布合理，空间感好，通透性强，居住舒适,"契税：首套房，90平米以下成交价的1％，90平米以上成交价的1.5％, 二套房90平以上成交价的2% 2、增值税：产证满2年免收增值税，未满2年征收5.6％； 3、个税：产证满五年而且是一套住房，免收个税，未满5年成交价的1%",生活设施齐全 银行 菜场 商场 饮食 公交 地铁 近在咫尺 生活起居很方便,,小区环境好，物业管理好，安全配套齐全 小区绿化好，绿树成荫，鸟语花香,,,,,,
239,中间楼层，采光好，房东诚心 出售，看房提前约,53万,10129,新北区璜土,龙城福第,1室1厅1厨1卫,中楼层 (共18层),52.33㎡,暂无数据,暂无数据,板塔结合,南,钢混结构,简装,暂无数据,暂无数据,暂无数据,2024-03-17,商品房,暂无数据,普通住宅,暂无数据,共有,无抵押,未上传房本照片,户型周正，格局分布合理，空间感好，通透性强，居住舒适,"契税：首套房，90平米以下成交价的1％，90平米以上成交价的1.5％, 二套房90平以上成交价的2% 2、增值税：产证满2年免收增值税，未满2年征收5.6％； 3、个税：产证满五年而且是一套住房，免收个税，未满5年成交价的1%",生活设施齐全 银行 菜场 商场 饮食 公交 地铁 近在咫尺 生活起居很方便,,小区环境好，物业管理好，安全配套齐全 小区绿化好，绿树成荫，鸟语花香,,,,,,
240,龙城福第 3室2厅 南,85万,7884,新北区璜土,龙城福第,3室2厅1厨1卫,中楼层 (共18层),107.82㎡,暂无数据,暂无数据,板塔结合,南,钢混结构,简装,暂无数据,暂无数据,暂无数据,2024-03-06,商品房,暂无数据,普通住宅,暂无数据,非共有,无抵押,未上传房本照片,,,,,,,,,,,
241,米兰阳光花苑 楼层好 95.8平方,70万,7363,新北区璜土,米兰阳光花苑,3室2厅1厨1卫,中楼层 (共15层),95.08㎡,暂无数据,暂无数据,平房,南,钢混结构,毛坯,暂无数据,暂无数据,暂无数据,2024-03-06,商品房,2021-01-11,普通住宅,暂无数据,非共有,有抵押 15万元 常州工行,已上传房本照片,户型周正，格局分布合理，空间感好，通透性强，居住舒适,"契税：首套房，90平米以下成交价的1％，90平米以上成交价的1.5％, 二套房90平以上成交价的2% 2、增值税：产证满2年免收增值税，未满2年征收5.6％； 3、个税：产证满五年而且是一套住房，免收个税，未满5年成交价的1%",生活设施齐全 银行 菜场 商场 饮食 公交 地铁 近在咫尺 生活起居很方便,,小区环境好，物业管理好，安全配套齐全 小区绿化好，绿树成荫，鸟语花香,,,,,,
242,中间楼层，采光好，房东诚心 价格好谈，看房提前约,100万,8696,新北区璜土,龙城福第,3室2厅1厨1卫,低楼层 (共33层),115㎡,暂无数据,暂无数据,板塔结合,南,钢混结构,精装,暂无数据,暂无数据,暂无数据,2024-03-07,商品房,暂无数据,普通住宅,暂无数据,共有,无抵押,未上传房本照片,户型周正，格局分布合理，空间感好，通透性强，居住舒适,"契税：首套房，90平米以下成交价的1％，90平米以上成交价的1.5％, 二套房90平以上成交价的2% 2、增值税：产证满2年免收增值税，未满2年征收5.6％； 3、个税：产证满五年而且是一套住房，免收个税，未满5年成交价的1%",生活设施齐全 银行 菜场 商场 饮食 公交 地铁 近在咫尺 生活起居很方便,,小区环境好，物业管理好，安全配套齐全 小区绿化好，绿树成荫，鸟语花香,,,,,,
243,文鑫苑 3室2厅 南,80万,8276,新北区璜土,文鑫苑,3室2厅1厨1卫,中楼层 (共30层),96.67㎡,暂无数据,暂无数据,平房,南,钢混结构,毛坯,三梯六户,有,暂无数据,2023-12-01,商品房,2020-05-29,普通住宅,暂无数据,共有,无抵押,已上传房本照片,,,,,,,,,,,
244,采光好 房东诚心出售   价格好谈,60万,7229,新北区璜土,龙城福第,2室2厅1厨1卫,低楼层 (共33层),83㎡,暂无数据,暂无数据,板楼,南,钢混结构,简装,两梯四户,有,暂无数据,2024-03-07,商品房,暂无数据,普通住宅,暂无数据,共有,暂无数据,未上传房本照片,户型周正，格局分布合理，空间感好，通透性强，居住舒适,"契税：首套房，90平米以下成交价的1％，90平米以上成交价的1.5％, 二套房90平以上成交价的2% 2、增值税：产证满2年免收增值税，未满2年征收5.6％； 3、个税：产证满五年而且是一套住房，免收个税，未满5年成交价的1%",生活设施齐全 银行 菜场 商场 饮食 公交 地铁 近在咫尺 生活起居很方便,,小区环境好，物业管理好，安全配套齐全 小区绿化好，绿树成荫，鸟语花香,,,,,,
245,文鑫苑 3室2厅 南,93万,8018,新北区璜土,文鑫苑,3室2厅1厨2卫,低楼层 (共34层),116㎡,暂无数据,暂无数据,平房,南,钢混结构,毛坯,三梯四户,有,暂无数据,2024-02-29,商品房,暂无数据,普通住宅,暂无数据,共有,无抵押,未上传房本照片,,,,,,,,,,,
246,世纪学府 96.67平方 毛坯 三房 看上可谈,75万,7759,新北区璜土,文鑫苑,3室2厅1厨1卫,低楼层 (共30层),96.67㎡,暂无数据,暂无数据,平房,南,钢混结构,毛坯,三梯六户,有,暂无数据,2024-01-09,商品房,2021-01-08,普通住宅,暂无数据,共有,无抵押,已上传房本照片,小区新 环境好 物业管理好 安全 房子户型好通透 三朝南,契税:A首套90平以下1%B首套90平以上1.5%C二套90平以下1%D二套90平以上 2%E三套都是3%增值税:满两年免征不满2年权额征收5.3%个人所得税不满五唯一一个点,,,小区地理位置佳，绿化高，居民素质高 配套：有健身器材，可供小区居民使用 车位：停车位充足，建有地上停车场和地下车库 保安：小区内24小时保安巡逻,,,,,,"此房产权清晰,房源真实,业主诚心出售,看房方便,过户全程陪同"
247,纯毛坯   好楼层  房东诚心出售   价格好谈,90万,7439,新北区璜土,龙城福第,3室2厅1厨2卫,中楼层 (共33层),121㎡,暂无数据,暂无数据,板塔结合,南,钢混结构,毛坯,暂无数据,暂无数据,暂无数据,2024-03-07,商品房,暂无数据,普通住宅,暂无数据,共有,无抵押,未上传房本照片,户型周正，格局分布合理，空间感好，通透性强，居住舒适,"契税：首套房，90平米以下成交价的1％，90平米以上成交价的1.5％, 二套房90平以上成交价的2% 2、增值税：产证满2年免收增值税，未满2年征收5.6％； 3、个税：产证满五年而且是一套住房，免收个税，未满5年成交价的1%",生活设施齐全 银行 菜场 商场 饮食 公交 地铁 近在咫尺 生活起居很方便,,小区环境好，物业管理好，安全配套齐全 小区绿化好，绿树成荫，鸟语花香,,,,,,
248,龙城福第 3室2厅 南 北,118万,10261,新北区璜土,龙城福第,3室2厅1厨2卫,低楼层 (共6层),115㎡,暂无数据,暂无数据,暂无数据,南 北,未知结构,毛坯,暂无数据,暂无数据,暂无数据,2024-03-01,商品房,暂无数据,普通住宅,暂无数据,共有,无抵押,未上传房本照片,,,,,,,,,,,
249,单价便宜  中间楼层  采光刺眼,68万,8193,新北区璜土,龙城福第,2室2厅1厨1卫,中楼层 (共33层),83㎡,暂无数据,暂无数据,板塔结合,南,钢混结构,精装,两梯四户,有,暂无数据,2024-03-07,商品房,暂无数据,普通住宅,暂无数据,共有,无抵押,未上传房本照片,户型周正，格局分布合理，空间感好，通透性强，居住舒适,"契税：首套房，90平米以下成交价的1％，90平米以上成交价的1.5％, 二套房90平以上成交价的2% 2、增值税：产证满2年免收增值税，未满2年征收5.6％； 3、个税：产证满五年而且是一套住房，免收个税，未满5年成交价的1%",生活设施齐全 银行 菜场 商场 饮食 公交 地铁 近在咫尺 生活起居很方便,,小区环境好，物业管理好，安全配套齐全 小区绿化好，绿树成荫，鸟语花香,,,,,,
250,装修好  好楼层  房东诚心出售   价格好谈,82万,8454,新北区璜土,龙城福第,2室2厅1厨1卫,低楼层 (共18层),97㎡,暂无数据,暂无数据,板塔结合,南,钢混结构,简装,暂无数据,暂无数据,暂无数据,2024-03-07,商品房,暂无数据,普通住宅,暂无数据,共有,有抵押 28万元 建设银行 业主自还,未上传房本照片,户型周正，格局分布合理，空间感好，通透性强，居住舒适,"契税：首套房，90平米以下成交价的1％，90平米以上成交价的1.5％, 二套房90平以上成交价的2% 2、增值税：产证满2年免收增值税，未满2年征收5.6％； 3、个税：产证满五年而且是一套住房，免收个税，未满5年成交价的1%",生活设施齐全 银行 菜场 商场 饮食 公交 地铁 近在咫尺 生活起居很方便,,小区环境好，物业管理好，安全配套齐全 小区绿化好，绿树成荫，鸟语花香,,,,,,
251,好楼层  房东诚心出售   价格好谈,90万,8334,新北区璜土,龙城福第,3室2厅1厨1卫,高楼层 (共18层),108㎡,暂无数据,暂无数据,板塔结合,南,钢混结构,简装,暂无数据,暂无数据,暂无数据,2024-03-07,商品房,暂无数据,普通住宅,暂无数据,共有,无抵押,未上传房本照片,户型周正，格局分布合理，空间感好，通透性强，居住舒适,"契税：首套房，90平米以下成交价的1％，90平米以上成交价的1.5％, 二套房90平以上成交价的2% 2、增值税：产证满2年免收增值税，未满2年征收5.6％； 3、个税：产证满五年而且是一套住房，免收个税，未满5年成交价的1%",生活设施齐全 银行 菜场 商场 饮食 公交 地铁 近在咫尺 生活起居很方便,,小区环境好，物业管理好，安全配套齐全 小区绿化好，绿树成荫，鸟语花香,,,,,,
252,洋房  小区的洋房  房东诚心出售  买来就是赚到,73万,7898,新北区璜土,龙城福第,2室2厅1厨1卫,低楼层 (共6层),92.44㎡,暂无数据,暂无数据,暂无数据,南,未知结构,简装,暂无数据,暂无数据,暂无数据,2024-03-07,商品房,暂无数据,普通住宅,暂无数据,共有,无抵押,未上传房本照片,户型周正，格局分布合理，空间感好，通透性强，居住舒适,"契税：首套房，90平米以下成交价的1％，90平米以上成交价的1.5％, 二套房90平以上成交价的2% 2、增值税：产证满2年免收增值税，未满2年征收5.6％； 3、个税：产证满五年而且是一套住房，免收个税，未满5年成交价的1%",生活设施齐全 银行 菜场 商场 饮食 公交 地铁 近在咫尺 生活起居很方便,,小区环境好，物业管理好，安全配套齐全 小区绿化好，绿树成荫，鸟语花香,,,,,,
253,文馨苑三房两卫 房东诚心出售  急,97万,8363,新北区璜土,文鑫苑,3室2厅1厨2卫,中楼层 (共34层),116㎡,暂无数据,暂无数据,暂无数据,南,未知结构,其他,暂无数据,暂无数据,暂无数据,2024-03-12,商品房,暂无数据,普通住宅,暂无数据,非共有,暂无数据,未上传房本照片,户型周正，格局分布合理，空间感好，通透性强，居住舒适,"契税：首套房，90平米以下成交价的1％，90平米以上成交价的1.5％, 二套房90平以上成交价的2% 2、增值税：产证满2年免收增值税，未满2年征收5.6％； 3、个税：产证满五年而且是一套住房，免收个税，未满5年成交价的1%",生活设施齐全 银行 菜场 商场 饮食 公交 地铁 近在咫尺 生活起居很方便,,小区环境好，物业管理好，安全配套齐全 小区绿化好，绿树成荫，鸟语花香,,,,,,
254,龙城福第 5室2厅 南,800万,23881,新北区璜土,龙城福第,5室2厅1厨4卫,低楼层 (共3层),335㎡,,暂无数据,,南,未知结构,毛坯,,,暂无数据,2024-02-28,商品房,暂无数据,别墅,暂无数据,共有,有抵押,未上传房本照片,,,,,,,,,,暂无数据,
255,龙城福第 2室1厅 南,115万,12441,新北区璜土,龙城福第,2室1厅1厨1卫,低楼层 (共6层),92.44㎡,暂无数据,暂无数据,暂无数据,南,未知结构,毛坯,暂无数据,暂无数据,暂无数据,2024-02-23,商品房,2022-08-02,普通住宅,未满两年,共有,无抵押,已上传房本照片,,,,,,,,,,,
256,金美林花园 3室2厅 南,90万,8036,新北区璜土,金美林花园,3室2厅1厨1卫,中楼层 (共11层),112㎡,暂无数据,暂无数据,板塔结合,南,钢混结构,精装,暂无数据,暂无数据,暂无数据,2024-03-04,商品房,暂无数据,普通住宅,暂无数据,共有,无抵押,未上传房本照片,,,,,,,,,,,
257,刚需两房 视野采光好 业主诚心出售 价格可谈,75万,8984,新北区璜土,龙城福第,2室2厅1厨1卫,低楼层 (共33层),83.49㎡,暂无数据,暂无数据,板楼,南,钢混结构,精装,两梯四户,有,暂无数据,2023-12-24,商品房,2020-11-04,普通住宅,暂无数据,共有,无抵押,已上传房本照片,刚需两房 视野采光好 业主诚心出售 价格可谈,"契税：首套房，90平米以下成交价的1％，90平米以上成交价的1.5％, 二套房90平以上成交价的2%,2、增值税：产证满2年免收增值税，未满2年征收5.6％； 3、个税：产证满五年而且是一套住房，免收个税，未满5年成交价的1%",,,小区绿化面积大 环境优美 让你仿佛置身于公园中 楼间距大 采光好 小区物业态度好 干净整洁 安保24小时巡逻,,,,,,此房产权清晰，房源真实，业主诚心出售，过户全程陪同，格局好 视野开阔 采光充足 配套设施齐全 交通便利
